# Blender 4.5.4 LTS
# www.blender.org
mtllib capsule.mtl
o Cylinder
v 0.000000 -1.000000 -1.000000
v 0.000000 1.000000 -1.000000
v 0.195090 -1.000000 -0.980785
v 0.195090 1.000000 -0.980785
v 0.382683 -1.000000 -0.923880
v 0.382683 1.000000 -0.923880
v 0.555570 -1.000000 -0.831470
v 0.555570 1.000000 -0.831470
v 0.707107 -1.000000 -0.707107
v 0.707107 1.000000 -0.707107
v 0.831470 -1.000000 -0.555570
v 0.831470 1.000000 -0.555570
v 0.923880 -1.000000 -0.382683
v 0.923880 1.000000 -0.382683
v 0.980785 -1.000000 -0.195090
v 0.980785 1.000000 -0.195090
v 1.000000 -1.000000 0.000000
v 1.000000 1.000000 0.000000
v 0.980785 -1.000000 0.195090
v 0.980785 1.000000 0.195090
v 0.923880 -1.000000 0.382683
v 0.923880 1.000000 0.382683
v 0.831470 -1.000000 0.555570
v 0.831470 1.000000 0.555570
v 0.707107 -1.000000 0.707107
v 0.707107 1.000000 0.707107
v 0.555570 -1.000000 0.831470
v 0.555570 1.000000 0.831470
v 0.382683 -1.000000 0.923880
v 0.382683 1.000000 0.923880
v 0.195090 -1.000000 0.980785
v 0.195090 1.000000 0.980785
v 0.000000 -1.000000 1.000000
v 0.000000 1.000000 1.000000
v -0.195090 -1.000000 0.980785
v -0.195090 1.000000 0.980785
v -0.382683 -1.000000 0.923880
v -0.382683 1.000000 0.923880
v -0.555570 -1.000000 0.831470
v -0.555570 1.000000 0.831470
v -0.707107 -1.000000 0.707107
v -0.707107 1.000000 0.707107
v -0.831470 -1.000000 0.555570
v -0.831470 1.000000 0.555570
v -0.923880 -1.000000 0.382683
v -0.923880 1.000000 0.382683
v -0.980785 -1.000000 0.195090
v -0.980785 1.000000 0.195090
v -1.000000 -1.000000 0.000000
v -1.000000 1.000000 0.000000
v -0.980785 -1.000000 -0.195090
v -0.980785 1.000000 -0.195090
v -0.923880 -1.000000 -0.382683
v -0.923880 1.000000 -0.382683
v -0.831470 -1.000000 -0.555570
v -0.831470 1.000000 -0.555570
v -0.707107 -1.000000 -0.707107
v -0.707107 1.000000 -0.707107
v -0.555570 -1.000000 -0.831470
v -0.555570 1.000000 -0.831470
v -0.382683 -1.000000 -0.923880
v -0.382683 1.000000 -0.923880
v -0.195090 -1.000000 -0.980785
v -0.195090 1.000000 -0.980785
vn 0.0980 -0.0000 -0.9952
vn 0.2903 -0.0000 -0.9569
vn 0.4714 -0.0000 -0.8819
vn 0.6344 -0.0000 -0.7730
vn 0.7730 -0.0000 -0.6344
vn 0.8819 -0.0000 -0.4714
vn 0.9569 -0.0000 -0.2903
vn 0.9952 -0.0000 -0.0980
vn 0.9952 -0.0000 0.0980
vn 0.9569 -0.0000 0.2903
vn 0.8819 -0.0000 0.4714
vn 0.7730 -0.0000 0.6344
vn 0.6344 -0.0000 0.7730
vn 0.4714 -0.0000 0.8819
vn 0.2903 -0.0000 0.9569
vn 0.0980 -0.0000 0.9952
vn -0.0980 -0.0000 0.9952
vn -0.2903 -0.0000 0.9569
vn -0.4714 -0.0000 0.8819
vn -0.6344 -0.0000 0.7730
vn -0.7730 -0.0000 0.6344
vn -0.8819 -0.0000 0.4714
vn -0.9569 -0.0000 0.2903
vn -0.9952 -0.0000 0.0980
vn -0.9952 -0.0000 -0.0980
vn -0.9569 -0.0000 -0.2903
vn -0.8819 -0.0000 -0.4714
vn -0.7730 -0.0000 -0.6344
vn -0.6344 -0.0000 -0.7730
vn -0.4714 -0.0000 -0.8819
vn -0.0000 1.0000 -0.0000
vn -0.2903 -0.0000 -0.9569
vn -0.0980 -0.0000 -0.9952
vn -0.0000 -1.0000 -0.0000
vt 1.000000 1.000000
vt 0.968750 0.500000
vt 1.000000 0.500000
vt 0.968750 1.000000
vt 0.937500 0.500000
vt 0.937500 1.000000
vt 0.906250 0.500000
vt 0.906250 1.000000
vt 0.875000 0.500000
vt 0.875000 1.000000
vt 0.843750 0.500000
vt 0.843750 1.000000
vt 0.812500 0.500000
vt 0.812500 1.000000
vt 0.781250 0.500000
vt 0.781250 1.000000
vt 0.750000 0.500000
vt 0.750000 1.000000
vt 0.718750 0.500000
vt 0.718750 1.000000
vt 0.687500 0.500000
vt 0.687500 1.000000
vt 0.656250 0.500000
vt 0.656250 1.000000
vt 0.625000 0.500000
vt 0.625000 1.000000
vt 0.593750 0.500000
vt 0.593750 1.000000
vt 0.562500 0.500000
vt 0.562500 1.000000
vt 0.531250 0.500000
vt 0.531250 1.000000
vt 0.500000 0.500000
vt 0.500000 1.000000
vt 0.468750 0.500000
vt 0.468750 1.000000
vt 0.437500 0.500000
vt 0.437500 1.000000
vt 0.406250 0.500000
vt 0.406250 1.000000
vt 0.375000 0.500000
vt 0.375000 1.000000
vt 0.343750 0.500000
vt 0.343750 1.000000
vt 0.312500 0.500000
vt 0.312500 1.000000
vt 0.281250 0.500000
vt 0.281250 1.000000
vt 0.250000 0.500000
vt 0.250000 1.000000
vt 0.218750 0.500000
vt 0.218750 1.000000
vt 0.187500 0.500000
vt 0.187500 1.000000
vt 0.156250 0.500000
vt 0.156250 1.000000
vt 0.125000 0.500000
vt 0.125000 1.000000
vt 0.093750 0.500000
vt 0.093750 1.000000
vt 0.062500 0.500000
vt 0.158156 0.028269
vt 0.471731 0.158156
vt 0.341844 0.471731
vt 0.062500 1.000000
vt 0.031250 0.500000
vt 0.031250 1.000000
vt 0.000000 0.500000
vt 0.796822 0.014612
vt 0.514612 0.203178
vt 0.703178 0.485388
vt 0.296822 0.485388
vt 0.250000 0.490000
vt 0.203178 0.485388
vt 0.158156 0.471731
vt 0.116663 0.449553
vt 0.080294 0.419706
vt 0.050447 0.383337
vt 0.028269 0.341844
vt 0.014612 0.296822
vt 0.010000 0.250000
vt 0.014612 0.203178
vt 0.028269 0.158156
vt 0.050447 0.116663
vt 0.080294 0.080294
vt 0.116663 0.050447
vt 0.203178 0.014612
vt 0.250000 0.010000
vt 0.296822 0.014612
vt 0.341844 0.028269
vt 0.383337 0.050447
vt 0.419706 0.080294
vt 0.449553 0.116663
vt 0.485388 0.203178
vt 0.490000 0.250000
vt 0.485388 0.296822
vt 0.471731 0.341844
vt 0.449553 0.383337
vt 0.419706 0.419706
vt 0.383337 0.449553
vt 0.000000 1.000000
vt 0.750000 0.490000
vt 0.796822 0.485388
vt 0.841844 0.471731
vt 0.883337 0.449553
vt 0.919706 0.419706
vt 0.949553 0.383337
vt 0.971731 0.341844
vt 0.985388 0.296822
vt 0.990000 0.250000
vt 0.985388 0.203178
vt 0.971731 0.158156
vt 0.949553 0.116663
vt 0.919706 0.080294
vt 0.883337 0.050447
vt 0.841844 0.028269
vt 0.750000 0.010000
vt 0.703178 0.014612
vt 0.658156 0.028269
vt 0.616663 0.050447
vt 0.580294 0.080294
vt 0.550447 0.116663
vt 0.528269 0.158156
vt 0.510000 0.250000
vt 0.514612 0.296822
vt 0.528269 0.341844
vt 0.550447 0.383337
vt 0.580294 0.419706
vt 0.616663 0.449553
vt 0.658156 0.471731
s 0
f 2/1/1 3/2/1 1/3/1
f 4/4/2 5/5/2 3/2/2
f 6/6/3 7/7/3 5/5/3
f 8/8/4 9/9/4 7/7/4
f 10/10/5 11/11/5 9/9/5
f 12/12/6 13/13/6 11/11/6
f 14/14/7 15/15/7 13/13/7
f 16/16/8 17/17/8 15/15/8
f 18/18/9 19/19/9 17/17/9
f 20/20/10 21/21/10 19/19/10
f 22/22/11 23/23/11 21/21/11
f 24/24/12 25/25/12 23/23/12
f 26/26/13 27/27/13 25/25/13
f 28/28/14 29/29/14 27/27/14
f 30/30/15 31/31/15 29/29/15
f 32/32/16 33/33/16 31/31/16
f 34/34/17 35/35/17 33/33/17
f 36/36/18 37/37/18 35/35/18
f 38/38/19 39/39/19 37/37/19
f 40/40/20 41/41/20 39/39/20
f 42/42/21 43/43/21 41/41/21
f 44/44/22 45/45/22 43/43/22
f 46/46/23 47/47/23 45/45/23
f 48/48/24 49/49/24 47/47/24
f 50/50/25 51/51/25 49/49/25
f 52/52/26 53/53/26 51/51/26
f 54/54/27 55/55/27 53/53/27
f 56/56/28 57/57/28 55/55/28
f 58/58/29 59/59/29 57/57/29
f 60/60/30 61/61/30 59/59/30
f 38/62/31 22/63/31 6/64/31
f 62/65/32 63/66/32 61/61/32
f 64/67/33 1/68/33 63/66/33
f 31/69/34 47/70/34 63/71/34
f 2/1/1 4/4/1 3/2/1
f 4/4/2 6/6/2 5/5/2
f 6/6/3 8/8/3 7/7/3
f 8/8/4 10/10/4 9/9/4
f 10/10/5 12/12/5 11/11/5
f 12/12/6 14/14/6 13/13/6
f 14/14/7 16/16/7 15/15/7
f 16/16/8 18/18/8 17/17/8
f 18/18/9 20/20/9 19/19/9
f 20/20/10 22/22/10 21/21/10
f 22/22/11 24/24/11 23/23/11
f 24/24/12 26/26/12 25/25/12
f 26/26/13 28/28/13 27/27/13
f 28/28/14 30/30/14 29/29/14
f 30/30/15 32/32/15 31/31/15
f 32/32/16 34/34/16 33/33/16
f 34/34/17 36/36/17 35/35/17
f 36/36/18 38/38/18 37/37/18
f 38/38/19 40/40/19 39/39/19
f 40/40/20 42/42/20 41/41/20
f 42/42/21 44/44/21 43/43/21
f 44/44/22 46/46/22 45/45/22
f 46/46/23 48/48/23 47/47/23
f 48/48/24 50/50/24 49/49/24
f 50/50/25 52/52/25 51/51/25
f 52/52/26 54/54/26 53/53/26
f 54/54/27 56/56/27 55/55/27
f 56/56/28 58/58/28 57/57/28
f 58/58/29 60/60/29 59/59/29
f 60/60/30 62/65/30 61/61/30
f 6/64/31 4/72/31 2/73/31
f 2/73/31 64/74/31 62/75/31
f 62/75/31 60/76/31 58/77/31
f 58/77/31 56/78/31 54/79/31
f 54/79/31 52/80/31 50/81/31
f 50/81/31 48/82/31 46/83/31
f 46/83/31 44/84/31 42/85/31
f 42/85/31 40/86/31 38/62/31
f 38/62/31 36/87/31 34/88/31
f 34/88/31 32/89/31 30/90/31
f 30/90/31 28/91/31 26/92/31
f 26/92/31 24/93/31 22/63/31
f 22/63/31 20/94/31 18/95/31
f 18/95/31 16/96/31 14/97/31
f 14/97/31 12/98/31 10/99/31
f 10/99/31 8/100/31 6/64/31
f 6/64/31 2/73/31 62/75/31
f 62/75/31 58/77/31 54/79/31
f 54/79/31 50/81/31 46/83/31
f 46/83/31 42/85/31 38/62/31
f 38/62/31 34/88/31 30/90/31
f 30/90/31 26/92/31 22/63/31
f 22/63/31 18/95/31 14/97/31
f 14/97/31 10/99/31 6/64/31
f 6/64/31 62/75/31 54/79/31
f 54/79/31 46/83/31 38/62/31
f 38/62/31 30/90/31 22/63/31
f 22/63/31 14/97/31 6/64/31
f 6/64/31 54/79/31 38/62/31
f 62/65/32 64/67/32 63/66/32
f 64/67/33 2/101/33 1/68/33
f 63/71/34 1/102/34 3/103/34
f 3/103/34 5/104/34 7/105/34
f 7/105/34 9/106/34 11/107/34
f 11/107/34 13/108/34 15/109/34
f 15/109/34 17/110/34 19/111/34
f 19/111/34 21/112/34 23/113/34
f 23/113/34 25/114/34 27/115/34
f 27/115/34 29/116/34 31/69/34
f 31/69/34 33/117/34 35/118/34
f 35/118/34 37/119/34 39/120/34
f 39/120/34 41/121/34 43/122/34
f 43/122/34 45/123/34 47/70/34
f 47/70/34 49/124/34 51/125/34
f 51/125/34 53/126/34 55/127/34
f 55/127/34 57/128/34 59/129/34
f 59/129/34 61/130/34 63/71/34
f 63/71/34 3/103/34 7/105/34
f 7/105/34 11/107/34 15/109/34
f 15/109/34 19/111/34 23/113/34
f 23/113/34 27/115/34 31/69/34
f 31/69/34 35/118/34 39/120/34
f 39/120/34 43/122/34 47/70/34
f 47/70/34 51/125/34 55/127/34
f 55/127/34 59/129/34 63/71/34
f 63/71/34 7/105/34 15/109/34
f 15/109/34 23/113/34 31/69/34
f 31/69/34 39/120/34 47/70/34
f 47/70/34 55/127/34 63/71/34
f 63/71/34 15/109/34 31/69/34
o Sphere
v 0.000000 -0.168530 -0.555570
v 0.000000 -0.444430 -0.831470
v 0.000000 -0.804910 -0.980785
v 0.000000 -1.000000 -1.000000
v 0.000000 -1.195090 -0.980785
v 0.000000 -1.555570 -0.831470
v 0.038060 -0.019215 -0.191342
v 0.074658 -0.076120 -0.375330
v 0.108386 -0.168530 -0.544895
v 0.137950 -0.292893 -0.693520
v 0.162212 -0.444430 -0.815493
v 0.180240 -0.617317 -0.906127
v 0.191342 -0.804910 -0.961940
v 0.195090 -1.000000 -0.980785
v 0.191342 -1.195090 -0.961940
v 0.180240 -1.382684 -0.906127
v 0.162212 -1.555570 -0.815493
v 0.137950 -1.707107 -0.693520
v 0.108386 -1.831470 -0.544895
v 0.074658 -1.923880 -0.375330
v 0.038060 -1.980785 -0.191342
v 0.074658 -0.019215 -0.180240
v 0.146447 -0.076120 -0.353553
v 0.212608 -0.168530 -0.513280
v 0.270598 -0.292893 -0.653281
v 0.318190 -0.444430 -0.768178
v 0.353553 -0.617317 -0.853553
v 0.375330 -0.804910 -0.906127
v 0.382683 -1.000000 -0.923879
v 0.375330 -1.195090 -0.906127
v 0.353553 -1.382684 -0.853553
v 0.318190 -1.555570 -0.768178
v 0.270598 -1.707107 -0.653281
v 0.212608 -1.831470 -0.513280
v 0.146447 -1.923880 -0.353553
v 0.074658 -1.980785 -0.180240
v 0.108386 -0.019215 -0.162212
v 0.212608 -0.076120 -0.318190
v 0.308658 -0.168530 -0.461940
v 0.392847 -0.292893 -0.587938
v 0.461940 -0.444430 -0.691342
v 0.513280 -0.617317 -0.768178
v 0.544895 -0.804910 -0.815493
v 0.555570 -1.000000 -0.831469
v 0.544895 -1.195090 -0.815493
v 0.513280 -1.382684 -0.768178
v 0.461940 -1.555570 -0.691342
v 0.392847 -1.707107 -0.587938
v 0.308658 -1.831470 -0.461940
v 0.212608 -1.923880 -0.318190
v 0.108386 -1.980785 -0.162212
v 0.137950 -0.019215 -0.137950
v 0.270598 -0.076120 -0.270598
v 0.392847 -0.168530 -0.392847
v 0.500000 -0.292893 -0.500000
v 0.587938 -0.444430 -0.587938
v 0.653281 -0.617317 -0.653281
v 0.693520 -0.804910 -0.693520
v 0.707107 -1.000000 -0.707107
v 0.693520 -1.195090 -0.693520
v 0.653281 -1.382684 -0.653281
v 0.587938 -1.555570 -0.587938
v 0.500000 -1.707107 -0.500000
v 0.392847 -1.831470 -0.392847
v 0.270598 -1.923880 -0.270598
v 0.137950 -1.980785 -0.137950
v 0.162212 -0.019215 -0.108386
v 0.318190 -0.076120 -0.212608
v 0.461940 -0.168530 -0.308658
v 0.587938 -0.292893 -0.392847
v 0.691342 -0.444430 -0.461940
v 0.768178 -0.617317 -0.513280
v 0.815493 -0.804910 -0.544895
v 0.831470 -1.000000 -0.555570
v 0.815493 -1.195090 -0.544895
v 0.768178 -1.382684 -0.513280
v 0.691342 -1.555570 -0.461940
v 0.587938 -1.707107 -0.392847
v 0.461940 -1.831470 -0.308658
v 0.318190 -1.923880 -0.212608
v 0.162212 -1.980785 -0.108386
v 0.000000 0.000000 0.000000
v 0.180240 -0.019215 -0.074658
v 0.353553 -0.076120 -0.146447
v 0.513280 -0.168530 -0.212607
v 0.653281 -0.292893 -0.270598
v 0.768178 -0.444430 -0.318190
v 0.853553 -0.617317 -0.353553
v 0.906127 -0.804910 -0.375330
v 0.923879 -1.000000 -0.382683
v 0.906127 -1.195090 -0.375330
v 0.853553 -1.382684 -0.353553
v 0.768178 -1.555570 -0.318190
v 0.653281 -1.707107 -0.270598
v 0.513280 -1.831470 -0.212607
v 0.353553 -1.923880 -0.146447
v 0.180240 -1.980785 -0.074658
v 0.191342 -0.019215 -0.038060
v 0.375330 -0.076120 -0.074658
v 0.544895 -0.168530 -0.108386
v 0.693520 -0.292893 -0.137950
v 0.815493 -0.444430 -0.162212
v 0.906127 -0.617317 -0.180240
v 0.961940 -0.804910 -0.191342
v 0.980785 -1.000000 -0.195090
v 0.961940 -1.195090 -0.191342
v 0.906127 -1.382684 -0.180240
v 0.815493 -1.555570 -0.162212
v 0.693520 -1.707107 -0.137950
v 0.544895 -1.831470 -0.108386
v 0.375330 -1.923880 -0.074658
v 0.191342 -1.980785 -0.038060
v 0.195090 -0.019215 0.000000
v 0.382683 -0.076120 0.000000
v 0.555570 -0.168530 0.000000
v 0.707107 -0.292893 -0.000000
v 0.831469 -0.444430 0.000000
v 0.923879 -0.617317 -0.000000
v 0.980785 -0.804910 0.000000
v 1.000000 -1.000000 0.000000
v 0.980785 -1.195090 0.000000
v 0.923879 -1.382684 -0.000000
v 0.831469 -1.555570 0.000000
v 0.707107 -1.707107 -0.000000
v 0.555570 -1.831470 0.000000
v 0.382683 -1.923880 0.000000
v 0.195090 -1.980785 0.000000
v 0.191342 -0.019215 0.038060
v 0.375330 -0.076120 0.074658
v 0.544895 -0.168530 0.108386
v 0.693520 -0.292893 0.137950
v 0.815493 -0.444430 0.162212
v 0.906127 -0.617317 0.180240
v 0.961940 -0.804910 0.191342
v 0.980785 -1.000000 0.195090
v 0.961940 -1.195090 0.191342
v 0.906127 -1.382684 0.180240
v 0.815493 -1.555570 0.162212
v 0.693520 -1.707107 0.137950
v 0.544895 -1.831470 0.108386
v 0.375330 -1.923880 0.074658
v 0.191342 -1.980785 0.038060
v 0.180240 -0.019215 0.074658
v 0.353553 -0.076120 0.146447
v 0.513280 -0.168530 0.212608
v 0.653281 -0.292893 0.270598
v 0.768178 -0.444430 0.318190
v 0.853553 -0.617317 0.353553
v 0.906127 -0.804910 0.375330
v 0.923879 -1.000000 0.382683
v 0.906127 -1.195090 0.375330
v 0.853553 -1.382684 0.353553
v 0.768178 -1.555570 0.318190
v 0.653281 -1.707107 0.270598
v 0.513280 -1.831470 0.212608
v 0.353553 -1.923880 0.146447
v 0.180240 -1.980785 0.074658
v 0.162212 -0.019215 0.108386
v 0.318190 -0.076120 0.212608
v 0.461940 -0.168530 0.308658
v 0.587938 -0.292893 0.392847
v 0.691341 -0.444430 0.461940
v 0.768178 -0.617317 0.513280
v 0.815493 -0.804910 0.544895
v 0.831469 -1.000000 0.555570
v 0.815493 -1.195090 0.544895
v 0.768178 -1.382684 0.513280
v 0.691341 -1.555570 0.461940
v 0.587938 -1.707107 0.392847
v 0.461940 -1.831470 0.308658
v 0.318190 -1.923880 0.212608
v 0.162212 -1.980785 0.108386
v 0.137950 -0.019215 0.137950
v 0.270598 -0.076120 0.270598
v 0.392847 -0.168530 0.392847
v 0.500000 -0.292893 0.500000
v 0.587938 -0.444430 0.587938
v 0.653281 -0.617317 0.653281
v 0.693520 -0.804910 0.693520
v 0.707106 -1.000000 0.707107
v 0.693520 -1.195090 0.693520
v 0.653281 -1.382684 0.653281
v 0.587938 -1.555570 0.587938
v 0.500000 -1.707107 0.500000
v 0.392847 -1.831470 0.392847
v 0.270598 -1.923880 0.270598
v 0.137950 -1.980785 0.137950
v 0.108386 -0.019215 0.162212
v 0.212607 -0.076120 0.318190
v 0.308658 -0.168530 0.461940
v 0.392847 -0.292893 0.587938
v 0.461940 -0.444430 0.691342
v 0.513280 -0.617317 0.768178
v 0.544895 -0.804910 0.815493
v 0.555570 -1.000000 0.831469
v 0.544895 -1.195090 0.815493
v 0.513280 -1.382684 0.768178
v 0.461940 -1.555570 0.691342
v 0.392847 -1.707107 0.587938
v 0.308658 -1.831470 0.461940
v 0.212607 -1.923880 0.318190
v 0.108386 -1.980785 0.162212
v 0.074658 -0.019215 0.180240
v 0.146447 -0.076120 0.353553
v 0.212607 -0.168530 0.513280
v 0.270598 -0.292893 0.653281
v 0.318189 -0.444430 0.768178
v 0.353553 -0.617317 0.853553
v 0.375330 -0.804910 0.906127
v 0.382683 -1.000000 0.923879
v 0.375330 -1.195090 0.906127
v 0.353553 -1.382684 0.853553
v 0.318189 -1.555570 0.768178
v 0.270598 -1.707107 0.653281
v 0.212607 -1.831470 0.513280
v 0.146447 -1.923880 0.353553
v 0.074658 -1.980785 0.180240
v 0.038060 -0.019215 0.191342
v 0.074658 -0.076120 0.375330
v 0.108386 -0.168530 0.544895
v 0.137950 -0.292893 0.693520
v 0.162212 -0.444430 0.815493
v 0.180240 -0.617317 0.906127
v 0.191342 -0.804910 0.961939
v 0.195090 -1.000000 0.980785
v 0.191342 -1.195090 0.961939
v 0.180240 -1.382684 0.906127
v 0.162212 -1.555570 0.815493
v 0.137950 -1.707107 0.693520
v 0.108386 -1.831470 0.544895
v 0.074658 -1.923880 0.375330
v 0.038060 -1.980785 0.191342
v -0.000000 -0.019215 0.195090
v -0.000000 -0.076120 0.382683
v -0.000000 -0.168530 0.555570
v -0.000000 -0.292893 0.707107
v -0.000000 -0.444430 0.831469
v 0.000000 -0.617317 0.923879
v -0.000000 -0.804910 0.980785
v -0.000000 -1.000000 0.999999
v -0.000000 -1.195090 0.980785
v 0.000000 -1.382684 0.923879
v -0.000000 -1.555570 0.831469
v -0.000000 -1.707107 0.707107
v -0.000000 -1.831470 0.555570
v -0.000000 -1.923880 0.382683
v -0.000000 -1.980785 0.195090
v -0.038060 -0.019215 0.191342
v -0.074658 -0.076120 0.375330
v -0.108386 -0.168530 0.544895
v -0.137950 -0.292893 0.693520
v -0.162212 -0.444430 0.815493
v -0.180240 -0.617317 0.906127
v -0.191342 -0.804910 0.961939
v -0.195091 -1.000000 0.980785
v -0.191342 -1.195090 0.961939
v -0.180240 -1.382684 0.906127
v -0.162212 -1.555570 0.815493
v -0.137950 -1.707107 0.693520
v -0.108386 -1.831470 0.544895
v -0.074658 -1.923880 0.375330
v -0.038060 -1.980785 0.191342
v -0.074658 -0.019215 0.180240
v -0.146447 -0.076120 0.353553
v -0.212608 -0.168530 0.513280
v -0.270598 -0.292893 0.653281
v -0.318190 -0.444430 0.768177
v -0.353553 -0.617317 0.853553
v -0.375330 -0.804910 0.906127
v -0.382683 -1.000000 0.923879
v -0.375330 -1.195090 0.906127
v -0.353553 -1.382684 0.853553
v -0.318190 -1.555570 0.768177
v -0.270598 -1.707107 0.653281
v -0.212608 -1.831470 0.513280
v -0.146447 -1.923880 0.353553
v -0.074658 -1.980785 0.180240
v -0.108386 -0.019215 0.162212
v -0.212608 -0.076120 0.318190
v -0.308658 -0.168530 0.461939
v -0.392847 -0.292893 0.587938
v -0.461940 -0.444430 0.691341
v -0.513280 -0.617317 0.768178
v -0.544895 -0.804910 0.815493
v -0.555570 -1.000000 0.831469
v -0.544895 -1.195090 0.815493
v -0.513280 -1.382684 0.768178
v -0.461940 -1.555570 0.691341
v -0.392847 -1.707107 0.587938
v -0.308658 -1.831470 0.461939
v -0.212608 -1.923880 0.318190
v -0.108386 -1.980785 0.162212
v -0.137950 -0.019215 0.137950
v -0.270598 -0.076120 0.270598
v -0.392847 -0.168530 0.392847
v -0.500000 -0.292893 0.500000
v -0.587938 -0.444430 0.587937
v -0.653281 -0.617317 0.653281
v -0.693520 -0.804910 0.693520
v -0.707106 -1.000000 0.707106
v -0.693520 -1.195090 0.693520
v -0.653281 -1.382684 0.653281
v -0.587938 -1.555570 0.587937
v -0.500000 -1.707107 0.500000
v -0.392847 -1.831470 0.392847
v -0.270598 -1.923880 0.270598
v -0.137950 -1.980785 0.137950
v 0.000000 -2.000000 0.000000
v -0.162212 -0.019215 0.108386
v -0.318190 -0.076120 0.212607
v -0.461940 -0.168530 0.308658
v -0.587938 -0.292893 0.392847
v -0.691341 -0.444430 0.461939
v -0.768177 -0.617317 0.513280
v -0.815493 -0.804910 0.544895
v -0.831469 -1.000000 0.555569
v -0.815493 -1.195090 0.544895
v -0.768177 -1.382684 0.513280
v -0.691341 -1.555570 0.461939
v -0.587938 -1.707107 0.392847
v -0.461940 -1.831470 0.308658
v -0.318190 -1.923880 0.212607
v -0.162212 -1.980785 0.108386
v -0.180240 -0.019215 0.074658
v -0.353553 -0.076120 0.146447
v -0.513280 -0.168530 0.212607
v -0.653281 -0.292893 0.270598
v -0.768177 -0.444430 0.318189
v -0.853553 -0.617317 0.353553
v -0.906127 -0.804910 0.375330
v -0.923879 -1.000000 0.382683
v -0.906127 -1.195090 0.375330
v -0.853553 -1.382684 0.353553
v -0.768177 -1.555570 0.318189
v -0.653281 -1.707107 0.270598
v -0.513280 -1.831470 0.212607
v -0.353553 -1.923880 0.146447
v -0.180240 -1.980785 0.074658
v -0.191342 -0.019215 0.038060
v -0.375330 -0.076120 0.074658
v -0.544895 -0.168530 0.108386
v -0.693520 -0.292893 0.137950
v -0.815493 -0.444430 0.162211
v -0.906127 -0.617317 0.180240
v -0.961939 -0.804910 0.191341
v -0.980784 -1.000000 0.195090
v -0.961939 -1.195090 0.191341
v -0.906127 -1.382684 0.180240
v -0.815493 -1.555570 0.162211
v -0.693520 -1.707107 0.137950
v -0.544895 -1.831470 0.108386
v -0.375330 -1.923880 0.074658
v -0.191342 -1.980785 0.038060
v -0.195090 -0.019215 -0.000000
v -0.382683 -0.076120 -0.000000
v -0.555570 -0.168530 -0.000000
v -0.707107 -0.292893 -0.000000
v -0.831469 -0.444430 -0.000000
v -0.923879 -0.617317 -0.000000
v -0.980785 -0.804910 -0.000000
v -0.999999 -1.000000 -0.000000
v -0.980785 -1.195090 -0.000000
v -0.923879 -1.382684 -0.000000
v -0.831469 -1.555570 -0.000000
v -0.707107 -1.707107 -0.000000
v -0.555570 -1.831470 -0.000000
v -0.382683 -1.923880 -0.000000
v -0.195090 -1.980785 -0.000000
v -0.191342 -0.019215 -0.038060
v -0.375330 -0.076120 -0.074658
v -0.544895 -0.168530 -0.108386
v -0.693520 -0.292893 -0.137950
v -0.815493 -0.444430 -0.162212
v -0.906127 -0.617317 -0.180240
v -0.961939 -0.804910 -0.191342
v -0.980784 -1.000000 -0.195091
v -0.961939 -1.195090 -0.191342
v -0.906127 -1.382684 -0.180240
v -0.815493 -1.555570 -0.162212
v -0.693520 -1.707107 -0.137950
v -0.544895 -1.831470 -0.108386
v -0.375330 -1.923880 -0.074658
v -0.191342 -1.980785 -0.038060
v -0.180240 -0.019215 -0.074658
v -0.353553 -0.076120 -0.146447
v -0.513279 -0.168530 -0.212607
v -0.653281 -0.292893 -0.270598
v -0.768177 -0.444430 -0.318190
v -0.853553 -0.617317 -0.353553
v -0.906127 -0.804910 -0.375330
v -0.923878 -1.000000 -0.382683
v -0.906127 -1.195090 -0.375330
v -0.853553 -1.382684 -0.353553
v -0.768177 -1.555570 -0.318190
v -0.653281 -1.707107 -0.270598
v -0.513279 -1.831470 -0.212607
v -0.353553 -1.923880 -0.146447
v -0.180240 -1.980785 -0.074658
v -0.162212 -0.019215 -0.108386
v -0.318189 -0.076120 -0.212607
v -0.461939 -0.168530 -0.308658
v -0.587938 -0.292893 -0.392847
v -0.691341 -0.444430 -0.461940
v -0.768177 -0.617317 -0.513280
v -0.815493 -0.804910 -0.544895
v -0.831468 -1.000000 -0.555570
v -0.815493 -1.195090 -0.544895
v -0.768177 -1.382684 -0.513280
v -0.691341 -1.555570 -0.461940
v -0.587938 -1.707107 -0.392847
v -0.461939 -1.831470 -0.308658
v -0.318189 -1.923880 -0.212607
v -0.162212 -1.980785 -0.108386
v -0.137950 -0.019215 -0.137950
v -0.270598 -0.076120 -0.270598
v -0.392847 -0.168530 -0.392847
v -0.500000 -0.292893 -0.500000
v -0.587937 -0.444430 -0.587938
v -0.653281 -0.617317 -0.653281
v -0.693519 -0.804910 -0.693520
v -0.707106 -1.000000 -0.707106
v -0.693519 -1.195090 -0.693520
v -0.653281 -1.382684 -0.653281
v -0.587937 -1.555570 -0.587938
v -0.500000 -1.707107 -0.500000
v -0.392847 -1.831470 -0.392847
v -0.270598 -1.923880 -0.270598
v -0.137950 -1.980785 -0.137950
v -0.108386 -0.019215 -0.162212
v -0.212607 -0.076120 -0.318190
v -0.308658 -0.168530 -0.461939
v -0.392847 -0.292893 -0.587938
v -0.461939 -0.444430 -0.691341
v -0.513280 -0.617317 -0.768177
v -0.544895 -0.804910 -0.815493
v -0.555569 -1.000000 -0.831469
v -0.544895 -1.195090 -0.815493
v -0.513280 -1.382684 -0.768177
v -0.461939 -1.555570 -0.691341
v -0.392847 -1.707107 -0.587938
v -0.308658 -1.831470 -0.461939
v -0.212607 -1.923880 -0.318190
v -0.108386 -1.980785 -0.162212
v -0.074658 -0.019215 -0.180240
v -0.146446 -0.076120 -0.353553
v -0.212607 -0.168530 -0.513279
v -0.270598 -0.292893 -0.653281
v -0.318189 -0.444430 -0.768177
v -0.353553 -0.617317 -0.853553
v -0.375330 -0.804910 -0.906127
v -0.382683 -1.000000 -0.923879
v -0.375330 -1.195090 -0.906127
v -0.353553 -1.382684 -0.853553
v -0.318189 -1.555570 -0.768177
v -0.270598 -1.707107 -0.653281
v -0.212607 -1.831470 -0.513279
v -0.146446 -1.923880 -0.353553
v -0.074658 -1.980785 -0.180240
v -0.038060 -0.019215 -0.191342
v -0.074658 -0.076120 -0.375330
v -0.108386 -0.168530 -0.544895
v -0.137950 -0.292893 -0.693520
v -0.162211 -0.444430 -0.815493
v -0.180240 -0.617317 -0.906127
v -0.191341 -0.804910 -0.961939
v -0.195090 -1.000000 -0.980784
v -0.191341 -1.195090 -0.961939
v -0.180240 -1.382684 -0.906127
v -0.162211 -1.555570 -0.815493
v -0.137950 -1.707107 -0.693520
v -0.108386 -1.831470 -0.544895
v -0.074658 -1.923880 -0.375330
v -0.038060 -1.980785 -0.191342
v 0.000000 -0.019215 -0.195090
v 0.000000 -0.076120 -0.382683
v 0.000000 -0.292893 -0.707107
v 0.000000 -0.617317 -0.923879
v 0.000000 -1.382684 -0.923879
v 0.000000 -1.707107 -0.707107
v 0.000000 -1.831470 -0.555570
v 0.000000 -1.923880 -0.382683
v 0.000000 -1.980785 -0.195090
vn 0.0938 -0.2890 -0.9527
vn 0.0464 0.8810 -0.4709
vn 0.0865 -0.4696 -0.8786
vn 0.0624 0.7715 -0.6332
vn 0.0759 -0.6326 -0.7708
vn 0.0759 0.6326 -0.7708
vn 0.0624 -0.7715 -0.6332
vn 0.0865 0.4696 -0.8786
vn 0.0464 -0.8810 -0.4709
vn 0.0938 0.2890 -0.9527
vn 0.0286 -0.9565 -0.2902
vn 0.0975 0.0975 -0.9904
vn 0.0097 0.9951 -0.0980
vn 0.0097 -0.9951 -0.0980
vn 0.0975 -0.0976 -0.9904
vn 0.0286 0.9565 -0.2902
vn 0.2889 -0.0976 -0.9524
vn 0.0846 0.9565 -0.2790
vn 0.2779 -0.2890 -0.9161
vn 0.1374 0.8810 -0.4528
vn 0.2563 -0.4696 -0.8448
vn 0.1847 0.7715 -0.6088
vn 0.2248 -0.6326 -0.7412
vn 0.2248 0.6326 -0.7412
vn 0.1847 -0.7715 -0.6088
vn 0.2563 0.4696 -0.8448
vn 0.1374 -0.8810 -0.4528
vn 0.2779 0.2890 -0.9161
vn 0.0846 -0.9565 -0.2790
vn 0.2889 0.0976 -0.9524
vn 0.0286 0.9951 -0.0942
vn 0.0286 -0.9951 -0.0942
vn 0.2999 -0.7715 -0.5611
vn 0.4162 0.4696 -0.7786
vn 0.2230 -0.8810 -0.4173
vn 0.4513 0.2890 -0.8443
vn 0.1374 -0.9565 -0.2571
vn 0.4691 0.0975 -0.8777
vn 0.0464 0.9951 -0.0869
vn 0.0464 -0.9951 -0.0869
vn 0.4691 -0.0975 -0.8777
vn 0.1374 0.9565 -0.2571
vn 0.4513 -0.2890 -0.8443
vn 0.2231 0.8810 -0.4173
vn 0.4162 -0.4696 -0.7786
vn 0.2999 0.7715 -0.5611
vn 0.3651 -0.6326 -0.6831
vn 0.3651 0.6326 -0.6831
vn 0.1850 0.9565 -0.2254
vn 0.6073 -0.2890 -0.7400
vn 0.3002 0.8810 -0.3658
vn 0.5601 -0.4696 -0.6825
vn 0.4036 0.7715 -0.4918
vn 0.4913 -0.6326 -0.5987
vn 0.4913 0.6326 -0.5987
vn 0.4036 -0.7715 -0.4918
vn 0.5601 0.4696 -0.6825
vn 0.3002 -0.8810 -0.3658
vn 0.6073 0.2890 -0.7400
vn 0.1850 -0.9565 -0.2254
vn 0.6314 0.0975 -0.7693
vn 0.0625 0.9951 -0.0761
vn 0.0625 -0.9951 -0.0761
vn 0.6314 -0.0975 -0.7693
vn 0.6825 0.4696 -0.5601
vn 0.3658 -0.8810 -0.3002
vn 0.7400 0.2890 -0.6073
vn 0.2254 -0.9566 -0.1850
vn 0.7693 0.0975 -0.6314
vn 0.0761 0.9951 -0.0625
vn 0.0761 -0.9951 -0.0625
vn 0.7693 -0.0975 -0.6314
vn 0.2254 0.9565 -0.1850
vn 0.7400 -0.2890 -0.6073
vn 0.3658 0.8810 -0.3002
vn 0.6825 -0.4696 -0.5601
vn 0.4918 0.7715 -0.4036
vn 0.5987 -0.6326 -0.4913
vn 0.5987 0.6326 -0.4913
vn 0.4918 -0.7715 -0.4036
vn 0.8443 -0.2890 -0.4513
vn 0.4173 0.8810 -0.2230
vn 0.7786 -0.4696 -0.4162
vn 0.5611 0.7715 -0.2999
vn 0.6831 -0.6326 -0.3651
vn 0.6831 0.6326 -0.3651
vn 0.5611 -0.7715 -0.2999
vn 0.7786 0.4696 -0.4162
vn 0.4173 -0.8810 -0.2230
vn 0.8443 0.2890 -0.4513
vn 0.2571 -0.9565 -0.1374
vn 0.8777 0.0975 -0.4691
vn 0.0869 0.9951 -0.0464
vn 0.0869 -0.9951 -0.0464
vn 0.8777 -0.0975 -0.4691
vn 0.2571 0.9565 -0.1374
vn 0.4528 -0.8810 -0.1374
vn 0.9161 0.2890 -0.2779
vn 0.2790 -0.9565 -0.0846
vn 0.9524 0.0975 -0.2889
vn 0.0942 0.9951 -0.0286
vn 0.0942 -0.9951 -0.0286
vn 0.9524 -0.0975 -0.2889
vn 0.2790 0.9565 -0.0846
vn 0.9161 -0.2890 -0.2779
vn 0.4528 0.8810 -0.1374
vn 0.8448 -0.4696 -0.2563
vn 0.6088 0.7715 -0.1847
vn 0.7412 -0.6326 -0.2248
vn 0.7412 0.6326 -0.2248
vn 0.6088 -0.7715 -0.1847
vn 0.8448 0.4696 -0.2563
vn 0.8786 -0.4696 -0.0865
vn 0.6332 0.7715 -0.0624
vn 0.7708 -0.6326 -0.0759
vn 0.7708 0.6326 -0.0759
vn 0.6332 -0.7715 -0.0624
vn 0.8786 0.4696 -0.0865
vn 0.4709 -0.8810 -0.0464
vn 0.9527 0.2890 -0.0938
vn 0.2902 -0.9565 -0.0286
vn 0.9904 0.0975 -0.0975
vn 0.0980 0.9951 -0.0097
vn 0.0980 -0.9951 -0.0097
vn 0.9904 -0.0975 -0.0975
vn 0.2902 0.9565 -0.0286
vn 0.9527 -0.2890 -0.0938
vn 0.4709 0.8810 -0.0464
vn 0.2902 -0.9565 0.0286
vn 0.9904 0.0975 0.0976
vn 0.0980 0.9951 0.0097
vn 0.0980 -0.9951 0.0097
vn 0.9904 -0.0975 0.0976
vn 0.2902 0.9565 0.0286
vn 0.9527 -0.2890 0.0938
vn 0.4709 0.8810 0.0464
vn 0.8786 -0.4696 0.0865
vn 0.6332 0.7715 0.0624
vn 0.7708 -0.6326 0.0759
vn 0.7708 0.6326 0.0759
vn 0.6332 -0.7715 0.0624
vn 0.8786 0.4696 0.0865
vn 0.4709 -0.8810 0.0464
vn 0.9527 0.2890 0.0938
vn 0.6088 0.7715 0.1847
vn 0.7412 -0.6326 0.2248
vn 0.7412 0.6326 0.2248
vn 0.6088 -0.7715 0.1847
vn 0.8448 0.4696 0.2563
vn 0.4528 -0.8810 0.1374
vn 0.9161 0.2890 0.2779
vn 0.2790 -0.9565 0.0846
vn 0.9524 0.0975 0.2889
vn 0.0942 0.9951 0.0286
vn 0.0942 -0.9951 0.0286
vn 0.9524 -0.0975 0.2889
vn 0.2790 0.9565 0.0846
vn 0.9161 -0.2890 0.2779
vn 0.4528 0.8810 0.1374
vn 0.8448 -0.4696 0.2563
vn 0.8777 0.0975 0.4691
vn 0.0869 0.9951 0.0464
vn 0.0869 -0.9951 0.0464
vn 0.8777 -0.0975 0.4691
vn 0.2571 0.9565 0.1374
vn 0.8443 -0.2890 0.4513
vn 0.4173 0.8810 0.2231
vn 0.7786 -0.4696 0.4162
vn 0.5611 0.7715 0.2999
vn 0.6831 -0.6326 0.3651
vn 0.6831 0.6326 0.3651
vn 0.5611 -0.7715 0.2999
vn 0.7786 0.4696 0.4162
vn 0.4173 -0.8810 0.2230
vn 0.8443 0.2890 0.4513
vn 0.2571 -0.9565 0.1374
vn 0.5987 -0.6326 0.4913
vn 0.5987 0.6326 0.4913
vn 0.4918 -0.7715 0.4036
vn 0.6825 0.4696 0.5601
vn 0.3658 -0.8810 0.3002
vn 0.7400 0.2890 0.6073
vn 0.2254 -0.9565 0.1850
vn 0.7693 0.0975 0.6314
vn 0.0761 0.9951 0.0625
vn 0.0761 -0.9951 0.0625
vn 0.7693 -0.0975 0.6314
vn 0.2254 0.9565 0.1850
vn 0.7400 -0.2890 0.6073
vn 0.3658 0.8810 0.3002
vn 0.6825 -0.4696 0.5601
vn 0.4918 0.7715 0.4036
vn 0.0625 0.9951 0.0761
vn 0.0625 -0.9951 0.0761
vn 0.6314 -0.0975 0.7693
vn 0.1850 0.9565 0.2254
vn 0.6073 -0.2890 0.7400
vn 0.3002 0.8810 0.3658
vn 0.5601 -0.4696 0.6825
vn 0.4036 0.7715 0.4918
vn 0.4913 -0.6326 0.5987
vn 0.4913 0.6326 0.5987
vn 0.4036 -0.7715 0.4918
vn 0.5601 0.4696 0.6825
vn 0.3002 -0.8810 0.3658
vn 0.6073 0.2890 0.7400
vn 0.1850 -0.9565 0.2254
vn 0.6314 0.0975 0.7693
vn 0.3651 0.6326 0.6831
vn 0.2999 -0.7715 0.5611
vn 0.4162 0.4696 0.7786
vn 0.2230 -0.8810 0.4173
vn 0.4513 0.2890 0.8443
vn 0.1374 -0.9565 0.2571
vn 0.4691 0.0975 0.8777
vn 0.0464 0.9951 0.0869
vn 0.0464 -0.9951 0.0869
vn 0.4691 -0.0975 0.8777
vn 0.1374 0.9565 0.2571
vn 0.4513 -0.2890 0.8443
vn 0.2230 0.8810 0.4173
vn 0.4162 -0.4696 0.7786
vn 0.2999 0.7715 0.5611
vn 0.3651 -0.6326 0.6831
vn 0.2889 -0.0975 0.9524
vn 0.0846 0.9565 0.2790
vn 0.2779 -0.2890 0.9161
vn 0.1374 0.8810 0.4528
vn 0.2563 -0.4696 0.8448
vn 0.1847 0.7715 0.6088
vn 0.2248 -0.6326 0.7412
vn 0.2248 0.6326 0.7412
vn 0.1847 -0.7715 0.6088
vn 0.2563 0.4696 0.8448
vn 0.1374 -0.8810 0.4528
vn 0.2779 0.2890 0.9161
vn 0.0846 -0.9565 0.2790
vn 0.2889 0.0975 0.9524
vn 0.0286 0.9951 0.0942
vn 0.0286 -0.9951 0.0942
vn 0.0624 -0.7715 0.6332
vn 0.0865 0.4696 0.8786
vn 0.0464 -0.8810 0.4709
vn 0.0938 0.2890 0.9527
vn 0.0286 -0.9565 0.2902
vn 0.0975 0.0975 0.9904
vn 0.0097 0.9951 0.0980
vn 0.0097 -0.9951 0.0980
vn 0.0975 -0.0975 0.9904
vn 0.0286 0.9565 0.2902
vn 0.0938 -0.2890 0.9527
vn 0.0464 0.8810 0.4709
vn 0.0865 -0.4696 0.8786
vn 0.0624 0.7715 0.6332
vn 0.0759 -0.6326 0.7708
vn 0.0759 0.6326 0.7708
vn -0.0938 -0.2890 0.9527
vn -0.0464 0.8810 0.4709
vn -0.0865 -0.4696 0.8786
vn -0.0624 0.7715 0.6332
vn -0.0759 -0.6326 0.7708
vn -0.0759 0.6326 0.7708
vn -0.0624 -0.7715 0.6332
vn -0.0865 0.4696 0.8786
vn -0.0464 -0.8810 0.4709
vn -0.0938 0.2890 0.9527
vn -0.0286 -0.9565 0.2902
vn -0.0976 0.0975 0.9904
vn -0.0097 0.9951 0.0980
vn -0.0097 -0.9951 0.0980
vn -0.0975 -0.0975 0.9904
vn -0.0286 0.9565 0.2902
vn -0.1374 -0.8810 0.4528
vn -0.2779 0.2890 0.9161
vn -0.0846 -0.9565 0.2790
vn -0.2889 0.0975 0.9524
vn -0.0286 0.9951 0.0942
vn -0.0286 -0.9951 0.0942
vn -0.2889 -0.0975 0.9524
vn -0.0846 0.9565 0.2790
vn -0.2779 -0.2890 0.9161
vn -0.1374 0.8810 0.4528
vn -0.2563 -0.4696 0.8448
vn -0.1847 0.7715 0.6088
vn -0.2248 -0.6326 0.7412
vn -0.2248 0.6326 0.7412
vn -0.1847 -0.7715 0.6088
vn -0.2563 0.4696 0.8448
vn -0.2230 0.8810 0.4173
vn -0.4162 -0.4696 0.7786
vn -0.2999 0.7715 0.5611
vn -0.3651 -0.6326 0.6831
vn -0.3651 0.6326 0.6831
vn -0.2999 -0.7715 0.5611
vn -0.4162 0.4696 0.7786
vn -0.2230 -0.8810 0.4173
vn -0.4513 0.2890 0.8443
vn -0.1374 -0.9565 0.2571
vn -0.4691 0.0975 0.8777
vn -0.0464 0.9951 0.0869
vn -0.0464 -0.9951 0.0869
vn -0.4691 -0.0975 0.8777
vn -0.1374 0.9565 0.2571
vn -0.4513 -0.2890 0.8443
vn -0.6073 0.2890 0.7400
vn -0.1850 -0.9565 0.2254
vn -0.6314 0.0975 0.7693
vn -0.0625 0.9951 0.0761
vn -0.0625 -0.9951 0.0761
vn -0.6314 -0.0975 0.7693
vn -0.1850 0.9565 0.2254
vn -0.6073 -0.2890 0.7400
vn -0.3002 0.8810 0.3658
vn -0.5601 -0.4696 0.6825
vn -0.4036 0.7715 0.4918
vn -0.4913 -0.6326 0.5987
vn -0.4913 0.6326 0.5987
vn -0.4036 -0.7715 0.4918
vn -0.5601 0.4696 0.6825
vn -0.3002 -0.8810 0.3658
vn -0.6825 -0.4696 0.5601
vn -0.4918 0.7715 0.4036
vn -0.5987 -0.6326 0.4913
vn -0.5987 0.6326 0.4913
vn -0.4918 -0.7715 0.4036
vn -0.6825 0.4696 0.5601
vn -0.3658 -0.8810 0.3002
vn -0.7400 0.2890 0.6073
vn -0.2254 -0.9566 0.1850
vn -0.7693 0.0975 0.6314
vn -0.0761 0.9951 0.0625
vn -0.0761 -0.9951 0.0625
vn -0.7693 -0.0975 0.6314
vn -0.2254 0.9565 0.1850
vn -0.7400 -0.2890 0.6073
vn -0.3658 0.8810 0.3002
vn -0.2571 -0.9565 0.1374
vn -0.8777 0.0975 0.4691
vn -0.0869 0.9951 0.0464
vn -0.0869 -0.9951 0.0464
vn -0.8777 -0.0975 0.4691
vn -0.2571 0.9565 0.1374
vn -0.8443 -0.2890 0.4513
vn -0.4173 0.8810 0.2230
vn -0.7786 -0.4696 0.4162
vn -0.5611 0.7715 0.2999
vn -0.6831 -0.6326 0.3651
vn -0.6831 0.6326 0.3651
vn -0.5611 -0.7715 0.2999
vn -0.7786 0.4696 0.4162
vn -0.4173 -0.8810 0.2231
vn -0.8443 0.2890 0.4513
vn -0.6088 0.7715 0.1847
vn -0.7412 -0.6326 0.2248
vn -0.7412 0.6326 0.2248
vn -0.6088 -0.7715 0.1847
vn -0.8448 0.4696 0.2563
vn -0.4528 -0.8810 0.1374
vn -0.9161 0.2890 0.2779
vn -0.2790 -0.9565 0.0846
vn -0.9524 0.0975 0.2889
vn -0.0942 0.9951 0.0286
vn -0.0942 -0.9951 0.0286
vn -0.9524 -0.0975 0.2889
vn -0.2790 0.9565 0.0846
vn -0.9161 -0.2890 0.2779
vn -0.4528 0.8810 0.1374
vn -0.8448 -0.4696 0.2563
vn -0.9904 0.0975 0.0975
vn -0.0980 0.9951 0.0097
vn -0.0980 -0.9951 0.0097
vn -0.9904 -0.0975 0.0976
vn -0.2902 0.9565 0.0286
vn -0.9527 -0.2890 0.0938
vn -0.4709 0.8810 0.0464
vn -0.8786 -0.4696 0.0865
vn -0.6332 0.7715 0.0624
vn -0.7708 -0.6326 0.0759
vn -0.7708 0.6326 0.0759
vn -0.6332 -0.7715 0.0624
vn -0.8786 0.4696 0.0865
vn -0.4709 -0.8810 0.0464
vn -0.9527 0.2890 0.0938
vn -0.2902 -0.9565 0.0286
vn -0.7708 -0.6326 -0.0759
vn -0.7708 0.6326 -0.0759
vn -0.6332 -0.7715 -0.0624
vn -0.8786 0.4696 -0.0865
vn -0.4709 -0.8810 -0.0464
vn -0.9527 0.2890 -0.0938
vn -0.2902 -0.9565 -0.0286
vn -0.9904 0.0975 -0.0975
vn -0.0980 0.9951 -0.0097
vn -0.0980 -0.9951 -0.0097
vn -0.9904 -0.0975 -0.0976
vn -0.2902 0.9565 -0.0286
vn -0.9527 -0.2890 -0.0938
vn -0.4709 0.8810 -0.0464
vn -0.8786 -0.4696 -0.0865
vn -0.6332 0.7715 -0.0624
vn -0.0942 -0.9951 -0.0286
vn -0.9524 -0.0975 -0.2889
vn -0.2790 0.9565 -0.0846
vn -0.9161 -0.2890 -0.2779
vn -0.4528 0.8810 -0.1374
vn -0.8448 -0.4696 -0.2563
vn -0.6088 0.7715 -0.1847
vn -0.7412 -0.6326 -0.2248
vn -0.7412 0.6326 -0.2248
vn -0.6088 -0.7715 -0.1847
vn -0.8448 0.4696 -0.2563
vn -0.4528 -0.8810 -0.1374
vn -0.9161 0.2890 -0.2779
vn -0.2790 -0.9565 -0.0846
vn -0.9524 0.0975 -0.2889
vn -0.0942 0.9951 -0.0286
vn -0.5611 -0.7715 -0.2999
vn -0.7786 0.4696 -0.4162
vn -0.4173 -0.8810 -0.2231
vn -0.8443 0.2890 -0.4513
vn -0.2571 -0.9565 -0.1374
vn -0.8777 0.0975 -0.4691
vn -0.0869 0.9951 -0.0464
vn -0.0869 -0.9951 -0.0464
vn -0.8777 -0.0975 -0.4691
vn -0.2571 0.9565 -0.1374
vn -0.8443 -0.2890 -0.4513
vn -0.4173 0.8810 -0.2231
vn -0.7786 -0.4696 -0.4162
vn -0.5611 0.7715 -0.2999
vn -0.6831 -0.6326 -0.3651
vn -0.6831 0.6326 -0.3651
vn -0.2254 0.9565 -0.1850
vn -0.7400 -0.2890 -0.6073
vn -0.3658 0.8810 -0.3002
vn -0.6825 -0.4696 -0.5601
vn -0.4918 0.7715 -0.4036
vn -0.5987 -0.6326 -0.4913
vn -0.5987 0.6326 -0.4913
vn -0.4918 -0.7715 -0.4036
vn -0.6825 0.4696 -0.5601
vn -0.3658 -0.8810 -0.3002
vn -0.7400 0.2890 -0.6073
vn -0.2254 -0.9565 -0.1850
vn -0.7693 0.0975 -0.6314
vn -0.0761 0.9951 -0.0625
vn -0.0761 -0.9951 -0.0625
vn -0.7693 -0.0975 -0.6314
vn -0.5601 0.4696 -0.6825
vn -0.3002 -0.8810 -0.3658
vn -0.6073 0.2890 -0.7400
vn -0.1850 -0.9565 -0.2254
vn -0.6314 0.0975 -0.7693
vn -0.0625 0.9951 -0.0761
vn -0.0625 -0.9951 -0.0761
vn -0.6314 -0.0975 -0.7693
vn -0.1850 0.9565 -0.2254
vn -0.6073 -0.2890 -0.7400
vn -0.3002 0.8810 -0.3658
vn -0.5601 -0.4696 -0.6825
vn -0.4036 0.7715 -0.4918
vn -0.4913 -0.6326 -0.5987
vn -0.4913 0.6326 -0.5987
vn -0.4036 -0.7715 -0.4918
vn -0.4513 -0.2890 -0.8443
vn -0.2230 0.8810 -0.4173
vn -0.4162 -0.4696 -0.7786
vn -0.2999 0.7715 -0.5611
vn -0.3651 -0.6326 -0.6831
vn -0.3651 0.6326 -0.6831
vn -0.2999 -0.7715 -0.5611
vn -0.4162 0.4696 -0.7786
vn -0.2230 -0.8810 -0.4173
vn -0.4513 0.2890 -0.8443
vn -0.1374 -0.9565 -0.2571
vn -0.4691 0.0975 -0.8777
vn -0.0464 0.9951 -0.0869
vn -0.0464 -0.9951 -0.0869
vn -0.4691 -0.0975 -0.8777
vn -0.1374 0.9565 -0.2571
vn -0.1374 -0.8810 -0.4528
vn -0.2779 0.2890 -0.9161
vn -0.0846 -0.9565 -0.2790
vn -0.2889 0.0975 -0.9524
vn -0.0286 0.9951 -0.0942
vn -0.0286 -0.9951 -0.0942
vn -0.2889 -0.0975 -0.9524
vn -0.0846 0.9565 -0.2790
vn -0.2779 -0.2890 -0.9161
vn -0.1374 0.8810 -0.4528
vn -0.2563 -0.4696 -0.8448
vn -0.1847 0.7715 -0.6088
vn -0.2248 -0.6326 -0.7412
vn -0.2248 0.6326 -0.7412
vn -0.1847 -0.7715 -0.6088
vn -0.2563 0.4696 -0.8448
vn -0.0464 0.8810 -0.4709
vn -0.0865 -0.4696 -0.8786
vn -0.0624 0.7715 -0.6332
vn -0.0759 -0.6326 -0.7708
vn -0.0759 0.6326 -0.7708
vn -0.0624 -0.7715 -0.6332
vn -0.0865 0.4696 -0.8786
vn -0.0464 -0.8810 -0.4709
vn -0.0938 0.2890 -0.9527
vn -0.0286 -0.9565 -0.2902
vn -0.0976 0.0975 -0.9904
vn -0.0097 0.9951 -0.0980
vn -0.0097 -0.9951 -0.0980
vn -0.0976 -0.0975 -0.9904
vn -0.0286 0.9565 -0.2902
vn -0.0938 -0.2890 -0.9527
vn 0.0975 0.0976 -0.9904
vn 0.0975 -0.0975 -0.9904
vn 0.2231 -0.8810 -0.4173
vn 0.2230 0.8810 -0.4173
vn 0.2254 -0.9565 -0.1850
vn 0.4173 0.8810 0.2230
vn 0.4173 -0.8810 0.2231
vn 0.2231 -0.8810 0.4173
vn -0.0975 0.0975 0.9904
vn -0.0976 -0.0975 0.9904
vn -0.2231 0.8810 0.4173
vn -0.2231 -0.8810 0.4173
vn -0.2254 -0.9565 0.1850
vn -0.4173 -0.8810 0.2230
vn -0.9904 0.0975 0.0976
vn -0.9904 -0.0975 0.0975
vn -0.9904 0.0975 -0.0976
vn -0.9904 -0.0975 -0.0975
vt 0.750000 0.437500
vt 0.718750 0.375000
vt 0.750000 0.375000
vt 0.750000 0.812500
vt 0.718750 0.875000
vt 0.718750 0.812500
vt 0.718750 0.312500
vt 0.750000 0.312500
vt 0.750000 0.750000
vt 0.718750 0.750000
vt 0.718750 0.250000
vt 0.750000 0.250000
vt 0.750000 0.687500
vt 0.718750 0.687500
vt 0.718750 0.187500
vt 0.750000 0.187500
vt 0.750000 0.625000
vt 0.718750 0.625000
vt 0.718750 0.125000
vt 0.750000 0.125000
vt 0.750000 0.562500
vt 0.718750 0.562500
vt 0.718750 0.062500
vt 0.750000 0.062500
vt 0.718750 0.500000
vt 0.750000 0.500000
vt 0.750000 0.937500
vt 0.734375 1.000000
vt 0.718750 0.937500
vt 0.734375 0.000000
vt 0.718750 0.437500
vt 0.750000 0.875000
vt 0.687500 0.437500
vt 0.687500 0.875000
vt 0.687500 0.375000
vt 0.687500 0.812500
vt 0.687500 0.312500
vt 0.687500 0.750000
vt 0.687500 0.250000
vt 0.687500 0.687500
vt 0.687500 0.187500
vt 0.687500 0.625000
vt 0.687500 0.125000
vt 0.687500 0.562500
vt 0.687500 0.062500
vt 0.687500 0.500000
vt 0.703125 1.000000
vt 0.687500 0.937500
vt 0.703125 0.000000
vt 0.656250 0.250000
vt 0.656250 0.187500
vt 0.656250 0.625000
vt 0.656250 0.125000
vt 0.656250 0.562500
vt 0.656250 0.062500
vt 0.656250 0.500000
vt 0.671875 1.000000
vt 0.656250 0.937500
vt 0.671875 0.000000
vt 0.656250 0.437500
vt 0.656250 0.875000
vt 0.656250 0.375000
vt 0.656250 0.812500
vt 0.656250 0.312500
vt 0.656250 0.750000
vt 0.656250 0.687500
vt 0.625000 0.875000
vt 0.625000 0.375000
vt 0.625000 0.812500
vt 0.625000 0.312500
vt 0.625000 0.750000
vt 0.625000 0.250000
vt 0.625000 0.687500
vt 0.625000 0.187500
vt 0.625000 0.625000
vt 0.625000 0.125000
vt 0.625000 0.562500
vt 0.625000 0.062500
vt 0.625000 0.500000
vt 0.640625 1.000000
vt 0.625000 0.937500
vt 0.640625 0.000000
vt 0.625000 0.437500
vt 0.593750 0.625000
vt 0.593750 0.187500
vt 0.593750 0.125000
vt 0.593750 0.562500
vt 0.593750 0.062500
vt 0.593750 0.500000
vt 0.609375 1.000000
vt 0.593750 0.937500
vt 0.609375 0.000000
vt 0.593750 0.437500
vt 0.593750 0.875000
vt 0.593750 0.375000
vt 0.593750 0.812500
vt 0.593750 0.312500
vt 0.593750 0.750000
vt 0.593750 0.250000
vt 0.593750 0.687500
vt 0.562500 0.375000
vt 0.562500 0.812500
vt 0.562500 0.312500
vt 0.562500 0.750000
vt 0.562500 0.250000
vt 0.562500 0.687500
vt 0.562500 0.187500
vt 0.562500 0.625000
vt 0.562500 0.125000
vt 0.562500 0.562500
vt 0.562500 0.062500
vt 0.562500 0.500000
vt 0.578125 1.000000
vt 0.562500 0.937500
vt 0.578125 0.000000
vt 0.562500 0.437500
vt 0.562500 0.875000
vt 0.531250 0.187500
vt 0.531250 0.125000
vt 0.531250 0.625000
vt 0.531250 0.562500
vt 0.531250 0.062500
vt 0.531250 0.500000
vt 0.546875 1.000000
vt 0.531250 0.937500
vt 0.546875 0.000000
vt 0.531250 0.437500
vt 0.531250 0.875000
vt 0.531250 0.375000
vt 0.531250 0.812500
vt 0.531250 0.312500
vt 0.531250 0.750000
vt 0.531250 0.250000
vt 0.531250 0.687500
vt 0.500000 0.375000
vt 0.500000 0.312500
vt 0.500000 0.750000
vt 0.500000 0.250000
vt 0.500000 0.687500
vt 0.500000 0.187500
vt 0.500000 0.625000
vt 0.500000 0.125000
vt 0.500000 0.562500
vt 0.500000 0.062500
vt 0.500000 0.500000
vt 0.515625 1.000000
vt 0.500000 0.937500
vt 0.515625 0.000000
vt 0.500000 0.437500
vt 0.500000 0.875000
vt 0.500000 0.812500
vt 0.468750 0.062500
vt 0.468750 0.562500
vt 0.468750 0.500000
vt 0.484375 1.000000
vt 0.468750 0.937500
vt 0.484375 0.000000
vt 0.468750 0.437500
vt 0.468750 0.875000
vt 0.468750 0.375000
vt 0.468750 0.812500
vt 0.468750 0.312500
vt 0.468750 0.750000
vt 0.468750 0.250000
vt 0.468750 0.687500
vt 0.468750 0.187500
vt 0.468750 0.625000
vt 0.468750 0.125000
vt 0.437500 0.750000
vt 0.437500 0.250000
vt 0.437500 0.687500
vt 0.437500 0.187500
vt 0.437500 0.625000
vt 0.437500 0.125000
vt 0.437500 0.562500
vt 0.437500 0.062500
vt 0.437500 0.500000
vt 0.453125 1.000000
vt 0.437500 0.937500
vt 0.453125 0.000000
vt 0.437500 0.437500
vt 0.437500 0.875000
vt 0.437500 0.375000
vt 0.437500 0.812500
vt 0.437500 0.312500
vt 0.406250 0.562500
vt 0.406250 0.500000
vt 0.421875 1.000000
vt 0.406250 0.937500
vt 0.421875 0.000000
vt 0.406250 0.062500
vt 0.406250 0.437500
vt 0.406250 0.875000
vt 0.406250 0.375000
vt 0.406250 0.812500
vt 0.406250 0.312500
vt 0.406250 0.750000
vt 0.406250 0.250000
vt 0.406250 0.687500
vt 0.406250 0.187500
vt 0.406250 0.625000
vt 0.406250 0.125000
vt 0.375000 0.250000
vt 0.375000 0.750000
vt 0.375000 0.687500
vt 0.375000 0.187500
vt 0.375000 0.625000
vt 0.375000 0.125000
vt 0.375000 0.562500
vt 0.375000 0.062500
vt 0.375000 0.500000
vt 0.390625 1.000000
vt 0.375000 0.937500
vt 0.390625 0.000000
vt 0.375000 0.437500
vt 0.375000 0.875000
vt 0.375000 0.375000
vt 0.375000 0.812500
vt 0.375000 0.312500
vt 0.359375 1.000000
vt 0.343750 0.937500
vt 0.359375 0.000000
vt 0.343750 0.062500
vt 0.343750 0.437500
vt 0.343750 0.875000
vt 0.343750 0.375000
vt 0.343750 0.812500
vt 0.343750 0.312500
vt 0.343750 0.750000
vt 0.343750 0.250000
vt 0.343750 0.687500
vt 0.343750 0.187500
vt 0.343750 0.625000
vt 0.343750 0.125000
vt 0.343750 0.562500
vt 0.343750 0.500000
vt 0.312500 0.750000
vt 0.312500 0.687500
vt 0.312500 0.250000
vt 0.312500 0.187500
vt 0.312500 0.625000
vt 0.312500 0.125000
vt 0.312500 0.562500
vt 0.312500 0.062500
vt 0.312500 0.500000
vt 0.328125 1.000000
vt 0.312500 0.937500
vt 0.328125 0.000000
vt 0.312500 0.437500
vt 0.312500 0.875000
vt 0.312500 0.375000
vt 0.312500 0.812500
vt 0.312500 0.312500
vt 0.281250 0.437500
vt 0.281250 0.875000
vt 0.281250 0.375000
vt 0.281250 0.812500
vt 0.281250 0.312500
vt 0.281250 0.750000
vt 0.281250 0.250000
vt 0.281250 0.687500
vt 0.281250 0.187500
vt 0.281250 0.625000
vt 0.281250 0.125000
vt 0.281250 0.562500
vt 0.281250 0.062500
vt 0.281250 0.500000
vt 0.296875 1.000000
vt 0.281250 0.937500
vt 0.296875 0.000000
vt 0.250000 0.250000
vt 0.250000 0.187500
vt 0.250000 0.625000
vt 0.250000 0.125000
vt 0.250000 0.562500
vt 0.250000 0.062500
vt 0.250000 0.500000
vt 0.265625 1.000000
vt 0.250000 0.937500
vt 0.265625 0.000000
vt 0.250000 0.437500
vt 0.250000 0.875000
vt 0.250000 0.375000
vt 0.250000 0.812500
vt 0.250000 0.312500
vt 0.250000 0.750000
vt 0.250000 0.687500
vt 0.218750 0.375000
vt 0.218750 0.812500
vt 0.218750 0.312500
vt 0.218750 0.750000
vt 0.218750 0.250000
vt 0.218750 0.687500
vt 0.218750 0.187500
vt 0.218750 0.625000
vt 0.218750 0.125000
vt 0.218750 0.562500
vt 0.218750 0.062500
vt 0.218750 0.500000
vt 0.234375 1.000000
vt 0.218750 0.937500
vt 0.234375 0.000000
vt 0.218750 0.437500
vt 0.218750 0.875000
vt 0.187500 0.125000
vt 0.187500 0.625000
vt 0.187500 0.562500
vt 0.187500 0.062500
vt 0.187500 0.500000
vt 0.203125 1.000000
vt 0.187500 0.937500
vt 0.203125 0.000000
vt 0.187500 0.437500
vt 0.187500 0.875000
vt 0.187500 0.375000
vt 0.187500 0.812500
vt 0.187500 0.312500
vt 0.187500 0.750000
vt 0.187500 0.250000
vt 0.187500 0.687500
vt 0.187500 0.187500
vt 0.156250 0.812500
vt 0.156250 0.375000
vt 0.156250 0.312500
vt 0.156250 0.750000
vt 0.156250 0.250000
vt 0.156250 0.687500
vt 0.156250 0.187500
vt 0.156250 0.625000
vt 0.156250 0.125000
vt 0.156250 0.562500
vt 0.156250 0.062500
vt 0.156250 0.500000
vt 0.171875 1.000000
vt 0.156250 0.937500
vt 0.171875 0.000000
vt 0.156250 0.437500
vt 0.156250 0.875000
vt 0.125000 0.625000
vt 0.125000 0.562500
vt 0.125000 0.125000
vt 0.125000 0.062500
vt 0.125000 0.500000
vt 0.140625 1.000000
vt 0.125000 0.937500
vt 0.140625 0.000000
vt 0.125000 0.437500
vt 0.125000 0.875000
vt 0.125000 0.375000
vt 0.125000 0.812500
vt 0.125000 0.312500
vt 0.125000 0.750000
vt 0.125000 0.250000
vt 0.125000 0.687500
vt 0.125000 0.187500
vt 0.093750 0.375000
vt 0.093750 0.312500
vt 0.093750 0.750000
vt 0.093750 0.250000
vt 0.093750 0.687500
vt 0.093750 0.187500
vt 0.093750 0.625000
vt 0.093750 0.125000
vt 0.093750 0.562500
vt 0.093750 0.062500
vt 0.093750 0.500000
vt 0.109375 1.000000
vt 0.093750 0.937500
vt 0.109375 0.000000
vt 0.093750 0.437500
vt 0.093750 0.875000
vt 0.093750 0.812500
vt 0.062500 0.062500
vt 0.062500 0.562500
vt 0.062500 0.500000
vt 0.078125 1.000000
vt 0.062500 0.937500
vt 0.078125 0.000000
vt 0.062500 0.437500
vt 0.062500 0.875000
vt 0.062500 0.375000
vt 0.062500 0.812500
vt 0.062500 0.312500
vt 0.062500 0.750000
vt 0.062500 0.250000
vt 0.062500 0.687500
vt 0.062500 0.187500
vt 0.062500 0.625000
vt 0.062500 0.125000
vt 0.031250 0.750000
vt 0.031250 0.250000
vt 0.031250 0.687500
vt 0.031250 0.187500
vt 0.031250 0.625000
vt 0.031250 0.125000
vt 0.031250 0.562500
vt 0.031250 0.062500
vt 0.031250 0.500000
vt 0.046875 1.000000
vt 0.031250 0.937500
vt 0.046875 0.000000
vt 0.031250 0.437500
vt 0.031250 0.875000
vt 0.031250 0.375000
vt 0.031250 0.812500
vt 0.031250 0.312500
vt 0.000000 0.562500
vt 0.000000 0.500000
vt 0.015625 1.000000
vt 0.000000 0.937500
vt 0.015625 0.000000
vt 0.000000 0.062500
vt 0.000000 0.437500
vt 0.000000 0.875000
vt 0.000000 0.375000
vt 0.000000 0.812500
vt 0.000000 0.312500
vt 0.000000 0.750000
vt 0.000000 0.250000
vt 0.000000 0.687500
vt 0.000000 0.187500
vt 0.000000 0.625000
vt 0.000000 0.125000
vt 1.000000 0.312500
vt 0.968750 0.250000
vt 1.000000 0.250000
vt 1.000000 0.687500
vt 0.968750 0.750000
vt 0.968750 0.687500
vt 1.000000 0.187500
vt 0.968750 0.187500
vt 0.968750 0.625000
vt 1.000000 0.625000
vt 0.968750 0.125000
vt 1.000000 0.125000
vt 1.000000 0.562500
vt 0.968750 0.562500
vt 0.968750 0.062500
vt 1.000000 0.062500
vt 1.000000 0.500000
vt 0.968750 0.500000
vt 1.000000 0.937500
vt 0.984375 1.000000
vt 0.968750 0.937500
vt 0.984375 0.000000
vt 0.968750 0.437500
vt 1.000000 0.437500
vt 0.968750 0.875000
vt 1.000000 0.875000
vt 0.968750 0.375000
vt 1.000000 0.375000
vt 1.000000 0.812500
vt 0.968750 0.812500
vt 0.968750 0.312500
vt 1.000000 0.750000
vt 0.953125 0.000000
vt 0.937500 0.062500
vt 0.937500 0.437500
vt 0.937500 0.875000
vt 0.937500 0.375000
vt 0.937500 0.812500
vt 0.937500 0.312500
vt 0.937500 0.750000
vt 0.937500 0.250000
vt 0.937500 0.687500
vt 0.937500 0.187500
vt 0.937500 0.625000
vt 0.937500 0.125000
vt 0.937500 0.562500
vt 0.937500 0.500000
vt 0.953125 1.000000
vt 0.937500 0.937500
vt 0.906250 0.250000
vt 0.906250 0.187500
vt 0.906250 0.625000
vt 0.906250 0.125000
vt 0.906250 0.562500
vt 0.906250 0.062500
vt 0.906250 0.500000
vt 0.921875 1.000000
vt 0.906250 0.937500
vt 0.921875 0.000000
vt 0.906250 0.437500
vt 0.906250 0.875000
vt 0.906250 0.375000
vt 0.906250 0.812500
vt 0.906250 0.312500
vt 0.906250 0.750000
vt 0.906250 0.687500
vt 0.875000 0.875000
vt 0.875000 0.375000
vt 0.875000 0.812500
vt 0.875000 0.312500
vt 0.875000 0.750000
vt 0.875000 0.250000
vt 0.875000 0.687500
vt 0.875000 0.187500
vt 0.875000 0.625000
vt 0.875000 0.125000
vt 0.875000 0.562500
vt 0.875000 0.062500
vt 0.875000 0.500000
vt 0.890625 1.000000
vt 0.875000 0.937500
vt 0.890625 0.000000
vt 0.875000 0.437500
vt 0.843750 0.625000
vt 0.843750 0.125000
vt 0.843750 0.562500
vt 0.843750 0.062500
vt 0.843750 0.500000
vt 0.859375 1.000000
vt 0.843750 0.937500
vt 0.859375 0.000000
vt 0.843750 0.437500
vt 0.843750 0.875000
vt 0.843750 0.375000
vt 0.843750 0.812500
vt 0.843750 0.312500
vt 0.843750 0.750000
vt 0.843750 0.250000
vt 0.843750 0.687500
vt 0.843750 0.187500
vt 0.812500 0.375000
vt 0.812500 0.812500
vt 0.812500 0.312500
vt 0.812500 0.750000
vt 0.812500 0.250000
vt 0.812500 0.687500
vt 0.812500 0.187500
vt 0.812500 0.625000
vt 0.812500 0.125000
vt 0.812500 0.562500
vt 0.812500 0.062500
vt 0.812500 0.500000
vt 0.828125 1.000000
vt 0.812500 0.937500
vt 0.828125 0.000000
vt 0.812500 0.437500
vt 0.812500 0.875000
vt 0.781250 0.125000
vt 0.781250 0.625000
vt 0.781250 0.562500
vt 0.781250 0.062500
vt 0.781250 0.500000
vt 0.796875 1.000000
vt 0.781250 0.937500
vt 0.796875 0.000000
vt 0.781250 0.437500
vt 0.781250 0.875000
vt 0.781250 0.375000
vt 0.781250 0.812500
vt 0.781250 0.312500
vt 0.781250 0.750000
vt 0.781250 0.250000
vt 0.781250 0.687500
vt 0.781250 0.187500
vt 0.765625 1.000000
vt 0.765625 0.000000
s 0
f 69/131/35 80/132/35 542/133/35
f 65/134/36 72/135/36 73/136/36
f 542/133/37 81/137/37 70/138/37
f 540/139/38 73/136/38 74/140/38
f 70/138/39 82/141/39 543/142/39
f 66/143/40 74/140/40 75/144/40
f 543/142/41 83/145/41 544/146/41
f 541/147/42 75/144/42 76/148/42
f 544/146/43 84/149/43 545/150/43
f 67/151/44 76/148/44 77/152/44
f 545/150/45 85/153/45 546/154/45
f 67/151/46 78/155/46 68/156/46
f 538/157/47 146/158/47 71/159/47
f 372/160/48 546/154/48 85/153/48
f 68/156/49 79/161/49 69/131/49
f 539/162/50 71/159/50 72/135/50
f 78/155/51 94/163/51 79/161/51
f 71/159/52 87/164/52 72/135/52
f 79/161/53 95/165/53 80/132/53
f 72/135/54 88/166/54 73/136/54
f 80/132/55 96/167/55 81/137/55
f 73/136/56 89/168/56 74/140/56
f 81/137/57 97/169/57 82/141/57
f 74/140/58 90/170/58 75/144/58
f 83/145/59 97/169/59 98/171/59
f 75/144/60 91/172/60 76/148/60
f 84/149/61 98/171/61 99/173/61
f 77/152/62 91/172/62 92/174/62
f 84/149/63 100/175/63 85/153/63
f 77/152/64 93/176/64 78/155/64
f 71/159/65 146/177/65 86/178/65
f 372/179/66 85/153/66 100/175/66
f 98/171/67 112/180/67 113/181/67
f 90/170/68 106/182/68 91/172/68
f 98/171/69 114/183/69 99/173/69
f 91/172/70 107/184/70 92/174/70
f 99/173/71 115/185/71 100/175/71
f 92/174/72 108/186/72 93/176/72
f 86/178/73 146/187/73 101/188/73
f 372/189/74 100/175/74 115/185/74
f 94/163/75 108/186/75 109/190/75
f 86/178/76 102/191/76 87/164/76
f 94/163/77 110/192/77 95/165/77
f 87/164/78 103/193/78 88/166/78
f 96/167/79 110/192/79 111/194/79
f 88/166/80 104/195/80 89/168/80
f 97/169/81 111/194/81 112/180/81
f 89/168/82 105/196/82 90/170/82
f 101/188/83 117/197/83 102/191/83
f 109/190/84 125/198/84 110/192/84
f 102/191/85 118/199/85 103/193/85
f 111/194/86 125/198/86 126/200/86
f 103/193/87 119/201/87 104/195/87
f 111/194/88 127/202/88 112/180/88
f 104/195/89 120/203/89 105/196/89
f 112/180/90 128/204/90 113/181/90
f 105/196/91 121/205/91 106/182/91
f 113/181/92 129/206/92 114/183/92
f 107/184/93 121/205/93 122/207/93
f 114/183/94 130/208/94 115/185/94
f 108/186/95 122/207/95 123/209/95
f 101/188/96 146/210/96 116/211/96
f 372/212/97 115/185/97 130/208/97
f 108/186/98 124/213/98 109/190/98
f 120/203/99 136/214/99 121/205/99
f 129/206/100 143/215/100 144/216/100
f 122/207/101 136/214/101 137/217/101
f 129/206/102 145/218/102 130/208/102
f 123/209/103 137/217/103 138/219/103
f 116/211/104 146/220/104 131/221/104
f 372/222/105 130/208/105 145/218/105
f 123/209/106 139/223/106 124/213/106
f 116/211/107 132/224/107 117/197/107
f 124/213/108 140/225/108 125/198/108
f 117/197/109 133/226/109 118/199/109
f 126/200/110 140/225/110 141/227/110
f 118/199/111 134/228/111 119/201/111
f 126/200/112 142/229/112 127/202/112
f 120/203/113 134/228/113 135/230/113
f 127/202/114 143/215/114 128/204/114
f 139/223/115 156/231/115 140/225/115
f 132/224/116 149/232/116 133/226/116
f 141/227/117 156/231/117 157/233/117
f 133/226/118 150/234/118 134/228/118
f 141/227/119 158/235/119 142/229/119
f 135/230/120 150/234/120 151/236/120
f 142/229/121 159/237/121 143/215/121
f 135/230/122 152/238/122 136/214/122
f 143/215/123 160/239/123 144/216/123
f 137/217/124 152/238/124 153/240/124
f 145/218/125 160/239/125 161/241/125
f 138/219/126 153/240/126 154/242/126
f 131/221/127 146/243/127 147/244/127
f 372/245/128 145/218/128 161/241/128
f 138/219/129 155/246/129 139/223/129
f 131/221/130 148/247/130 132/224/130
f 160/239/131 174/248/131 175/249/131
f 153/240/132 167/250/132 168/251/132
f 160/239/133 176/252/133 161/241/133
f 154/242/134 168/251/134 169/253/134
f 147/244/135 146/254/135 162/255/135
f 372/256/136 161/241/136 176/252/136
f 154/242/137 170/257/137 155/246/137
f 148/247/138 162/255/138 163/258/138
f 155/246/139 171/259/139 156/231/139
f 148/247/140 164/260/140 149/232/140
f 157/233/141 171/259/141 172/261/141
f 149/232/142 165/262/142 150/234/142
f 157/233/143 173/263/143 158/235/143
f 151/236/144 165/262/144 166/264/144
f 159/237/145 173/263/145 174/248/145
f 151/236/146 167/250/146 152/238/146
f 172/261/147 186/265/147 187/266/147
f 164/260/148 180/267/148 165/262/148
f 172/261/149 188/268/149 173/263/149
f 166/264/150 180/267/150 181/269/150
f 174/248/151 188/268/151 189/270/151
f 166/264/152 182/271/152 167/250/152
f 174/248/153 190/272/153 175/249/153
f 168/251/154 182/271/154 183/273/154
f 175/249/155 191/274/155 176/252/155
f 169/253/156 183/273/156 184/275/156
f 162/255/157 146/276/157 177/277/157
f 372/278/158 176/252/158 191/274/158
f 169/253/159 185/279/159 170/257/159
f 163/258/160 177/277/160 178/280/160
f 170/257/161 186/265/161 171/259/161
f 163/258/162 179/281/162 164/260/162
f 190/272/163 206/282/163 191/274/163
f 184/275/164 198/283/164 199/284/164
f 177/277/165 146/285/165 192/286/165
f 372/287/166 191/274/166 206/282/166
f 184/275/167 200/288/167 185/279/167
f 177/277/168 193/289/168 178/280/168
f 185/279/169 201/290/169 186/265/169
f 178/280/170 194/291/170 179/281/170
f 187/266/171 201/290/171 202/292/171
f 179/281/172 195/293/172 180/267/172
f 187/266/173 203/294/173 188/268/173
f 181/269/174 195/293/174 196/295/174
f 189/270/175 203/294/175 204/296/175
f 181/269/176 197/297/176 182/271/176
f 189/270/177 205/298/177 190/272/177
f 183/273/178 197/297/178 198/283/178
f 194/291/179 210/299/179 195/293/179
f 202/292/180 218/300/180 203/294/180
f 196/295/181 210/299/181 211/301/181
f 204/296/182 218/300/182 219/302/182
f 196/295/183 212/303/183 197/297/183
f 204/296/184 220/304/184 205/298/184
f 198/283/185 212/303/185 213/305/185
f 206/282/186 220/304/186 221/306/186
f 199/284/187 213/305/187 214/307/187
f 192/286/188 146/308/188 207/309/188
f 372/310/189 206/282/189 221/306/189
f 199/284/190 215/311/190 200/288/190
f 192/286/191 208/312/191 193/289/191
f 200/288/192 216/313/192 201/290/192
f 194/291/193 208/312/193 209/314/193
f 202/292/194 216/313/194 217/315/194
f 214/307/195 228/316/195 229/317/195
f 207/309/196 146/318/196 222/319/196
f 372/320/197 221/306/197 236/321/197
f 214/307/198 230/322/198 215/311/198
f 207/309/199 223/323/199 208/312/199
f 215/311/200 231/324/200 216/313/200
f 209/314/201 223/323/201 224/325/201
f 217/315/202 231/324/202 232/326/202
f 209/314/203 225/327/203 210/299/203
f 217/315/204 233/328/204 218/300/204
f 211/301/205 225/327/205 226/329/205
f 219/302/206 233/328/206 234/330/206
f 211/301/207 227/331/207 212/303/207
f 219/302/208 235/332/208 220/304/208
f 213/305/209 227/331/209 228/316/209
f 220/304/210 236/321/210 221/306/210
f 232/326/211 248/333/211 233/328/211
f 226/329/212 240/334/212 241/335/212
f 233/328/213 249/336/213 234/330/213
f 226/329/214 242/337/214 227/331/214
f 235/332/215 249/336/215 250/338/215
f 228/316/216 242/337/216 243/339/216
f 236/321/217 250/338/217 251/340/217
f 229/317/218 243/339/218 244/341/218
f 222/319/219 146/342/219 237/343/219
f 372/344/220 236/321/220 251/340/220
f 229/317/221 245/345/221 230/322/221
f 222/319/222 238/346/222 223/323/222
f 230/322/223 246/347/223 231/324/223
f 223/323/224 239/348/224 224/325/224
f 232/326/225 246/347/225 247/349/225
f 224/325/226 240/334/226 225/327/226
f 237/343/227 146/350/227 252/351/227
f 372/352/228 251/340/228 266/353/228
f 244/341/229 260/354/229 245/345/229
f 238/346/230 252/351/230 253/355/230
f 245/345/231 261/356/231 246/347/231
f 239/348/232 253/355/232 254/357/232
f 247/349/233 261/356/233 262/358/233
f 239/348/234 255/359/234 240/334/234
f 247/349/235 263/360/235 248/333/235
f 241/335/236 255/359/236 256/361/236
f 249/336/237 263/360/237 264/362/237
f 241/335/238 257/363/238 242/337/238
f 249/336/239 265/364/239 250/338/239
f 243/339/240 257/363/240 258/365/240
f 250/338/241 266/353/241 251/340/241
f 244/341/242 258/365/242 259/366/242
f 256/361/243 270/367/243 271/368/243
f 264/362/244 278/369/244 279/370/244
f 256/361/245 272/371/245 257/363/245
f 264/362/246 280/372/246 265/364/246
f 258/365/247 272/371/247 273/373/247
f 265/364/248 281/374/248 266/353/248
f 259/366/249 273/373/249 274/375/249
f 252/351/250 146/376/250 267/377/250
f 372/378/251 266/353/251 281/374/251
f 259/366/252 275/379/252 260/354/252
f 252/351/253 268/380/253 253/355/253
f 260/354/254 276/381/254 261/356/254
f 253/355/255 269/382/255 254/357/255
f 262/358/256 276/381/256 277/383/256
f 254/357/257 270/367/257 255/359/257
f 262/358/258 278/369/258 263/360/258
f 274/375/259 290/384/259 275/379/259
f 267/377/260 283/385/260 268/380/260
f 275/379/261 291/386/261 276/381/261
f 268/380/262 284/387/262 269/382/262
f 277/383/263 291/386/263 292/388/263
f 269/382/264 285/389/264 270/367/264
f 277/383/265 293/390/265 278/369/265
f 271/368/266 285/389/266 286/391/266
f 279/370/267 293/390/267 294/392/267
f 271/368/268 287/393/268 272/371/268
f 279/370/269 295/394/269 280/372/269
f 273/373/270 287/393/270 288/395/270
f 280/372/271 296/396/271 281/374/271
f 274/375/272 288/395/272 289/397/272
f 267/377/273 146/398/273 282/399/273
f 372/400/274 281/374/274 296/396/274
f 294/392/275 308/401/275 309/402/275
f 286/391/276 302/403/276 287/393/276
f 294/392/277 310/404/277 295/394/277
f 288/395/278 302/403/278 303/405/278
f 296/396/279 310/404/279 311/406/279
f 289/397/280 303/405/280 304/407/280
f 282/399/281 146/408/281 297/409/281
f 372/410/282 296/396/282 311/406/282
f 289/397/283 305/411/283 290/384/283
f 282/399/284 298/412/284 283/385/284
f 290/384/285 306/413/285 291/386/285
f 284/387/286 298/412/286 299/414/286
f 292/388/287 306/413/287 307/415/287
f 284/387/288 300/416/288 285/389/288
f 292/388/289 308/401/289 293/390/289
f 286/391/290 300/416/290 301/417/290
f 305/411/291 321/418/291 306/413/291
f 298/412/292 314/419/292 299/414/292
f 307/415/293 321/418/293 322/420/293
f 299/414/294 315/421/294 300/416/294
f 307/415/295 323/422/295 308/401/295
f 301/417/296 315/421/296 316/423/296
f 309/402/297 323/422/297 324/424/297
f 301/417/298 317/425/298 302/403/298
f 309/402/299 325/426/299 310/404/299
f 303/405/300 317/425/300 318/427/300
f 310/404/301 326/428/301 311/406/301
f 304/407/302 318/427/302 319/429/302
f 297/409/303 146/430/303 312/431/303
f 372/432/304 311/406/304 326/428/304
f 304/407/305 320/433/305 305/411/305
f 297/409/306 313/434/306 298/412/306
f 324/424/307 340/435/307 325/426/307
f 318/427/308 332/436/308 333/437/308
f 325/426/309 341/438/309 326/428/309
f 319/429/310 333/437/310 334/439/310
f 312/431/311 146/440/311 327/441/311
f 372/442/312 326/428/312 341/438/312
f 319/429/313 335/443/313 320/433/313
f 313/434/314 327/441/314 328/444/314
f 320/433/315 336/445/315 321/418/315
f 313/434/316 329/446/316 314/419/316
f 322/420/317 336/445/317 337/447/317
f 314/419/318 330/448/318 315/421/318
f 322/420/319 338/449/319 323/422/319
f 316/423/320 330/448/320 331/450/320
f 324/424/321 338/449/321 339/451/321
f 316/423/322 332/436/322 317/425/322
f 328/444/323 344/452/323 329/446/323
f 337/447/324 351/453/324 352/454/324
f 329/446/325 345/455/325 330/448/325
f 337/447/326 353/456/326 338/449/326
f 331/450/327 345/455/327 346/457/327
f 339/451/328 353/456/328 354/458/328
f 331/450/329 347/459/329 332/436/329
f 339/451/330 355/460/330 340/435/330
f 333/437/331 347/459/331 348/461/331
f 341/438/332 355/460/332 356/462/332
f 334/439/333 348/461/333 349/463/333
f 327/441/334 146/464/334 342/465/334
f 372/466/335 341/438/335 356/462/335
f 334/439/336 350/467/336 335/443/336
f 328/444/337 342/465/337 343/468/337
f 335/443/338 351/453/338 336/445/338
f 348/461/339 362/469/339 363/470/339
f 356/462/340 370/471/340 371/472/340
f 349/463/341 363/470/341 364/473/341
f 342/465/342 146/474/342 357/475/342
f 372/476/343 356/462/343 371/472/343
f 349/463/344 365/477/344 350/467/344
f 342/465/345 358/478/345 343/468/345
f 350/467/346 366/479/346 351/453/346
f 343/468/347 359/480/347 344/452/347
f 352/454/348 366/479/348 367/481/348
f 344/452/349 360/482/349 345/455/349
f 352/454/350 368/483/350 353/456/350
f 346/457/351 360/482/351 361/484/351
f 354/458/352 368/483/352 369/485/352
f 346/457/353 362/469/353 347/459/353
f 354/458/354 370/471/354 355/460/354
f 367/481/355 382/486/355 383/487/355
f 359/480/356 376/488/356 360/482/356
f 367/481/357 384/489/357 368/483/357
f 361/484/358 376/488/358 377/490/358
f 369/485/359 384/489/359 385/491/359
f 361/484/360 378/492/360 362/469/360
f 369/485/361 386/493/361 370/471/361
f 363/470/362 378/492/362 379/494/362
f 370/471/363 387/495/363 371/472/363
f 364/473/364 379/494/364 380/496/364
f 357/475/365 146/497/365 373/498/365
f 372/499/366 371/472/366 387/495/366
f 364/473/367 381/500/367 365/477/367
f 357/475/368 374/501/368 358/478/368
f 365/477/369 382/486/369 366/479/369
f 358/478/370 375/502/370 359/480/370
f 386/493/371 402/503/371 387/495/371
f 380/496/372 394/504/372 395/505/372
f 373/498/373 146/506/373 388/507/373
f 372/508/374 387/495/374 402/503/374
f 380/496/375 396/509/375 381/500/375
f 373/498/376 389/510/376 374/501/376
f 381/500/377 397/511/377 382/486/377
f 374/501/378 390/512/378 375/502/378
f 383/487/379 397/511/379 398/513/379
f 375/502/380 391/514/380 376/488/380
f 383/487/381 399/515/381 384/489/381
f 376/488/382 392/516/382 377/490/382
f 385/491/383 399/515/383 400/517/383
f 377/490/384 393/518/384 378/492/384
f 385/491/385 401/519/385 386/493/385
f 379/494/386 393/518/386 394/504/386
f 390/512/387 406/520/387 391/514/387
f 398/513/388 414/521/388 399/515/388
f 392/516/389 406/520/389 407/522/389
f 400/517/390 414/521/390 415/523/390
f 392/516/391 408/524/391 393/518/391
f 400/517/392 416/525/392 401/519/392
f 394/504/393 408/524/393 409/526/393
f 401/519/394 417/527/394 402/503/394
f 395/505/395 409/526/395 410/528/395
f 388/507/396 146/529/396 403/530/396
f 372/531/397 402/503/397 417/527/397
f 395/505/398 411/532/398 396/509/398
f 388/507/399 404/533/399 389/510/399
f 396/509/400 412/534/400 397/511/400
f 389/510/401 405/535/401 390/512/401
f 398/513/402 412/534/402 413/536/402
f 410/528/403 424/537/403 425/538/403
f 403/530/404 146/539/404 418/540/404
f 372/541/405 417/527/405 432/542/405
f 410/528/406 426/543/406 411/532/406
f 403/530/407 419/544/407 404/533/407
f 411/532/408 427/545/408 412/534/408
f 405/535/409 419/544/409 420/546/409
f 413/536/410 427/545/410 428/547/410
f 405/535/411 421/548/411 406/520/411
f 413/536/412 429/549/412 414/521/412
f 407/522/413 421/548/413 422/550/413
f 415/523/414 429/549/414 430/551/414
f 407/522/415 423/552/415 408/524/415
f 415/523/416 431/553/416 416/525/416
f 409/526/417 423/552/417 424/537/417
f 416/525/418 432/542/418 417/527/418
f 428/554/419 444/555/419 429/556/419
f 422/557/420 436/558/420 437/559/420
f 430/560/421 444/555/421 445/561/421
f 422/557/422 438/562/422 423/563/422
f 430/560/423 446/564/423 431/565/423
f 424/566/424 438/562/424 439/567/424
f 431/565/425 447/568/425 432/569/425
f 425/570/426 439/567/426 440/571/426
f 418/572/427 146/573/427 433/574/427
f 372/575/428 432/569/428 447/568/428
f 425/570/429 441/576/429 426/577/429
f 418/572/430 434/578/430 419/579/430
f 426/577/431 442/580/431 427/581/431
f 420/582/432 434/578/432 435/583/432
f 428/554/433 442/580/433 443/584/433
f 420/582/434 436/558/434 421/585/434
f 372/586/435 447/568/435 462/587/435
f 440/571/436 456/588/436 441/576/436
f 433/574/437 449/589/437 434/578/437
f 441/576/438 457/590/438 442/580/438
f 435/583/439 449/589/439 450/591/439
f 443/584/440 457/590/440 458/592/440
f 435/583/441 451/593/441 436/558/441
f 443/584/442 459/594/442 444/555/442
f 437/559/443 451/593/443 452/595/443
f 445/561/444 459/594/444 460/596/444
f 437/559/445 453/597/445 438/562/445
f 445/561/446 461/598/446 446/564/446
f 439/567/447 453/597/447 454/599/447
f 446/564/448 462/587/448 447/568/448
f 440/571/449 454/599/449 455/600/449
f 433/574/450 146/601/450 448/602/450
f 460/596/451 474/603/451 475/604/451
f 452/595/452 468/605/452 453/597/452
f 461/598/453 475/604/453 476/606/453
f 454/599/454 468/605/454 469/607/454
f 461/598/455 477/608/455 462/587/455
f 455/600/456 469/607/456 470/609/456
f 448/602/457 146/610/457 463/611/457
f 372/612/458 462/587/458 477/608/458
f 455/600/459 471/613/459 456/588/459
f 449/589/460 463/611/460 464/614/460
f 456/588/461 472/615/461 457/590/461
f 449/589/462 465/616/462 450/591/462
f 458/592/463 472/615/463 473/617/463
f 450/591/464 466/618/464 451/593/464
f 458/592/465 474/603/465 459/594/465
f 452/595/466 466/618/466 467/619/466
f 463/611/467 479/620/467 464/614/467
f 471/613/468 487/621/468 472/615/468
f 465/616/469 479/620/469 480/622/469
f 473/617/470 487/621/470 488/623/470
f 465/616/471 481/624/471 466/618/471
f 473/617/472 489/625/472 474/603/472
f 467/619/473 481/624/473 482/626/473
f 475/604/474 489/625/474 490/627/474
f 467/619/475 483/628/475 468/605/475
f 475/604/476 491/629/476 476/606/476
f 469/607/477 483/628/477 484/630/477
f 476/606/478 492/631/478 477/608/478
f 470/609/479 484/630/479 485/632/479
f 463/611/480 146/633/480 478/634/480
f 372/635/481 477/608/481 492/631/481
f 470/609/482 486/636/482 471/613/482
f 482/626/483 498/637/483 483/628/483
f 490/627/484 506/638/484 491/629/484
f 484/630/485 498/637/485 499/639/485
f 491/629/486 507/640/486 492/631/486
f 485/632/487 499/639/487 500/641/487
f 478/634/488 146/642/488 493/643/488
f 372/644/489 492/631/489 507/640/489
f 485/632/490 501/645/490 486/636/490
f 478/634/491 494/646/491 479/620/491
f 486/636/492 502/647/492 487/621/492
f 480/622/493 494/646/493 495/648/493
f 488/623/494 502/647/494 503/649/494
f 480/622/495 496/650/495 481/624/495
f 488/623/496 504/651/496 489/625/496
f 482/626/497 496/650/497 497/652/497
f 490/627/498 504/651/498 505/653/498
f 501/645/499 517/654/499 502/647/499
f 494/646/500 510/655/500 495/648/500
f 503/649/501 517/654/501 518/656/501
f 495/648/502 511/657/502 496/650/502
f 503/649/503 519/658/503 504/651/503
f 497/652/504 511/657/504 512/659/504
f 505/653/505 519/658/505 520/660/505
f 497/652/506 513/661/506 498/637/506
f 505/653/507 521/662/507 506/638/507
f 499/639/508 513/661/508 514/663/508
f 506/638/509 522/664/509 507/640/509
f 500/641/510 514/663/510 515/665/510
f 493/643/511 146/666/511 508/667/511
f 372/668/512 507/640/512 522/664/512
f 500/641/513 516/669/513 501/645/513
f 494/646/514 508/667/514 509/670/514
f 520/660/515 536/671/515 521/662/515
f 514/663/516 528/672/516 529/673/516
f 522/664/517 536/671/517 537/674/517
f 515/665/518 529/673/518 530/675/518
f 508/667/519 146/676/519 523/677/519
f 372/678/520 522/664/520 537/674/520
f 515/665/521 531/679/521 516/669/521
f 508/667/522 524/680/522 509/670/522
f 516/669/523 532/681/523 517/654/523
f 510/655/524 524/680/524 525/682/524
f 518/656/525 532/681/525 533/683/525
f 510/655/526 526/684/526 511/657/526
f 518/656/527 534/685/527 519/658/527
f 512/659/528 526/684/528 527/686/528
f 520/660/529 534/685/529 535/687/529
f 512/659/530 528/672/530 513/661/530
f 525/682/531 539/162/531 65/134/531
f 532/681/532 70/138/532 533/683/532
f 526/684/533 65/134/533 540/139/533
f 533/683/534 543/142/534 534/685/534
f 527/686/535 540/139/535 66/143/535
f 535/687/536 543/142/536 544/146/536
f 528/672/537 66/143/537 541/147/537
f 535/687/538 545/150/538 536/671/538
f 529/673/539 541/147/539 67/151/539
f 536/671/540 546/154/540 537/674/540
f 530/675/541 67/151/541 68/156/541
f 523/677/542 146/688/542 538/157/542
f 372/689/543 537/674/543 546/154/543
f 530/675/544 69/131/544 531/679/544
f 524/680/545 538/157/545 539/162/545
f 531/679/546 542/133/546 532/681/546
f 69/131/35 79/161/35 80/132/35
f 65/134/36 539/162/36 72/135/36
f 542/133/37 80/132/37 81/137/37
f 540/139/38 65/134/38 73/136/38
f 70/138/39 81/137/39 82/141/39
f 66/143/40 540/139/40 74/140/40
f 543/142/41 82/141/41 83/145/41
f 541/147/42 66/143/42 75/144/42
f 544/146/43 83/145/43 84/149/43
f 67/151/44 541/147/44 76/148/44
f 545/150/45 84/149/45 85/153/45
f 67/151/547 77/152/547 78/155/547
f 68/156/548 78/155/548 79/161/548
f 539/162/50 538/157/50 71/159/50
f 78/155/51 93/176/51 94/163/51
f 71/159/52 86/178/52 87/164/52
f 79/161/53 94/163/53 95/165/53
f 72/135/54 87/164/54 88/166/54
f 80/132/55 95/165/55 96/167/55
f 73/136/56 88/166/56 89/168/56
f 81/137/57 96/167/57 97/169/57
f 74/140/58 89/168/58 90/170/58
f 83/145/59 82/141/59 97/169/59
f 75/144/60 90/170/60 91/172/60
f 84/149/61 83/145/61 98/171/61
f 77/152/62 76/148/62 91/172/62
f 84/149/63 99/173/63 100/175/63
f 77/152/64 92/174/64 93/176/64
f 98/171/67 97/169/67 112/180/67
f 90/170/68 105/196/68 106/182/68
f 98/171/549 113/181/549 114/183/549
f 91/172/70 106/182/70 107/184/70
f 99/173/71 114/183/71 115/185/71
f 92/174/72 107/184/72 108/186/72
f 94/163/75 93/176/75 108/186/75
f 86/178/76 101/188/76 102/191/76
f 94/163/77 109/190/77 110/192/77
f 87/164/550 102/191/550 103/193/550
f 96/167/79 95/165/79 110/192/79
f 88/166/80 103/193/80 104/195/80
f 97/169/81 96/167/81 111/194/81
f 89/168/82 104/195/82 105/196/82
f 101/188/83 116/211/83 117/197/83
f 109/190/84 124/213/84 125/198/84
f 102/191/85 117/197/85 118/199/85
f 111/194/86 110/192/86 125/198/86
f 103/193/87 118/199/87 119/201/87
f 111/194/88 126/200/88 127/202/88
f 104/195/89 119/201/89 120/203/89
f 112/180/90 127/202/90 128/204/90
f 105/196/91 120/203/91 121/205/91
f 113/181/92 128/204/92 129/206/92
f 107/184/93 106/182/93 121/205/93
f 114/183/94 129/206/94 130/208/94
f 108/186/95 107/184/95 122/207/95
f 108/186/98 123/209/98 124/213/98
f 120/203/99 135/230/99 136/214/99
f 129/206/100 128/204/100 143/215/100
f 122/207/101 121/205/101 136/214/101
f 129/206/551 144/216/551 145/218/551
f 123/209/103 122/207/103 137/217/103
f 123/209/106 138/219/106 139/223/106
f 116/211/107 131/221/107 132/224/107
f 124/213/108 139/223/108 140/225/108
f 117/197/109 132/224/109 133/226/109
f 126/200/110 125/198/110 140/225/110
f 118/199/111 133/226/111 134/228/111
f 126/200/112 141/227/112 142/229/112
f 120/203/113 119/201/113 134/228/113
f 127/202/114 142/229/114 143/215/114
f 139/223/115 155/246/115 156/231/115
f 132/224/116 148/247/116 149/232/116
f 141/227/117 140/225/117 156/231/117
f 133/226/118 149/232/118 150/234/118
f 141/227/119 157/233/119 158/235/119
f 135/230/120 134/228/120 150/234/120
f 142/229/121 158/235/121 159/237/121
f 135/230/122 151/236/122 152/238/122
f 143/215/123 159/237/123 160/239/123
f 137/217/124 136/214/124 152/238/124
f 145/218/125 144/216/125 160/239/125
f 138/219/126 137/217/126 153/240/126
f 138/219/129 154/242/129 155/246/129
f 131/221/130 147/244/130 148/247/130
f 160/239/131 159/237/131 174/248/131
f 153/240/132 152/238/132 167/250/132
f 160/239/133 175/249/133 176/252/133
f 154/242/134 153/240/134 168/251/134
f 154/242/137 169/253/137 170/257/137
f 148/247/138 147/244/138 162/255/138
f 155/246/139 170/257/139 171/259/139
f 148/247/140 163/258/140 164/260/140
f 157/233/141 156/231/141 171/259/141
f 149/232/142 164/260/142 165/262/142
f 157/233/143 172/261/143 173/263/143
f 151/236/144 150/234/144 165/262/144
f 159/237/145 158/235/145 173/263/145
f 151/236/146 166/264/146 167/250/146
f 172/261/147 171/259/147 186/265/147
f 164/260/148 179/281/148 180/267/148
f 172/261/149 187/266/149 188/268/149
f 166/264/150 165/262/150 180/267/150
f 174/248/151 173/263/151 188/268/151
f 166/264/152 181/269/152 182/271/152
f 174/248/153 189/270/153 190/272/153
f 168/251/154 167/250/154 182/271/154
f 175/249/155 190/272/155 191/274/155
f 169/253/156 168/251/156 183/273/156
f 169/253/159 184/275/159 185/279/159
f 163/258/160 162/255/160 177/277/160
f 170/257/161 185/279/161 186/265/161
f 163/258/162 178/280/162 179/281/162
f 190/272/163 205/298/163 206/282/163
f 184/275/164 183/273/164 198/283/164
f 184/275/167 199/284/167 200/288/167
f 177/277/168 192/286/168 193/289/168
f 185/279/169 200/288/169 201/290/169
f 178/280/170 193/289/170 194/291/170
f 187/266/171 186/265/171 201/290/171
f 179/281/172 194/291/172 195/293/172
f 187/266/173 202/292/173 203/294/173
f 181/269/174 180/267/174 195/293/174
f 189/270/175 188/268/175 203/294/175
f 181/269/176 196/295/176 197/297/176
f 189/270/177 204/296/177 205/298/177
f 183/273/178 182/271/178 197/297/178
f 194/291/179 209/314/179 210/299/179
f 202/292/180 217/315/180 218/300/180
f 196/295/181 195/293/181 210/299/181
f 204/296/182 203/294/182 218/300/182
f 196/295/183 211/301/183 212/303/183
f 204/296/184 219/302/184 220/304/184
f 198/283/185 197/297/185 212/303/185
f 206/282/186 205/298/186 220/304/186
f 199/284/187 198/283/187 213/305/187
f 199/284/190 214/307/190 215/311/190
f 192/286/191 207/309/191 208/312/191
f 200/288/192 215/311/192 216/313/192
f 194/291/193 193/289/193 208/312/193
f 202/292/194 201/290/194 216/313/194
f 214/307/195 213/305/195 228/316/195
f 214/307/198 229/317/198 230/322/198
f 207/309/199 222/319/199 223/323/199
f 215/311/200 230/322/200 231/324/200
f 209/314/552 208/312/552 223/323/552
f 217/315/202 216/313/202 231/324/202
f 209/314/203 224/325/203 225/327/203
f 217/315/204 232/326/204 233/328/204
f 211/301/205 210/299/205 225/327/205
f 219/302/206 218/300/206 233/328/206
f 211/301/207 226/329/207 227/331/207
f 219/302/553 234/330/553 235/332/553
f 213/305/209 212/303/209 227/331/209
f 220/304/210 235/332/210 236/321/210
f 232/326/211 247/349/211 248/333/211
f 226/329/212 225/327/212 240/334/212
f 233/328/213 248/333/213 249/336/213
f 226/329/214 241/335/214 242/337/214
f 235/332/215 234/330/215 249/336/215
f 228/316/216 227/331/216 242/337/216
f 236/321/217 235/332/217 250/338/217
f 229/317/218 228/316/218 243/339/218
f 229/317/221 244/341/221 245/345/221
f 222/319/222 237/343/222 238/346/222
f 230/322/223 245/345/223 246/347/223
f 223/323/224 238/346/224 239/348/224
f 232/326/225 231/324/225 246/347/225
f 224/325/226 239/348/226 240/334/226
f 244/341/229 259/366/229 260/354/229
f 238/346/230 237/343/230 252/351/230
f 245/345/231 260/354/231 261/356/231
f 239/348/232 238/346/232 253/355/232
f 247/349/233 246/347/233 261/356/233
f 239/348/234 254/357/234 255/359/234
f 247/349/235 262/358/235 263/360/235
f 241/335/236 240/334/236 255/359/236
f 249/336/237 248/333/237 263/360/237
f 241/335/238 256/361/238 257/363/238
f 249/336/239 264/362/239 265/364/239
f 243/339/240 242/337/240 257/363/240
f 250/338/241 265/364/241 266/353/241
f 244/341/242 243/339/242 258/365/242
f 256/361/243 255/359/243 270/367/243
f 264/362/244 263/360/244 278/369/244
f 256/361/245 271/368/245 272/371/245
f 264/362/554 279/370/554 280/372/554
f 258/365/247 257/363/247 272/371/247
f 265/364/248 280/372/248 281/374/248
f 259/366/249 258/365/249 273/373/249
f 259/366/252 274/375/252 275/379/252
f 252/351/253 267/377/253 268/380/253
f 260/354/254 275/379/254 276/381/254
f 253/355/255 268/380/255 269/382/255
f 262/358/256 261/356/256 276/381/256
f 254/357/257 269/382/257 270/367/257
f 262/358/258 277/383/258 278/369/258
f 274/375/259 289/397/259 290/384/259
f 267/377/260 282/399/260 283/385/260
f 275/379/261 290/384/261 291/386/261
f 268/380/262 283/385/262 284/387/262
f 277/383/263 276/381/263 291/386/263
f 269/382/264 284/387/264 285/389/264
f 277/383/265 292/388/265 293/390/265
f 271/368/266 270/367/266 285/389/266
f 279/370/267 278/369/267 293/390/267
f 271/368/268 286/391/268 287/393/268
f 279/370/269 294/392/269 295/394/269
f 273/373/270 272/371/270 287/393/270
f 280/372/271 295/394/271 296/396/271
f 274/375/272 273/373/272 288/395/272
f 294/392/275 293/390/275 308/401/275
f 286/391/276 301/417/276 302/403/276
f 294/392/277 309/402/277 310/404/277
f 288/395/278 287/393/278 302/403/278
f 296/396/279 295/394/279 310/404/279
f 289/397/280 288/395/280 303/405/280
f 289/397/283 304/407/283 305/411/283
f 282/399/284 297/409/284 298/412/284
f 290/384/285 305/411/285 306/413/285
f 284/387/286 283/385/286 298/412/286
f 292/388/287 291/386/287 306/413/287
f 284/387/288 299/414/288 300/416/288
f 292/388/289 307/415/289 308/401/289
f 286/391/290 285/389/290 300/416/290
f 305/411/291 320/433/291 321/418/291
f 298/412/292 313/434/292 314/419/292
f 307/415/293 306/413/293 321/418/293
f 299/414/294 314/419/294 315/421/294
f 307/415/295 322/420/295 323/422/295
f 301/417/296 300/416/296 315/421/296
f 309/402/297 308/401/297 323/422/297
f 301/417/298 316/423/298 317/425/298
f 309/402/299 324/424/299 325/426/299
f 303/405/300 302/403/300 317/425/300
f 310/404/301 325/426/301 326/428/301
f 304/407/555 303/405/555 318/427/555
f 304/407/556 319/429/556 320/433/556
f 297/409/306 312/431/306 313/434/306
f 324/424/307 339/451/307 340/435/307
f 318/427/308 317/425/308 332/436/308
f 325/426/309 340/435/309 341/438/309
f 319/429/310 318/427/310 333/437/310
f 319/429/313 334/439/313 335/443/313
f 313/434/314 312/431/314 327/441/314
f 320/433/315 335/443/315 336/445/315
f 313/434/316 328/444/316 329/446/316
f 322/420/317 321/418/317 336/445/317
f 314/419/318 329/446/318 330/448/318
f 322/420/319 337/447/319 338/449/319
f 316/423/320 315/421/320 330/448/320
f 324/424/321 323/422/321 338/449/321
f 316/423/322 331/450/322 332/436/322
f 328/444/557 343/468/557 344/452/557
f 337/447/324 336/445/324 351/453/324
f 329/446/325 344/452/325 345/455/325
f 337/447/326 352/454/326 353/456/326
f 331/450/327 330/448/327 345/455/327
f 339/451/328 338/449/328 353/456/328
f 331/450/329 346/457/329 347/459/329
f 339/451/558 354/458/558 355/460/558
f 333/437/331 332/436/331 347/459/331
f 341/438/332 340/435/332 355/460/332
f 334/439/333 333/437/333 348/461/333
f 334/439/336 349/463/336 350/467/336
f 328/444/337 327/441/337 342/465/337
f 335/443/338 350/467/338 351/453/338
f 348/461/339 347/459/339 362/469/339
f 356/462/340 355/460/340 370/471/340
f 349/463/341 348/461/341 363/470/341
f 349/463/344 364/473/344 365/477/344
f 342/465/345 357/475/345 358/478/345
f 350/467/346 365/477/346 366/479/346
f 343/468/347 358/478/347 359/480/347
f 352/454/348 351/453/348 366/479/348
f 344/452/349 359/480/349 360/482/349
f 352/454/350 367/481/350 368/483/350
f 346/457/351 345/455/351 360/482/351
f 354/458/352 353/456/352 368/483/352
f 346/457/353 361/484/353 362/469/353
f 354/458/354 369/485/354 370/471/354
f 367/481/355 366/479/355 382/486/355
f 359/480/356 375/502/356 376/488/356
f 367/481/357 383/487/357 384/489/357
f 361/484/358 360/482/358 376/488/358
f 369/485/359 368/483/359 384/489/359
f 361/484/360 377/490/360 378/492/360
f 369/485/361 385/491/361 386/493/361
f 363/470/362 362/469/362 378/492/362
f 370/471/559 386/493/559 387/495/559
f 364/473/364 363/470/364 379/494/364
f 364/473/367 380/496/367 381/500/367
f 357/475/368 373/498/368 374/501/368
f 365/477/369 381/500/369 382/486/369
f 358/478/370 374/501/370 375/502/370
f 386/493/371 401/519/371 402/503/371
f 380/496/372 379/494/372 394/504/372
f 380/496/375 395/505/375 396/509/375
f 373/498/376 388/507/376 389/510/376
f 381/500/377 396/509/377 397/511/377
f 374/501/378 389/510/378 390/512/378
f 383/487/379 382/486/379 397/511/379
f 375/502/380 390/512/380 391/514/380
f 383/487/381 398/513/381 399/515/381
f 376/488/382 391/514/382 392/516/382
f 385/491/383 384/489/383 399/515/383
f 377/490/384 392/516/384 393/518/384
f 385/491/560 400/517/560 401/519/560
f 379/494/386 378/492/386 393/518/386
f 390/512/387 405/535/387 406/520/387
f 398/513/388 413/536/388 414/521/388
f 392/516/389 391/514/389 406/520/389
f 400/517/390 399/515/390 414/521/390
f 392/516/391 407/522/391 408/524/391
f 400/517/392 415/523/392 416/525/392
f 394/504/393 393/518/393 408/524/393
f 401/519/394 416/525/394 417/527/394
f 395/505/395 394/504/395 409/526/395
f 395/505/398 410/528/398 411/532/398
f 388/507/399 403/530/399 404/533/399
f 396/509/400 411/532/400 412/534/400
f 389/510/401 404/533/401 405/535/401
f 398/513/402 397/511/402 412/534/402
f 410/528/561 409/526/561 424/537/561
f 410/528/562 425/538/562 426/543/562
f 403/530/407 418/540/407 419/544/407
f 411/532/408 426/543/408 427/545/408
f 405/535/409 404/533/409 419/544/409
f 413/536/410 412/534/410 427/545/410
f 405/535/411 420/546/411 421/548/411
f 413/536/412 428/547/412 429/549/412
f 407/522/413 406/520/413 421/548/413
f 415/523/414 414/521/414 429/549/414
f 407/522/415 422/550/415 423/552/415
f 415/523/416 430/551/416 431/553/416
f 409/526/417 408/524/417 423/552/417
f 416/525/418 431/553/418 432/542/418
f 428/554/419 443/584/419 444/555/419
f 422/557/420 421/585/420 436/558/420
f 430/560/421 429/556/421 444/555/421
f 422/557/422 437/559/422 438/562/422
f 430/560/423 445/561/423 446/564/423
f 424/566/424 423/563/424 438/562/424
f 431/565/425 446/564/425 447/568/425
f 425/570/563 424/566/563 439/567/563
f 425/570/564 440/571/564 441/576/564
f 418/572/430 433/574/430 434/578/430
f 426/577/431 441/576/431 442/580/431
f 420/582/432 419/579/432 434/578/432
f 428/554/433 427/581/433 442/580/433
f 420/582/434 435/583/434 436/558/434
f 440/571/436 455/600/436 456/588/436
f 433/574/437 448/602/437 449/589/437
f 441/576/438 456/588/438 457/590/438
f 435/583/439 434/578/439 449/589/439
f 443/584/440 442/580/440 457/590/440
f 435/583/441 450/591/441 451/593/441
f 443/584/442 458/592/442 459/594/442
f 437/559/443 436/558/443 451/593/443
f 445/561/444 444/555/444 459/594/444
f 437/559/445 452/595/445 453/597/445
f 445/561/446 460/596/446 461/598/446
f 439/567/447 438/562/447 453/597/447
f 446/564/448 461/598/448 462/587/448
f 440/571/449 439/567/449 454/599/449
f 460/596/451 459/594/451 474/603/451
f 452/595/452 467/619/452 468/605/452
f 461/598/453 460/596/453 475/604/453
f 454/599/454 453/597/454 468/605/454
f 461/598/455 476/606/455 477/608/455
f 455/600/456 454/599/456 469/607/456
f 455/600/459 470/609/459 471/613/459
f 449/589/460 448/602/460 463/611/460
f 456/588/461 471/613/461 472/615/461
f 449/589/462 464/614/462 465/616/462
f 458/592/463 457/590/463 472/615/463
f 450/591/464 465/616/464 466/618/464
f 458/592/465 473/617/465 474/603/465
f 452/595/466 451/593/466 466/618/466
f 463/611/467 478/634/467 479/620/467
f 471/613/468 486/636/468 487/621/468
f 465/616/469 464/614/469 479/620/469
f 473/617/470 472/615/470 487/621/470
f 465/616/471 480/622/471 481/624/471
f 473/617/472 488/623/472 489/625/472
f 467/619/473 466/618/473 481/624/473
f 475/604/474 474/603/474 489/625/474
f 467/619/475 482/626/475 483/628/475
f 475/604/476 490/627/476 491/629/476
f 469/607/477 468/605/477 483/628/477
f 476/606/478 491/629/478 492/631/478
f 470/609/479 469/607/479 484/630/479
f 470/609/482 485/632/482 486/636/482
f 482/626/483 497/652/483 498/637/483
f 490/627/484 505/653/484 506/638/484
f 484/630/485 483/628/485 498/637/485
f 491/629/486 506/638/486 507/640/486
f 485/632/487 484/630/487 499/639/487
f 485/632/490 500/641/490 501/645/490
f 478/634/491 493/643/491 494/646/491
f 486/636/492 501/645/492 502/647/492
f 480/622/493 479/620/493 494/646/493
f 488/623/494 487/621/494 502/647/494
f 480/622/495 495/648/495 496/650/495
f 488/623/496 503/649/496 504/651/496
f 482/626/497 481/624/497 496/650/497
f 490/627/498 489/625/498 504/651/498
f 501/645/499 516/669/499 517/654/499
f 494/646/500 509/670/500 510/655/500
f 503/649/501 502/647/501 517/654/501
f 495/648/502 510/655/502 511/657/502
f 503/649/503 518/656/503 519/658/503
f 497/652/504 496/650/504 511/657/504
f 505/653/505 504/651/505 519/658/505
f 497/652/506 512/659/506 513/661/506
f 505/653/507 520/660/507 521/662/507
f 499/639/508 498/637/508 513/661/508
f 506/638/509 521/662/509 522/664/509
f 500/641/510 499/639/510 514/663/510
f 500/641/513 515/665/513 516/669/513
f 494/646/514 493/643/514 508/667/514
f 520/660/515 535/687/515 536/671/515
f 514/663/516 513/661/516 528/672/516
f 522/664/517 521/662/517 536/671/517
f 515/665/518 514/663/518 529/673/518
f 515/665/521 530/675/521 531/679/521
f 508/667/522 523/677/522 524/680/522
f 516/669/523 531/679/523 532/681/523
f 510/655/524 509/670/524 524/680/524
f 518/656/525 517/654/525 532/681/525
f 510/655/526 525/682/526 526/684/526
f 518/656/527 533/683/527 534/685/527
f 512/659/528 511/657/528 526/684/528
f 520/660/529 519/658/529 534/685/529
f 512/659/530 527/686/530 528/672/530
f 525/682/531 524/680/531 539/162/531
f 532/681/532 542/133/532 70/138/532
f 526/684/533 525/682/533 65/134/533
f 533/683/534 70/138/534 543/142/534
f 527/686/535 526/684/535 540/139/535
f 535/687/536 534/685/536 543/142/536
f 528/672/537 527/686/537 66/143/537
f 535/687/538 544/146/538 545/150/538
f 529/673/539 528/672/539 541/147/539
f 536/671/540 545/150/540 546/154/540
f 530/675/541 529/673/541 67/151/541
f 530/675/544 68/156/544 69/131/544
f 524/680/545 523/677/545 538/157/545
f 531/679/546 69/131/546 542/133/546
o Sphere.001
v 0.000000 1.831470 -0.555570
v 0.000000 1.555570 -0.831470
v 0.000000 1.195090 -0.980785
v 0.000000 1.000000 -1.000000
v 0.000000 0.804910 -0.980785
v 0.000000 0.444430 -0.831470
v 0.038060 1.980785 -0.191342
v 0.074658 1.923880 -0.375330
v 0.108386 1.831470 -0.544895
v 0.137950 1.707107 -0.693520
v 0.162212 1.555570 -0.815493
v 0.180240 1.382684 -0.906127
v 0.191342 1.195090 -0.961940
v 0.195090 1.000000 -0.980785
v 0.191342 0.804910 -0.961940
v 0.180240 0.617317 -0.906127
v 0.162212 0.444430 -0.815493
v 0.137950 0.292893 -0.693520
v 0.108386 0.168530 -0.544895
v 0.074658 0.076120 -0.375330
v 0.038060 0.019215 -0.191342
v 0.074658 1.980785 -0.180240
v 0.146447 1.923880 -0.353553
v 0.212608 1.831470 -0.513280
v 0.270598 1.707107 -0.653281
v 0.318190 1.555570 -0.768178
v 0.353553 1.382684 -0.853553
v 0.375330 1.195090 -0.906127
v 0.382683 1.000000 -0.923879
v 0.375330 0.804910 -0.906127
v 0.353553 0.617317 -0.853553
v 0.318190 0.444430 -0.768178
v 0.270598 0.292893 -0.653281
v 0.212608 0.168530 -0.513280
v 0.146447 0.076120 -0.353553
v 0.074658 0.019215 -0.180240
v 0.108386 1.980785 -0.162212
v 0.212608 1.923880 -0.318190
v 0.308658 1.831470 -0.461940
v 0.392847 1.707107 -0.587938
v 0.461940 1.555570 -0.691342
v 0.513280 1.382684 -0.768178
v 0.544895 1.195090 -0.815493
v 0.555570 1.000000 -0.831469
v 0.544895 0.804910 -0.815493
v 0.513280 0.617317 -0.768178
v 0.461940 0.444430 -0.691342
v 0.392847 0.292893 -0.587938
v 0.308658 0.168530 -0.461940
v 0.212608 0.076120 -0.318190
v 0.108386 0.019215 -0.162212
v 0.137950 1.980785 -0.137950
v 0.270598 1.923880 -0.270598
v 0.392847 1.831470 -0.392847
v 0.500000 1.707107 -0.500000
v 0.587938 1.555570 -0.587938
v 0.653281 1.382684 -0.653281
v 0.693520 1.195090 -0.693520
v 0.707107 1.000000 -0.707107
v 0.693520 0.804910 -0.693520
v 0.653281 0.617317 -0.653281
v 0.587938 0.444430 -0.587938
v 0.500000 0.292893 -0.500000
v 0.392847 0.168530 -0.392847
v 0.270598 0.076120 -0.270598
v 0.137950 0.019215 -0.137950
v 0.162212 1.980785 -0.108386
v 0.318190 1.923880 -0.212608
v 0.461940 1.831470 -0.308658
v 0.587938 1.707107 -0.392847
v 0.691342 1.555570 -0.461940
v 0.768178 1.382684 -0.513280
v 0.815493 1.195090 -0.544895
v 0.831470 1.000000 -0.555570
v 0.815493 0.804910 -0.544895
v 0.768178 0.617317 -0.513280
v 0.691342 0.444430 -0.461940
v 0.587938 0.292893 -0.392847
v 0.461940 0.168530 -0.308658
v 0.318190 0.076120 -0.212608
v 0.162212 0.019215 -0.108386
v 0.000000 2.000000 0.000000
v 0.180240 1.980785 -0.074658
v 0.353553 1.923880 -0.146447
v 0.513280 1.831470 -0.212607
v 0.653281 1.707107 -0.270598
v 0.768178 1.555570 -0.318190
v 0.853553 1.382684 -0.353553
v 0.906127 1.195090 -0.375330
v 0.923879 1.000000 -0.382683
v 0.906127 0.804910 -0.375330
v 0.853553 0.617317 -0.353553
v 0.768178 0.444430 -0.318190
v 0.653281 0.292893 -0.270598
v 0.513280 0.168530 -0.212607
v 0.353553 0.076120 -0.146447
v 0.180240 0.019215 -0.074658
v 0.191342 1.980785 -0.038060
v 0.375330 1.923880 -0.074658
v 0.544895 1.831470 -0.108386
v 0.693520 1.707107 -0.137950
v 0.815493 1.555570 -0.162212
v 0.906127 1.382684 -0.180240
v 0.961940 1.195090 -0.191342
v 0.980785 1.000000 -0.195090
v 0.961940 0.804910 -0.191342
v 0.906127 0.617317 -0.180240
v 0.815493 0.444430 -0.162212
v 0.693520 0.292893 -0.137950
v 0.544895 0.168530 -0.108386
v 0.375330 0.076120 -0.074658
v 0.191342 0.019215 -0.038060
v 0.195090 1.980785 0.000000
v 0.382683 1.923880 0.000000
v 0.555570 1.831470 0.000000
v 0.707107 1.707107 -0.000000
v 0.831469 1.555570 0.000000
v 0.923879 1.382684 -0.000000
v 0.980785 1.195090 0.000000
v 1.000000 1.000000 0.000000
v 0.980785 0.804910 0.000000
v 0.923879 0.617317 -0.000000
v 0.831469 0.444430 0.000000
v 0.707107 0.292893 -0.000000
v 0.555570 0.168530 0.000000
v 0.382683 0.076120 0.000000
v 0.195090 0.019215 0.000000
v 0.191342 1.980785 0.038060
v 0.375330 1.923880 0.074658
v 0.544895 1.831470 0.108386
v 0.693520 1.707107 0.137950
v 0.815493 1.555570 0.162212
v 0.906127 1.382684 0.180240
v 0.961940 1.195090 0.191342
v 0.980785 1.000000 0.195090
v 0.961940 0.804910 0.191342
v 0.906127 0.617317 0.180240
v 0.815493 0.444430 0.162212
v 0.693520 0.292893 0.137950
v 0.544895 0.168530 0.108386
v 0.375330 0.076120 0.074658
v 0.191342 0.019215 0.038060
v 0.180240 1.980785 0.074658
v 0.353553 1.923880 0.146447
v 0.513280 1.831470 0.212608
v 0.653281 1.707107 0.270598
v 0.768178 1.555570 0.318190
v 0.853553 1.382684 0.353553
v 0.906127 1.195090 0.375330
v 0.923879 1.000000 0.382683
v 0.906127 0.804910 0.375330
v 0.853553 0.617317 0.353553
v 0.768178 0.444430 0.318190
v 0.653281 0.292893 0.270598
v 0.513280 0.168530 0.212608
v 0.353553 0.076120 0.146447
v 0.180240 0.019215 0.074658
v 0.162212 1.980785 0.108386
v 0.318190 1.923880 0.212608
v 0.461940 1.831470 0.308658
v 0.587938 1.707107 0.392847
v 0.691341 1.555570 0.461940
v 0.768178 1.382684 0.513280
v 0.815493 1.195090 0.544895
v 0.831469 1.000000 0.555570
v 0.815493 0.804910 0.544895
v 0.768178 0.617317 0.513280
v 0.691341 0.444430 0.461940
v 0.587938 0.292893 0.392847
v 0.461940 0.168530 0.308658
v 0.318190 0.076120 0.212608
v 0.162212 0.019215 0.108386
v 0.137950 1.980785 0.137950
v 0.270598 1.923880 0.270598
v 0.392847 1.831470 0.392847
v 0.500000 1.707107 0.500000
v 0.587938 1.555570 0.587938
v 0.653281 1.382684 0.653281
v 0.693520 1.195090 0.693520
v 0.707106 1.000000 0.707107
v 0.693520 0.804910 0.693520
v 0.653281 0.617317 0.653281
v 0.587938 0.444430 0.587938
v 0.500000 0.292893 0.500000
v 0.392847 0.168530 0.392847
v 0.270598 0.076120 0.270598
v 0.137950 0.019215 0.137950
v 0.108386 1.980785 0.162212
v 0.212607 1.923880 0.318190
v 0.308658 1.831470 0.461940
v 0.392847 1.707107 0.587938
v 0.461940 1.555570 0.691342
v 0.513280 1.382684 0.768178
v 0.544895 1.195090 0.815493
v 0.555570 1.000000 0.831469
v 0.544895 0.804910 0.815493
v 0.513280 0.617317 0.768178
v 0.461940 0.444430 0.691342
v 0.392847 0.292893 0.587938
v 0.308658 0.168530 0.461940
v 0.212607 0.076120 0.318190
v 0.108386 0.019215 0.162212
v 0.074658 1.980785 0.180240
v 0.146447 1.923880 0.353553
v 0.212607 1.831470 0.513280
v 0.270598 1.707107 0.653281
v 0.318189 1.555570 0.768178
v 0.353553 1.382684 0.853553
v 0.375330 1.195090 0.906127
v 0.382683 1.000000 0.923879
v 0.375330 0.804910 0.906127
v 0.353553 0.617317 0.853553
v 0.318189 0.444430 0.768178
v 0.270598 0.292893 0.653281
v 0.212607 0.168530 0.513280
v 0.146447 0.076120 0.353553
v 0.074658 0.019215 0.180240
v 0.038060 1.980785 0.191342
v 0.074658 1.923880 0.375330
v 0.108386 1.831470 0.544895
v 0.137950 1.707107 0.693520
v 0.162212 1.555570 0.815493
v 0.180240 1.382684 0.906127
v 0.191342 1.195090 0.961939
v 0.195090 1.000000 0.980785
v 0.191342 0.804910 0.961939
v 0.180240 0.617317 0.906127
v 0.162212 0.444430 0.815493
v 0.137950 0.292893 0.693520
v 0.108386 0.168530 0.544895
v 0.074658 0.076120 0.375330
v 0.038060 0.019215 0.191342
v -0.000000 1.980785 0.195090
v -0.000000 1.923880 0.382683
v -0.000000 1.831470 0.555570
v -0.000000 1.707107 0.707107
v -0.000000 1.555570 0.831469
v 0.000000 1.382684 0.923879
v -0.000000 1.195090 0.980785
v -0.000000 1.000000 0.999999
v -0.000000 0.804910 0.980785
v 0.000000 0.617317 0.923879
v -0.000000 0.444430 0.831469
v -0.000000 0.292893 0.707107
v -0.000000 0.168530 0.555570
v -0.000000 0.076120 0.382683
v -0.000000 0.019215 0.195090
v -0.038060 1.980785 0.191342
v -0.074658 1.923880 0.375330
v -0.108386 1.831470 0.544895
v -0.137950 1.707107 0.693520
v -0.162212 1.555570 0.815493
v -0.180240 1.382684 0.906127
v -0.191342 1.195090 0.961939
v -0.195091 1.000000 0.980785
v -0.191342 0.804910 0.961939
v -0.180240 0.617317 0.906127
v -0.162212 0.444430 0.815493
v -0.137950 0.292893 0.693520
v -0.108386 0.168530 0.544895
v -0.074658 0.076120 0.375330
v -0.038060 0.019215 0.191342
v -0.074658 1.980785 0.180240
v -0.146447 1.923880 0.353553
v -0.212608 1.831470 0.513280
v -0.270598 1.707107 0.653281
v -0.318190 1.555570 0.768177
v -0.353553 1.382684 0.853553
v -0.375330 1.195090 0.906127
v -0.382683 1.000000 0.923879
v -0.375330 0.804910 0.906127
v -0.353553 0.617317 0.853553
v -0.318190 0.444430 0.768177
v -0.270598 0.292893 0.653281
v -0.212608 0.168530 0.513280
v -0.146447 0.076120 0.353553
v -0.074658 0.019215 0.180240
v -0.108386 1.980785 0.162212
v -0.212608 1.923880 0.318190
v -0.308658 1.831470 0.461939
v -0.392847 1.707107 0.587938
v -0.461940 1.555570 0.691341
v -0.513280 1.382684 0.768178
v -0.544895 1.195090 0.815493
v -0.555570 1.000000 0.831469
v -0.544895 0.804910 0.815493
v -0.513280 0.617317 0.768178
v -0.461940 0.444430 0.691341
v -0.392847 0.292893 0.587938
v -0.308658 0.168530 0.461939
v -0.212608 0.076120 0.318190
v -0.108386 0.019215 0.162212
v -0.137950 1.980785 0.137950
v -0.270598 1.923880 0.270598
v -0.392847 1.831470 0.392847
v -0.500000 1.707107 0.500000
v -0.587938 1.555570 0.587937
v -0.653281 1.382684 0.653281
v -0.693520 1.195090 0.693520
v -0.707106 1.000000 0.707106
v -0.693520 0.804910 0.693520
v -0.653281 0.617317 0.653281
v -0.587938 0.444430 0.587937
v -0.500000 0.292893 0.500000
v -0.392847 0.168530 0.392847
v -0.270598 0.076120 0.270598
v -0.137950 0.019215 0.137950
v 0.000000 0.000000 0.000000
v -0.162212 1.980785 0.108386
v -0.318190 1.923880 0.212607
v -0.461940 1.831470 0.308658
v -0.587938 1.707107 0.392847
v -0.691341 1.555570 0.461939
v -0.768177 1.382684 0.513280
v -0.815493 1.195090 0.544895
v -0.831469 1.000000 0.555569
v -0.815493 0.804910 0.544895
v -0.768177 0.617317 0.513280
v -0.691341 0.444430 0.461939
v -0.587938 0.292893 0.392847
v -0.461940 0.168530 0.308658
v -0.318190 0.076120 0.212607
v -0.162212 0.019215 0.108386
v -0.180240 1.980785 0.074658
v -0.353553 1.923880 0.146447
v -0.513280 1.831470 0.212607
v -0.653281 1.707107 0.270598
v -0.768177 1.555570 0.318189
v -0.853553 1.382684 0.353553
v -0.906127 1.195090 0.375330
v -0.923879 1.000000 0.382683
v -0.906127 0.804910 0.375330
v -0.853553 0.617317 0.353553
v -0.768177 0.444430 0.318189
v -0.653281 0.292893 0.270598
v -0.513280 0.168530 0.212607
v -0.353553 0.076120 0.146447
v -0.180240 0.019215 0.074658
v -0.191342 1.980785 0.038060
v -0.375330 1.923880 0.074658
v -0.544895 1.831470 0.108386
v -0.693520 1.707107 0.137950
v -0.815493 1.555570 0.162211
v -0.906127 1.382684 0.180240
v -0.961939 1.195090 0.191341
v -0.980784 1.000000 0.195090
v -0.961939 0.804910 0.191341
v -0.906127 0.617317 0.180240
v -0.815493 0.444430 0.162211
v -0.693520 0.292893 0.137950
v -0.544895 0.168530 0.108386
v -0.375330 0.076120 0.074658
v -0.191342 0.019215 0.038060
v -0.195090 1.980785 -0.000000
v -0.382683 1.923880 -0.000000
v -0.555570 1.831470 -0.000000
v -0.707107 1.707107 -0.000000
v -0.831469 1.555570 -0.000000
v -0.923879 1.382684 -0.000000
v -0.980785 1.195090 -0.000000
v -0.999999 1.000000 -0.000000
v -0.980785 0.804910 -0.000000
v -0.923879 0.617317 -0.000000
v -0.831469 0.444430 -0.000000
v -0.707107 0.292893 -0.000000
v -0.555570 0.168530 -0.000000
v -0.382683 0.076120 -0.000000
v -0.195090 0.019215 -0.000000
v -0.191342 1.980785 -0.038060
v -0.375330 1.923880 -0.074658
v -0.544895 1.831470 -0.108386
v -0.693520 1.707107 -0.137950
v -0.815493 1.555570 -0.162212
v -0.906127 1.382684 -0.180240
v -0.961939 1.195090 -0.191342
v -0.980784 1.000000 -0.195091
v -0.961939 0.804910 -0.191342
v -0.906127 0.617317 -0.180240
v -0.815493 0.444430 -0.162212
v -0.693520 0.292893 -0.137950
v -0.544895 0.168530 -0.108386
v -0.375330 0.076120 -0.074658
v -0.191342 0.019215 -0.038060
v -0.180240 1.980785 -0.074658
v -0.353553 1.923880 -0.146447
v -0.513279 1.831470 -0.212607
v -0.653281 1.707107 -0.270598
v -0.768177 1.555570 -0.318190
v -0.853553 1.382684 -0.353553
v -0.906127 1.195090 -0.375330
v -0.923878 1.000000 -0.382683
v -0.906127 0.804910 -0.375330
v -0.853553 0.617317 -0.353553
v -0.768177 0.444430 -0.318190
v -0.653281 0.292893 -0.270598
v -0.513279 0.168530 -0.212607
v -0.353553 0.076120 -0.146447
v -0.180240 0.019215 -0.074658
v -0.162212 1.980785 -0.108386
v -0.318189 1.923880 -0.212607
v -0.461939 1.831470 -0.308658
v -0.587938 1.707107 -0.392847
v -0.691341 1.555570 -0.461940
v -0.768177 1.382684 -0.513280
v -0.815493 1.195090 -0.544895
v -0.831468 1.000000 -0.555570
v -0.815493 0.804910 -0.544895
v -0.768177 0.617317 -0.513280
v -0.691341 0.444430 -0.461940
v -0.587938 0.292893 -0.392847
v -0.461939 0.168530 -0.308658
v -0.318189 0.076120 -0.212607
v -0.162212 0.019215 -0.108386
v -0.137950 1.980785 -0.137950
v -0.270598 1.923880 -0.270598
v -0.392847 1.831470 -0.392847
v -0.500000 1.707107 -0.500000
v -0.587937 1.555570 -0.587938
v -0.653281 1.382684 -0.653281
v -0.693519 1.195090 -0.693520
v -0.707106 1.000000 -0.707106
v -0.693519 0.804910 -0.693520
v -0.653281 0.617317 -0.653281
v -0.587937 0.444430 -0.587938
v -0.500000 0.292893 -0.500000
v -0.392847 0.168530 -0.392847
v -0.270598 0.076120 -0.270598
v -0.137950 0.019215 -0.137950
v -0.108386 1.980785 -0.162212
v -0.212607 1.923880 -0.318190
v -0.308658 1.831470 -0.461939
v -0.392847 1.707107 -0.587938
v -0.461939 1.555570 -0.691341
v -0.513280 1.382684 -0.768177
v -0.544895 1.195090 -0.815493
v -0.555569 1.000000 -0.831469
v -0.544895 0.804910 -0.815493
v -0.513280 0.617317 -0.768177
v -0.461939 0.444430 -0.691341
v -0.392847 0.292893 -0.587938
v -0.308658 0.168530 -0.461939
v -0.212607 0.076120 -0.318190
v -0.108386 0.019215 -0.162212
v -0.074658 1.980785 -0.180240
v -0.146446 1.923880 -0.353553
v -0.212607 1.831470 -0.513279
v -0.270598 1.707107 -0.653281
v -0.318189 1.555570 -0.768177
v -0.353553 1.382684 -0.853553
v -0.375330 1.195090 -0.906127
v -0.382683 1.000000 -0.923879
v -0.375330 0.804910 -0.906127
v -0.353553 0.617317 -0.853553
v -0.318189 0.444430 -0.768177
v -0.270598 0.292893 -0.653281
v -0.212607 0.168530 -0.513279
v -0.146446 0.076120 -0.353553
v -0.074658 0.019215 -0.180240
v -0.038060 1.980785 -0.191342
v -0.074658 1.923880 -0.375330
v -0.108386 1.831470 -0.544895
v -0.137950 1.707107 -0.693520
v -0.162211 1.555570 -0.815493
v -0.180240 1.382684 -0.906127
v -0.191341 1.195090 -0.961939
v -0.195090 1.000000 -0.980784
v -0.191341 0.804910 -0.961939
v -0.180240 0.617317 -0.906127
v -0.162211 0.444430 -0.815493
v -0.137950 0.292893 -0.693520
v -0.108386 0.168530 -0.544895
v -0.074658 0.076120 -0.375330
v -0.038060 0.019215 -0.191342
v 0.000000 1.980785 -0.195090
v 0.000000 1.923880 -0.382683
v 0.000000 1.707107 -0.707107
v 0.000000 1.382684 -0.923879
v 0.000000 0.617317 -0.923879
v 0.000000 0.292893 -0.707107
v 0.000000 0.168530 -0.555570
v 0.000000 0.076120 -0.382683
v 0.000000 0.019215 -0.195090
vn 0.0938 -0.2890 -0.9527
vn 0.0464 0.8810 -0.4709
vn 0.0865 -0.4696 -0.8786
vn 0.0624 0.7715 -0.6332
vn 0.0759 -0.6326 -0.7708
vn 0.0759 0.6326 -0.7708
vn 0.0624 -0.7715 -0.6332
vn 0.0865 0.4696 -0.8786
vn 0.0464 -0.8810 -0.4709
vn 0.0938 0.2890 -0.9527
vn 0.0286 -0.9565 -0.2902
vn 0.0975 0.0975 -0.9904
vn 0.0097 0.9951 -0.0980
vn 0.0097 -0.9951 -0.0980
vn 0.0975 -0.0976 -0.9904
vn 0.0286 0.9565 -0.2902
vn 0.2889 -0.0976 -0.9524
vn 0.0846 0.9565 -0.2790
vn 0.2779 -0.2890 -0.9161
vn 0.1374 0.8810 -0.4528
vn 0.2563 -0.4696 -0.8448
vn 0.1847 0.7715 -0.6088
vn 0.2248 -0.6326 -0.7412
vn 0.2248 0.6326 -0.7412
vn 0.1847 -0.7715 -0.6088
vn 0.2563 0.4696 -0.8448
vn 0.1374 -0.8810 -0.4528
vn 0.2779 0.2890 -0.9161
vn 0.0846 -0.9565 -0.2790
vn 0.2889 0.0976 -0.9524
vn 0.0286 0.9951 -0.0942
vn 0.0286 -0.9951 -0.0942
vn 0.2999 -0.7715 -0.5611
vn 0.4162 0.4696 -0.7786
vn 0.2230 -0.8810 -0.4173
vn 0.4513 0.2890 -0.8443
vn 0.1374 -0.9565 -0.2571
vn 0.4691 0.0975 -0.8777
vn 0.0464 0.9951 -0.0869
vn 0.0464 -0.9951 -0.0869
vn 0.4691 -0.0975 -0.8777
vn 0.1374 0.9565 -0.2571
vn 0.4513 -0.2890 -0.8443
vn 0.2231 0.8810 -0.4173
vn 0.4162 -0.4696 -0.7786
vn 0.2999 0.7715 -0.5611
vn 0.3651 -0.6326 -0.6831
vn 0.3651 0.6326 -0.6831
vn 0.1850 0.9565 -0.2254
vn 0.6073 -0.2890 -0.7400
vn 0.3002 0.8810 -0.3658
vn 0.5601 -0.4696 -0.6825
vn 0.4036 0.7715 -0.4918
vn 0.4913 -0.6326 -0.5987
vn 0.4913 0.6326 -0.5987
vn 0.4036 -0.7715 -0.4918
vn 0.5601 0.4696 -0.6825
vn 0.3002 -0.8810 -0.3658
vn 0.6073 0.2890 -0.7400
vn 0.1850 -0.9565 -0.2254
vn 0.6314 0.0975 -0.7693
vn 0.0625 0.9951 -0.0761
vn 0.0625 -0.9951 -0.0761
vn 0.6314 -0.0975 -0.7693
vn 0.6825 0.4696 -0.5601
vn 0.3658 -0.8810 -0.3002
vn 0.7400 0.2890 -0.6073
vn 0.2254 -0.9566 -0.1850
vn 0.7693 0.0975 -0.6314
vn 0.0761 0.9951 -0.0625
vn 0.0761 -0.9951 -0.0625
vn 0.7693 -0.0975 -0.6314
vn 0.2254 0.9565 -0.1850
vn 0.7400 -0.2890 -0.6073
vn 0.3658 0.8810 -0.3002
vn 0.6825 -0.4696 -0.5601
vn 0.4918 0.7715 -0.4036
vn 0.5987 -0.6326 -0.4913
vn 0.5987 0.6326 -0.4913
vn 0.4918 -0.7715 -0.4036
vn 0.8443 -0.2890 -0.4513
vn 0.4173 0.8810 -0.2230
vn 0.7786 -0.4696 -0.4162
vn 0.5611 0.7715 -0.2999
vn 0.6831 -0.6326 -0.3651
vn 0.6831 0.6326 -0.3651
vn 0.5611 -0.7715 -0.2999
vn 0.7786 0.4696 -0.4162
vn 0.4173 -0.8810 -0.2230
vn 0.8443 0.2890 -0.4513
vn 0.2571 -0.9565 -0.1374
vn 0.8777 0.0975 -0.4691
vn 0.0869 0.9951 -0.0464
vn 0.0869 -0.9951 -0.0464
vn 0.8777 -0.0975 -0.4691
vn 0.2571 0.9565 -0.1374
vn 0.4528 -0.8810 -0.1374
vn 0.9161 0.2890 -0.2779
vn 0.2790 -0.9565 -0.0846
vn 0.9524 0.0975 -0.2889
vn 0.0942 0.9951 -0.0286
vn 0.0942 -0.9951 -0.0286
vn 0.9524 -0.0975 -0.2889
vn 0.2790 0.9565 -0.0846
vn 0.9161 -0.2890 -0.2779
vn 0.4528 0.8810 -0.1374
vn 0.8448 -0.4696 -0.2563
vn 0.6088 0.7715 -0.1847
vn 0.7412 -0.6326 -0.2248
vn 0.7412 0.6326 -0.2248
vn 0.6088 -0.7715 -0.1847
vn 0.8448 0.4696 -0.2563
vn 0.8786 -0.4696 -0.0865
vn 0.6332 0.7715 -0.0624
vn 0.7708 -0.6326 -0.0759
vn 0.7708 0.6326 -0.0759
vn 0.6332 -0.7715 -0.0624
vn 0.8786 0.4696 -0.0865
vn 0.4709 -0.8810 -0.0464
vn 0.9527 0.2890 -0.0938
vn 0.2902 -0.9565 -0.0286
vn 0.9904 0.0975 -0.0975
vn 0.0980 0.9951 -0.0097
vn 0.0980 -0.9951 -0.0097
vn 0.9904 -0.0975 -0.0975
vn 0.2902 0.9565 -0.0286
vn 0.9527 -0.2890 -0.0938
vn 0.4709 0.8810 -0.0464
vn 0.2902 -0.9565 0.0286
vn 0.9904 0.0975 0.0976
vn 0.0980 0.9951 0.0097
vn 0.0980 -0.9951 0.0097
vn 0.9904 -0.0975 0.0976
vn 0.2902 0.9565 0.0286
vn 0.9527 -0.2890 0.0938
vn 0.4709 0.8810 0.0464
vn 0.8786 -0.4696 0.0865
vn 0.6332 0.7715 0.0624
vn 0.7708 -0.6326 0.0759
vn 0.7708 0.6326 0.0759
vn 0.6332 -0.7715 0.0624
vn 0.8786 0.4696 0.0865
vn 0.4709 -0.8810 0.0464
vn 0.9527 0.2890 0.0938
vn 0.6088 0.7715 0.1847
vn 0.7412 -0.6326 0.2248
vn 0.7412 0.6326 0.2248
vn 0.6088 -0.7715 0.1847
vn 0.8448 0.4696 0.2563
vn 0.4528 -0.8810 0.1374
vn 0.9161 0.2890 0.2779
vn 0.2790 -0.9565 0.0846
vn 0.9524 0.0975 0.2889
vn 0.0942 0.9951 0.0286
vn 0.0942 -0.9951 0.0286
vn 0.9524 -0.0975 0.2889
vn 0.2790 0.9565 0.0846
vn 0.9161 -0.2890 0.2779
vn 0.4528 0.8810 0.1374
vn 0.8448 -0.4696 0.2563
vn 0.8777 0.0975 0.4691
vn 0.0869 0.9951 0.0464
vn 0.0869 -0.9951 0.0464
vn 0.8777 -0.0975 0.4691
vn 0.2571 0.9565 0.1374
vn 0.8443 -0.2890 0.4513
vn 0.4173 0.8810 0.2231
vn 0.7786 -0.4696 0.4162
vn 0.5611 0.7715 0.2999
vn 0.6831 -0.6326 0.3651
vn 0.6831 0.6326 0.3651
vn 0.5611 -0.7715 0.2999
vn 0.7786 0.4696 0.4162
vn 0.4173 -0.8810 0.2230
vn 0.8443 0.2890 0.4513
vn 0.2571 -0.9565 0.1374
vn 0.5987 -0.6326 0.4913
vn 0.5987 0.6326 0.4913
vn 0.4918 -0.7715 0.4036
vn 0.6825 0.4696 0.5601
vn 0.3658 -0.8810 0.3002
vn 0.7400 0.2890 0.6073
vn 0.2254 -0.9565 0.1850
vn 0.7693 0.0975 0.6314
vn 0.0761 0.9951 0.0625
vn 0.0761 -0.9951 0.0625
vn 0.7693 -0.0975 0.6314
vn 0.2254 0.9565 0.1850
vn 0.7400 -0.2890 0.6073
vn 0.3658 0.8810 0.3002
vn 0.6825 -0.4696 0.5601
vn 0.4918 0.7715 0.4036
vn 0.0625 0.9951 0.0761
vn 0.0625 -0.9951 0.0761
vn 0.6314 -0.0975 0.7693
vn 0.1850 0.9565 0.2254
vn 0.6073 -0.2890 0.7400
vn 0.3002 0.8810 0.3658
vn 0.5601 -0.4696 0.6825
vn 0.4036 0.7715 0.4918
vn 0.4913 -0.6326 0.5987
vn 0.4913 0.6326 0.5987
vn 0.4036 -0.7715 0.4918
vn 0.5601 0.4696 0.6825
vn 0.3002 -0.8810 0.3658
vn 0.6073 0.2890 0.7400
vn 0.1850 -0.9565 0.2254
vn 0.6314 0.0975 0.7693
vn 0.3651 0.6326 0.6831
vn 0.2999 -0.7715 0.5611
vn 0.4162 0.4696 0.7786
vn 0.2230 -0.8810 0.4173
vn 0.4513 0.2890 0.8443
vn 0.1374 -0.9565 0.2571
vn 0.4691 0.0975 0.8777
vn 0.0464 0.9951 0.0869
vn 0.0464 -0.9951 0.0869
vn 0.4691 -0.0975 0.8777
vn 0.1374 0.9565 0.2571
vn 0.4513 -0.2890 0.8443
vn 0.2230 0.8810 0.4173
vn 0.4162 -0.4696 0.7786
vn 0.2999 0.7715 0.5611
vn 0.3651 -0.6326 0.6831
vn 0.2889 -0.0975 0.9524
vn 0.0846 0.9565 0.2790
vn 0.2779 -0.2890 0.9161
vn 0.1374 0.8810 0.4528
vn 0.2563 -0.4696 0.8448
vn 0.1847 0.7715 0.6088
vn 0.2248 -0.6326 0.7412
vn 0.2248 0.6326 0.7412
vn 0.1847 -0.7715 0.6088
vn 0.2563 0.4696 0.8448
vn 0.1374 -0.8810 0.4528
vn 0.2779 0.2890 0.9161
vn 0.0846 -0.9565 0.2790
vn 0.2889 0.0975 0.9524
vn 0.0286 0.9951 0.0942
vn 0.0286 -0.9951 0.0942
vn 0.0624 -0.7715 0.6332
vn 0.0865 0.4696 0.8786
vn 0.0464 -0.8810 0.4709
vn 0.0938 0.2890 0.9527
vn 0.0286 -0.9565 0.2902
vn 0.0975 0.0975 0.9904
vn 0.0097 0.9951 0.0980
vn 0.0097 -0.9951 0.0980
vn 0.0975 -0.0975 0.9904
vn 0.0286 0.9565 0.2902
vn 0.0938 -0.2890 0.9527
vn 0.0464 0.8810 0.4709
vn 0.0865 -0.4696 0.8786
vn 0.0624 0.7715 0.6332
vn 0.0759 -0.6326 0.7708
vn 0.0759 0.6326 0.7708
vn -0.0938 -0.2890 0.9527
vn -0.0464 0.8810 0.4709
vn -0.0865 -0.4696 0.8786
vn -0.0624 0.7715 0.6332
vn -0.0759 -0.6326 0.7708
vn -0.0759 0.6326 0.7708
vn -0.0624 -0.7715 0.6332
vn -0.0865 0.4696 0.8786
vn -0.0464 -0.8810 0.4709
vn -0.0938 0.2890 0.9527
vn -0.0286 -0.9565 0.2902
vn -0.0976 0.0975 0.9904
vn -0.0097 0.9951 0.0980
vn -0.0097 -0.9951 0.0980
vn -0.0975 -0.0975 0.9904
vn -0.0286 0.9565 0.2902
vn -0.1374 -0.8810 0.4528
vn -0.2779 0.2890 0.9161
vn -0.0846 -0.9565 0.2790
vn -0.2889 0.0975 0.9524
vn -0.0286 0.9951 0.0942
vn -0.0286 -0.9951 0.0942
vn -0.2889 -0.0975 0.9524
vn -0.0846 0.9565 0.2790
vn -0.2779 -0.2890 0.9161
vn -0.1374 0.8810 0.4528
vn -0.2563 -0.4696 0.8448
vn -0.1847 0.7715 0.6088
vn -0.2248 -0.6326 0.7412
vn -0.2248 0.6326 0.7412
vn -0.1847 -0.7715 0.6088
vn -0.2563 0.4696 0.8448
vn -0.2230 0.8810 0.4173
vn -0.4162 -0.4696 0.7786
vn -0.2999 0.7715 0.5611
vn -0.3651 -0.6326 0.6831
vn -0.3651 0.6326 0.6831
vn -0.2999 -0.7715 0.5611
vn -0.4162 0.4696 0.7786
vn -0.2230 -0.8810 0.4173
vn -0.4513 0.2890 0.8443
vn -0.1374 -0.9565 0.2571
vn -0.4691 0.0975 0.8777
vn -0.0464 0.9951 0.0869
vn -0.0464 -0.9951 0.0869
vn -0.4691 -0.0975 0.8777
vn -0.1374 0.9565 0.2571
vn -0.4513 -0.2890 0.8443
vn -0.6073 0.2890 0.7400
vn -0.1850 -0.9565 0.2254
vn -0.6314 0.0975 0.7693
vn -0.0625 0.9951 0.0761
vn -0.0625 -0.9951 0.0761
vn -0.6314 -0.0975 0.7693
vn -0.1850 0.9565 0.2254
vn -0.6073 -0.2890 0.7400
vn -0.3002 0.8810 0.3658
vn -0.5601 -0.4696 0.6825
vn -0.4036 0.7715 0.4918
vn -0.4913 -0.6326 0.5987
vn -0.4913 0.6326 0.5987
vn -0.4036 -0.7715 0.4918
vn -0.5601 0.4696 0.6825
vn -0.3002 -0.8810 0.3658
vn -0.6825 -0.4696 0.5601
vn -0.4918 0.7715 0.4036
vn -0.5987 -0.6326 0.4913
vn -0.5987 0.6326 0.4913
vn -0.4918 -0.7715 0.4036
vn -0.6825 0.4696 0.5601
vn -0.3658 -0.8810 0.3002
vn -0.7400 0.2890 0.6073
vn -0.2254 -0.9566 0.1850
vn -0.7693 0.0975 0.6314
vn -0.0761 0.9951 0.0625
vn -0.0761 -0.9951 0.0625
vn -0.7693 -0.0975 0.6314
vn -0.2254 0.9565 0.1850
vn -0.7400 -0.2890 0.6073
vn -0.3658 0.8810 0.3002
vn -0.2571 -0.9565 0.1374
vn -0.8777 0.0975 0.4691
vn -0.0869 0.9951 0.0464
vn -0.0869 -0.9951 0.0464
vn -0.8777 -0.0975 0.4691
vn -0.2571 0.9565 0.1374
vn -0.8443 -0.2890 0.4513
vn -0.4173 0.8810 0.2230
vn -0.7786 -0.4696 0.4162
vn -0.5611 0.7715 0.2999
vn -0.6831 -0.6326 0.3651
vn -0.6831 0.6326 0.3651
vn -0.5611 -0.7715 0.2999
vn -0.7786 0.4696 0.4162
vn -0.4173 -0.8810 0.2231
vn -0.8443 0.2890 0.4513
vn -0.6088 0.7715 0.1847
vn -0.7412 -0.6326 0.2248
vn -0.7412 0.6326 0.2248
vn -0.6088 -0.7715 0.1847
vn -0.8448 0.4696 0.2563
vn -0.4528 -0.8810 0.1374
vn -0.9161 0.2890 0.2779
vn -0.2790 -0.9565 0.0846
vn -0.9524 0.0975 0.2889
vn -0.0942 0.9951 0.0286
vn -0.0942 -0.9951 0.0286
vn -0.9524 -0.0975 0.2889
vn -0.2790 0.9565 0.0846
vn -0.9161 -0.2890 0.2779
vn -0.4528 0.8810 0.1374
vn -0.8448 -0.4696 0.2563
vn -0.9904 0.0975 0.0975
vn -0.0980 0.9951 0.0097
vn -0.0980 -0.9951 0.0097
vn -0.9904 -0.0975 0.0976
vn -0.2902 0.9565 0.0286
vn -0.9527 -0.2890 0.0938
vn -0.4709 0.8810 0.0464
vn -0.8786 -0.4696 0.0865
vn -0.6332 0.7715 0.0624
vn -0.7708 -0.6326 0.0759
vn -0.7708 0.6326 0.0759
vn -0.6332 -0.7715 0.0624
vn -0.8786 0.4696 0.0865
vn -0.4709 -0.8810 0.0464
vn -0.9527 0.2890 0.0938
vn -0.2902 -0.9565 0.0286
vn -0.7708 -0.6326 -0.0759
vn -0.7708 0.6326 -0.0759
vn -0.6332 -0.7715 -0.0624
vn -0.8786 0.4696 -0.0865
vn -0.4709 -0.8810 -0.0464
vn -0.9527 0.2890 -0.0938
vn -0.2902 -0.9565 -0.0286
vn -0.9904 0.0975 -0.0975
vn -0.0980 0.9951 -0.0097
vn -0.0980 -0.9951 -0.0097
vn -0.9904 -0.0975 -0.0976
vn -0.2902 0.9565 -0.0286
vn -0.9527 -0.2890 -0.0938
vn -0.4709 0.8810 -0.0464
vn -0.8786 -0.4696 -0.0865
vn -0.6332 0.7715 -0.0624
vn -0.0942 -0.9951 -0.0286
vn -0.9524 -0.0975 -0.2889
vn -0.2790 0.9565 -0.0846
vn -0.9161 -0.2890 -0.2779
vn -0.4528 0.8810 -0.1374
vn -0.8448 -0.4696 -0.2563
vn -0.6088 0.7715 -0.1847
vn -0.7412 -0.6326 -0.2248
vn -0.7412 0.6326 -0.2248
vn -0.6088 -0.7715 -0.1847
vn -0.8448 0.4696 -0.2563
vn -0.4528 -0.8810 -0.1374
vn -0.9161 0.2890 -0.2779
vn -0.2790 -0.9565 -0.0846
vn -0.9524 0.0975 -0.2889
vn -0.0942 0.9951 -0.0286
vn -0.5611 -0.7715 -0.2999
vn -0.7786 0.4696 -0.4162
vn -0.4173 -0.8810 -0.2231
vn -0.8443 0.2890 -0.4513
vn -0.2571 -0.9565 -0.1374
vn -0.8777 0.0975 -0.4691
vn -0.0869 0.9951 -0.0464
vn -0.0869 -0.9951 -0.0464
vn -0.8777 -0.0975 -0.4691
vn -0.2571 0.9565 -0.1374
vn -0.8443 -0.2890 -0.4513
vn -0.4173 0.8810 -0.2231
vn -0.7786 -0.4696 -0.4162
vn -0.5611 0.7715 -0.2999
vn -0.6831 -0.6326 -0.3651
vn -0.6831 0.6326 -0.3651
vn -0.2254 0.9565 -0.1850
vn -0.7400 -0.2890 -0.6073
vn -0.3658 0.8810 -0.3002
vn -0.6825 -0.4696 -0.5601
vn -0.4918 0.7715 -0.4036
vn -0.5987 -0.6326 -0.4913
vn -0.5987 0.6326 -0.4913
vn -0.4918 -0.7715 -0.4036
vn -0.6825 0.4696 -0.5601
vn -0.3658 -0.8810 -0.3002
vn -0.7400 0.2890 -0.6073
vn -0.2254 -0.9565 -0.1850
vn -0.7693 0.0975 -0.6314
vn -0.0761 0.9951 -0.0625
vn -0.0761 -0.9951 -0.0625
vn -0.7693 -0.0975 -0.6314
vn -0.5601 0.4696 -0.6825
vn -0.3002 -0.8810 -0.3658
vn -0.6073 0.2890 -0.7400
vn -0.1850 -0.9565 -0.2254
vn -0.6314 0.0975 -0.7693
vn -0.0625 0.9951 -0.0761
vn -0.0625 -0.9951 -0.0761
vn -0.6314 -0.0975 -0.7693
vn -0.1850 0.9565 -0.2254
vn -0.6073 -0.2890 -0.7400
vn -0.3002 0.8810 -0.3658
vn -0.5601 -0.4696 -0.6825
vn -0.4036 0.7715 -0.4918
vn -0.4913 -0.6326 -0.5987
vn -0.4913 0.6326 -0.5987
vn -0.4036 -0.7715 -0.4918
vn -0.4513 -0.2890 -0.8443
vn -0.2230 0.8810 -0.4173
vn -0.4162 -0.4696 -0.7786
vn -0.2999 0.7715 -0.5611
vn -0.3651 -0.6326 -0.6831
vn -0.3651 0.6326 -0.6831
vn -0.2999 -0.7715 -0.5611
vn -0.4162 0.4696 -0.7786
vn -0.2230 -0.8810 -0.4173
vn -0.4513 0.2890 -0.8443
vn -0.1374 -0.9565 -0.2571
vn -0.4691 0.0975 -0.8777
vn -0.0464 0.9951 -0.0869
vn -0.0464 -0.9951 -0.0869
vn -0.4691 -0.0975 -0.8777
vn -0.1374 0.9565 -0.2571
vn -0.1374 -0.8810 -0.4528
vn -0.2779 0.2890 -0.9161
vn -0.0846 -0.9565 -0.2790
vn -0.2889 0.0975 -0.9524
vn -0.0286 0.9951 -0.0942
vn -0.0286 -0.9951 -0.0942
vn -0.2889 -0.0975 -0.9524
vn -0.0846 0.9565 -0.2790
vn -0.2779 -0.2890 -0.9161
vn -0.1374 0.8810 -0.4528
vn -0.2563 -0.4696 -0.8448
vn -0.1847 0.7715 -0.6088
vn -0.2248 -0.6326 -0.7412
vn -0.2248 0.6326 -0.7412
vn -0.1847 -0.7715 -0.6088
vn -0.2563 0.4696 -0.8448
vn -0.0464 0.8810 -0.4709
vn -0.0865 -0.4696 -0.8786
vn -0.0624 0.7715 -0.6332
vn -0.0759 -0.6326 -0.7708
vn -0.0759 0.6326 -0.7708
vn -0.0624 -0.7715 -0.6332
vn -0.0865 0.4696 -0.8786
vn -0.0464 -0.8810 -0.4709
vn -0.0938 0.2890 -0.9527
vn -0.0286 -0.9565 -0.2902
vn -0.0976 0.0975 -0.9904
vn -0.0097 0.9951 -0.0980
vn -0.0097 -0.9951 -0.0980
vn -0.0976 -0.0975 -0.9904
vn -0.0286 0.9565 -0.2902
vn -0.0938 -0.2890 -0.9527
vn 0.0975 0.0976 -0.9904
vn 0.0975 -0.0975 -0.9904
vn 0.2231 -0.8810 -0.4173
vn 0.2230 0.8810 -0.4173
vn 0.2254 -0.9565 -0.1850
vn 0.4173 0.8810 0.2230
vn 0.4173 -0.8810 0.2231
vn 0.2231 -0.8810 0.4173
vn -0.0975 0.0975 0.9904
vn -0.0976 -0.0975 0.9904
vn -0.2231 0.8810 0.4173
vn -0.2231 -0.8810 0.4173
vn -0.2254 -0.9565 0.1850
vn -0.4173 -0.8810 0.2230
vn -0.9904 0.0975 0.0976
vn -0.9904 -0.0975 0.0975
vn -0.9904 0.0975 -0.0976
vn -0.9904 -0.0975 -0.0975
vt 0.750000 0.437500
vt 0.718750 0.375000
vt 0.750000 0.375000
vt 0.750000 0.812500
vt 0.718750 0.875000
vt 0.718750 0.812500
vt 0.718750 0.312500
vt 0.750000 0.312500
vt 0.750000 0.750000
vt 0.718750 0.750000
vt 0.718750 0.250000
vt 0.750000 0.250000
vt 0.750000 0.687500
vt 0.718750 0.687500
vt 0.718750 0.187500
vt 0.750000 0.187500
vt 0.750000 0.625000
vt 0.718750 0.625000
vt 0.718750 0.125000
vt 0.750000 0.125000
vt 0.750000 0.562500
vt 0.718750 0.562500
vt 0.718750 0.062500
vt 0.750000 0.062500
vt 0.718750 0.500000
vt 0.750000 0.500000
vt 0.750000 0.937500
vt 0.734375 1.000000
vt 0.718750 0.937500
vt 0.734375 0.000000
vt 0.718750 0.437500
vt 0.750000 0.875000
vt 0.687500 0.437500
vt 0.687500 0.875000
vt 0.687500 0.375000
vt 0.687500 0.812500
vt 0.687500 0.312500
vt 0.687500 0.750000
vt 0.687500 0.250000
vt 0.687500 0.687500
vt 0.687500 0.187500
vt 0.687500 0.625000
vt 0.687500 0.125000
vt 0.687500 0.562500
vt 0.687500 0.062500
vt 0.687500 0.500000
vt 0.703125 1.000000
vt 0.687500 0.937500
vt 0.703125 0.000000
vt 0.656250 0.250000
vt 0.656250 0.187500
vt 0.656250 0.625000
vt 0.656250 0.125000
vt 0.656250 0.562500
vt 0.656250 0.062500
vt 0.656250 0.500000
vt 0.671875 1.000000
vt 0.656250 0.937500
vt 0.671875 0.000000
vt 0.656250 0.437500
vt 0.656250 0.875000
vt 0.656250 0.375000
vt 0.656250 0.812500
vt 0.656250 0.312500
vt 0.656250 0.750000
vt 0.656250 0.687500
vt 0.625000 0.875000
vt 0.625000 0.375000
vt 0.625000 0.812500
vt 0.625000 0.312500
vt 0.625000 0.750000
vt 0.625000 0.250000
vt 0.625000 0.687500
vt 0.625000 0.187500
vt 0.625000 0.625000
vt 0.625000 0.125000
vt 0.625000 0.562500
vt 0.625000 0.062500
vt 0.625000 0.500000
vt 0.640625 1.000000
vt 0.625000 0.937500
vt 0.640625 0.000000
vt 0.625000 0.437500
vt 0.593750 0.625000
vt 0.593750 0.187500
vt 0.593750 0.125000
vt 0.593750 0.562500
vt 0.593750 0.062500
vt 0.593750 0.500000
vt 0.609375 1.000000
vt 0.593750 0.937500
vt 0.609375 0.000000
vt 0.593750 0.437500
vt 0.593750 0.875000
vt 0.593750 0.375000
vt 0.593750 0.812500
vt 0.593750 0.312500
vt 0.593750 0.750000
vt 0.593750 0.250000
vt 0.593750 0.687500
vt 0.562500 0.375000
vt 0.562500 0.812500
vt 0.562500 0.312500
vt 0.562500 0.750000
vt 0.562500 0.250000
vt 0.562500 0.687500
vt 0.562500 0.187500
vt 0.562500 0.625000
vt 0.562500 0.125000
vt 0.562500 0.562500
vt 0.562500 0.062500
vt 0.562500 0.500000
vt 0.578125 1.000000
vt 0.562500 0.937500
vt 0.578125 0.000000
vt 0.562500 0.437500
vt 0.562500 0.875000
vt 0.531250 0.187500
vt 0.531250 0.125000
vt 0.531250 0.625000
vt 0.531250 0.562500
vt 0.531250 0.062500
vt 0.531250 0.500000
vt 0.546875 1.000000
vt 0.531250 0.937500
vt 0.546875 0.000000
vt 0.531250 0.437500
vt 0.531250 0.875000
vt 0.531250 0.375000
vt 0.531250 0.812500
vt 0.531250 0.312500
vt 0.531250 0.750000
vt 0.531250 0.250000
vt 0.531250 0.687500
vt 0.500000 0.375000
vt 0.500000 0.312500
vt 0.500000 0.750000
vt 0.500000 0.250000
vt 0.500000 0.687500
vt 0.500000 0.187500
vt 0.500000 0.625000
vt 0.500000 0.125000
vt 0.500000 0.562500
vt 0.500000 0.062500
vt 0.500000 0.500000
vt 0.515625 1.000000
vt 0.500000 0.937500
vt 0.515625 0.000000
vt 0.500000 0.437500
vt 0.500000 0.875000
vt 0.500000 0.812500
vt 0.468750 0.062500
vt 0.468750 0.562500
vt 0.468750 0.500000
vt 0.484375 1.000000
vt 0.468750 0.937500
vt 0.484375 0.000000
vt 0.468750 0.437500
vt 0.468750 0.875000
vt 0.468750 0.375000
vt 0.468750 0.812500
vt 0.468750 0.312500
vt 0.468750 0.750000
vt 0.468750 0.250000
vt 0.468750 0.687500
vt 0.468750 0.187500
vt 0.468750 0.625000
vt 0.468750 0.125000
vt 0.437500 0.750000
vt 0.437500 0.250000
vt 0.437500 0.687500
vt 0.437500 0.187500
vt 0.437500 0.625000
vt 0.437500 0.125000
vt 0.437500 0.562500
vt 0.437500 0.062500
vt 0.437500 0.500000
vt 0.453125 1.000000
vt 0.437500 0.937500
vt 0.453125 0.000000
vt 0.437500 0.437500
vt 0.437500 0.875000
vt 0.437500 0.375000
vt 0.437500 0.812500
vt 0.437500 0.312500
vt 0.406250 0.562500
vt 0.406250 0.500000
vt 0.421875 1.000000
vt 0.406250 0.937500
vt 0.421875 0.000000
vt 0.406250 0.062500
vt 0.406250 0.437500
vt 0.406250 0.875000
vt 0.406250 0.375000
vt 0.406250 0.812500
vt 0.406250 0.312500
vt 0.406250 0.750000
vt 0.406250 0.250000
vt 0.406250 0.687500
vt 0.406250 0.187500
vt 0.406250 0.625000
vt 0.406250 0.125000
vt 0.375000 0.250000
vt 0.375000 0.750000
vt 0.375000 0.687500
vt 0.375000 0.187500
vt 0.375000 0.625000
vt 0.375000 0.125000
vt 0.375000 0.562500
vt 0.375000 0.062500
vt 0.375000 0.500000
vt 0.390625 1.000000
vt 0.375000 0.937500
vt 0.390625 0.000000
vt 0.375000 0.437500
vt 0.375000 0.875000
vt 0.375000 0.375000
vt 0.375000 0.812500
vt 0.375000 0.312500
vt 0.359375 1.000000
vt 0.343750 0.937500
vt 0.359375 0.000000
vt 0.343750 0.062500
vt 0.343750 0.437500
vt 0.343750 0.875000
vt 0.343750 0.375000
vt 0.343750 0.812500
vt 0.343750 0.312500
vt 0.343750 0.750000
vt 0.343750 0.250000
vt 0.343750 0.687500
vt 0.343750 0.187500
vt 0.343750 0.625000
vt 0.343750 0.125000
vt 0.343750 0.562500
vt 0.343750 0.500000
vt 0.312500 0.750000
vt 0.312500 0.687500
vt 0.312500 0.250000
vt 0.312500 0.187500
vt 0.312500 0.625000
vt 0.312500 0.125000
vt 0.312500 0.562500
vt 0.312500 0.062500
vt 0.312500 0.500000
vt 0.328125 1.000000
vt 0.312500 0.937500
vt 0.328125 0.000000
vt 0.312500 0.437500
vt 0.312500 0.875000
vt 0.312500 0.375000
vt 0.312500 0.812500
vt 0.312500 0.312500
vt 0.281250 0.437500
vt 0.281250 0.875000
vt 0.281250 0.375000
vt 0.281250 0.812500
vt 0.281250 0.312500
vt 0.281250 0.750000
vt 0.281250 0.250000
vt 0.281250 0.687500
vt 0.281250 0.187500
vt 0.281250 0.625000
vt 0.281250 0.125000
vt 0.281250 0.562500
vt 0.281250 0.062500
vt 0.281250 0.500000
vt 0.296875 1.000000
vt 0.281250 0.937500
vt 0.296875 0.000000
vt 0.250000 0.250000
vt 0.250000 0.187500
vt 0.250000 0.625000
vt 0.250000 0.125000
vt 0.250000 0.562500
vt 0.250000 0.062500
vt 0.250000 0.500000
vt 0.265625 1.000000
vt 0.250000 0.937500
vt 0.265625 0.000000
vt 0.250000 0.437500
vt 0.250000 0.875000
vt 0.250000 0.375000
vt 0.250000 0.812500
vt 0.250000 0.312500
vt 0.250000 0.750000
vt 0.250000 0.687500
vt 0.218750 0.375000
vt 0.218750 0.812500
vt 0.218750 0.312500
vt 0.218750 0.750000
vt 0.218750 0.250000
vt 0.218750 0.687500
vt 0.218750 0.187500
vt 0.218750 0.625000
vt 0.218750 0.125000
vt 0.218750 0.562500
vt 0.218750 0.062500
vt 0.218750 0.500000
vt 0.234375 1.000000
vt 0.218750 0.937500
vt 0.234375 0.000000
vt 0.218750 0.437500
vt 0.218750 0.875000
vt 0.187500 0.125000
vt 0.187500 0.625000
vt 0.187500 0.562500
vt 0.187500 0.062500
vt 0.187500 0.500000
vt 0.203125 1.000000
vt 0.187500 0.937500
vt 0.203125 0.000000
vt 0.187500 0.437500
vt 0.187500 0.875000
vt 0.187500 0.375000
vt 0.187500 0.812500
vt 0.187500 0.312500
vt 0.187500 0.750000
vt 0.187500 0.250000
vt 0.187500 0.687500
vt 0.187500 0.187500
vt 0.156250 0.812500
vt 0.156250 0.375000
vt 0.156250 0.312500
vt 0.156250 0.750000
vt 0.156250 0.250000
vt 0.156250 0.687500
vt 0.156250 0.187500
vt 0.156250 0.625000
vt 0.156250 0.125000
vt 0.156250 0.562500
vt 0.156250 0.062500
vt 0.156250 0.500000
vt 0.171875 1.000000
vt 0.156250 0.937500
vt 0.171875 0.000000
vt 0.156250 0.437500
vt 0.156250 0.875000
vt 0.125000 0.625000
vt 0.125000 0.562500
vt 0.125000 0.125000
vt 0.125000 0.062500
vt 0.125000 0.500000
vt 0.140625 1.000000
vt 0.125000 0.937500
vt 0.140625 0.000000
vt 0.125000 0.437500
vt 0.125000 0.875000
vt 0.125000 0.375000
vt 0.125000 0.812500
vt 0.125000 0.312500
vt 0.125000 0.750000
vt 0.125000 0.250000
vt 0.125000 0.687500
vt 0.125000 0.187500
vt 0.093750 0.375000
vt 0.093750 0.312500
vt 0.093750 0.750000
vt 0.093750 0.250000
vt 0.093750 0.687500
vt 0.093750 0.187500
vt 0.093750 0.625000
vt 0.093750 0.125000
vt 0.093750 0.562500
vt 0.093750 0.062500
vt 0.093750 0.500000
vt 0.109375 1.000000
vt 0.093750 0.937500
vt 0.109375 0.000000
vt 0.093750 0.437500
vt 0.093750 0.875000
vt 0.093750 0.812500
vt 0.062500 0.062500
vt 0.062500 0.562500
vt 0.062500 0.500000
vt 0.078125 1.000000
vt 0.062500 0.937500
vt 0.078125 0.000000
vt 0.062500 0.437500
vt 0.062500 0.875000
vt 0.062500 0.375000
vt 0.062500 0.812500
vt 0.062500 0.312500
vt 0.062500 0.750000
vt 0.062500 0.250000
vt 0.062500 0.687500
vt 0.062500 0.187500
vt 0.062500 0.625000
vt 0.062500 0.125000
vt 0.031250 0.750000
vt 0.031250 0.250000
vt 0.031250 0.687500
vt 0.031250 0.187500
vt 0.031250 0.625000
vt 0.031250 0.125000
vt 0.031250 0.562500
vt 0.031250 0.062500
vt 0.031250 0.500000
vt 0.046875 1.000000
vt 0.031250 0.937500
vt 0.046875 0.000000
vt 0.031250 0.437500
vt 0.031250 0.875000
vt 0.031250 0.375000
vt 0.031250 0.812500
vt 0.031250 0.312500
vt 0.000000 0.562500
vt 0.000000 0.500000
vt 0.015625 1.000000
vt 0.000000 0.937500
vt 0.015625 0.000000
vt 0.000000 0.062500
vt 0.000000 0.437500
vt 0.000000 0.875000
vt 0.000000 0.375000
vt 0.000000 0.812500
vt 0.000000 0.312500
vt 0.000000 0.750000
vt 0.000000 0.250000
vt 0.000000 0.687500
vt 0.000000 0.187500
vt 0.000000 0.625000
vt 0.000000 0.125000
vt 1.000000 0.312500
vt 0.968750 0.250000
vt 1.000000 0.250000
vt 1.000000 0.687500
vt 0.968750 0.750000
vt 0.968750 0.687500
vt 1.000000 0.187500
vt 0.968750 0.187500
vt 0.968750 0.625000
vt 1.000000 0.625000
vt 0.968750 0.125000
vt 1.000000 0.125000
vt 1.000000 0.562500
vt 0.968750 0.562500
vt 0.968750 0.062500
vt 1.000000 0.062500
vt 1.000000 0.500000
vt 0.968750 0.500000
vt 1.000000 0.937500
vt 0.984375 1.000000
vt 0.968750 0.937500
vt 0.984375 0.000000
vt 0.968750 0.437500
vt 1.000000 0.437500
vt 0.968750 0.875000
vt 1.000000 0.875000
vt 0.968750 0.375000
vt 1.000000 0.375000
vt 1.000000 0.812500
vt 0.968750 0.812500
vt 0.968750 0.312500
vt 1.000000 0.750000
vt 0.953125 0.000000
vt 0.937500 0.062500
vt 0.937500 0.437500
vt 0.937500 0.875000
vt 0.937500 0.375000
vt 0.937500 0.812500
vt 0.937500 0.312500
vt 0.937500 0.750000
vt 0.937500 0.250000
vt 0.937500 0.687500
vt 0.937500 0.187500
vt 0.937500 0.625000
vt 0.937500 0.125000
vt 0.937500 0.562500
vt 0.937500 0.500000
vt 0.953125 1.000000
vt 0.937500 0.937500
vt 0.906250 0.250000
vt 0.906250 0.187500
vt 0.906250 0.625000
vt 0.906250 0.125000
vt 0.906250 0.562500
vt 0.906250 0.062500
vt 0.906250 0.500000
vt 0.921875 1.000000
vt 0.906250 0.937500
vt 0.921875 0.000000
vt 0.906250 0.437500
vt 0.906250 0.875000
vt 0.906250 0.375000
vt 0.906250 0.812500
vt 0.906250 0.312500
vt 0.906250 0.750000
vt 0.906250 0.687500
vt 0.875000 0.875000
vt 0.875000 0.375000
vt 0.875000 0.812500
vt 0.875000 0.312500
vt 0.875000 0.750000
vt 0.875000 0.250000
vt 0.875000 0.687500
vt 0.875000 0.187500
vt 0.875000 0.625000
vt 0.875000 0.125000
vt 0.875000 0.562500
vt 0.875000 0.062500
vt 0.875000 0.500000
vt 0.890625 1.000000
vt 0.875000 0.937500
vt 0.890625 0.000000
vt 0.875000 0.437500
vt 0.843750 0.625000
vt 0.843750 0.125000
vt 0.843750 0.562500
vt 0.843750 0.062500
vt 0.843750 0.500000
vt 0.859375 1.000000
vt 0.843750 0.937500
vt 0.859375 0.000000
vt 0.843750 0.437500
vt 0.843750 0.875000
vt 0.843750 0.375000
vt 0.843750 0.812500
vt 0.843750 0.312500
vt 0.843750 0.750000
vt 0.843750 0.250000
vt 0.843750 0.687500
vt 0.843750 0.187500
vt 0.812500 0.375000
vt 0.812500 0.812500
vt 0.812500 0.312500
vt 0.812500 0.750000
vt 0.812500 0.250000
vt 0.812500 0.687500
vt 0.812500 0.187500
vt 0.812500 0.625000
vt 0.812500 0.125000
vt 0.812500 0.562500
vt 0.812500 0.062500
vt 0.812500 0.500000
vt 0.828125 1.000000
vt 0.812500 0.937500
vt 0.828125 0.000000
vt 0.812500 0.437500
vt 0.812500 0.875000
vt 0.781250 0.125000
vt 0.781250 0.625000
vt 0.781250 0.562500
vt 0.781250 0.062500
vt 0.781250 0.500000
vt 0.796875 1.000000
vt 0.781250 0.937500
vt 0.796875 0.000000
vt 0.781250 0.437500
vt 0.781250 0.875000
vt 0.781250 0.375000
vt 0.781250 0.812500
vt 0.781250 0.312500
vt 0.781250 0.750000
vt 0.781250 0.250000
vt 0.781250 0.687500
vt 0.781250 0.187500
vt 0.765625 1.000000
vt 0.765625 0.000000
s 0
f 551/690/565 562/691/565 1024/692/565
f 547/693/566 554/694/566 555/695/566
f 1024/692/567 563/696/567 552/697/567
f 1022/698/568 555/695/568 556/699/568
f 552/697/569 564/700/569 1025/701/569
f 548/702/570 556/699/570 557/703/570
f 1025/701/571 565/704/571 1026/705/571
f 1023/706/572 557/703/572 558/707/572
f 1026/705/573 566/708/573 1027/709/573
f 549/710/574 558/707/574 559/711/574
f 1027/709/575 567/712/575 1028/713/575
f 549/710/576 560/714/576 550/715/576
f 1020/716/577 628/717/577 553/718/577
f 854/719/578 1028/713/578 567/712/578
f 550/715/579 561/720/579 551/690/579
f 1021/721/580 553/718/580 554/694/580
f 560/714/581 576/722/581 561/720/581
f 553/718/582 569/723/582 554/694/582
f 561/720/583 577/724/583 562/691/583
f 554/694/584 570/725/584 555/695/584
f 562/691/585 578/726/585 563/696/585
f 555/695/586 571/727/586 556/699/586
f 563/696/587 579/728/587 564/700/587
f 556/699/588 572/729/588 557/703/588
f 565/704/589 579/728/589 580/730/589
f 557/703/590 573/731/590 558/707/590
f 566/708/591 580/730/591 581/732/591
f 559/711/592 573/731/592 574/733/592
f 566/708/593 582/734/593 567/712/593
f 559/711/594 575/735/594 560/714/594
f 553/718/595 628/736/595 568/737/595
f 854/738/596 567/712/596 582/734/596
f 580/730/597 594/739/597 595/740/597
f 572/729/598 588/741/598 573/731/598
f 580/730/599 596/742/599 581/732/599
f 573/731/600 589/743/600 574/733/600
f 581/732/601 597/744/601 582/734/601
f 574/733/602 590/745/602 575/735/602
f 568/737/603 628/746/603 583/747/603
f 854/748/604 582/734/604 597/744/604
f 576/722/605 590/745/605 591/749/605
f 568/737/606 584/750/606 569/723/606
f 576/722/607 592/751/607 577/724/607
f 569/723/608 585/752/608 570/725/608
f 578/726/609 592/751/609 593/753/609
f 570/725/610 586/754/610 571/727/610
f 579/728/611 593/753/611 594/739/611
f 571/727/612 587/755/612 572/729/612
f 583/747/613 599/756/613 584/750/613
f 591/749/614 607/757/614 592/751/614
f 584/750/615 600/758/615 585/752/615
f 593/753/616 607/757/616 608/759/616
f 585/752/617 601/760/617 586/754/617
f 593/753/618 609/761/618 594/739/618
f 586/754/619 602/762/619 587/755/619
f 594/739/620 610/763/620 595/740/620
f 587/755/621 603/764/621 588/741/621
f 595/740/622 611/765/622 596/742/622
f 589/743/623 603/764/623 604/766/623
f 596/742/624 612/767/624 597/744/624
f 590/745/625 604/766/625 605/768/625
f 583/747/626 628/769/626 598/770/626
f 854/771/627 597/744/627 612/767/627
f 590/745/628 606/772/628 591/749/628
f 602/762/629 618/773/629 603/764/629
f 611/765/630 625/774/630 626/775/630
f 604/766/631 618/773/631 619/776/631
f 611/765/632 627/777/632 612/767/632
f 605/768/633 619/776/633 620/778/633
f 598/770/634 628/779/634 613/780/634
f 854/781/635 612/767/635 627/777/635
f 605/768/636 621/782/636 606/772/636
f 598/770/637 614/783/637 599/756/637
f 606/772/638 622/784/638 607/757/638
f 599/756/639 615/785/639 600/758/639
f 608/759/640 622/784/640 623/786/640
f 600/758/641 616/787/641 601/760/641
f 608/759/642 624/788/642 609/761/642
f 602/762/643 616/787/643 617/789/643
f 609/761/644 625/774/644 610/763/644
f 621/782/645 638/790/645 622/784/645
f 614/783/646 631/791/646 615/785/646
f 623/786/647 638/790/647 639/792/647
f 615/785/648 632/793/648 616/787/648
f 623/786/649 640/794/649 624/788/649
f 617/789/650 632/793/650 633/795/650
f 624/788/651 641/796/651 625/774/651
f 617/789/652 634/797/652 618/773/652
f 625/774/653 642/798/653 626/775/653
f 619/776/654 634/797/654 635/799/654
f 627/777/655 642/798/655 643/800/655
f 620/778/656 635/799/656 636/801/656
f 613/780/657 628/802/657 629/803/657
f 854/804/658 627/777/658 643/800/658
f 620/778/659 637/805/659 621/782/659
f 613/780/660 630/806/660 614/783/660
f 642/798/661 656/807/661 657/808/661
f 635/799/662 649/809/662 650/810/662
f 642/798/663 658/811/663 643/800/663
f 636/801/664 650/810/664 651/812/664
f 629/803/665 628/813/665 644/814/665
f 854/815/666 643/800/666 658/811/666
f 636/801/667 652/816/667 637/805/667
f 630/806/668 644/814/668 645/817/668
f 637/805/669 653/818/669 638/790/669
f 630/806/670 646/819/670 631/791/670
f 639/792/671 653/818/671 654/820/671
f 631/791/672 647/821/672 632/793/672
f 639/792/673 655/822/673 640/794/673
f 633/795/674 647/821/674 648/823/674
f 641/796/675 655/822/675 656/807/675
f 633/795/676 649/809/676 634/797/676
f 654/820/677 668/824/677 669/825/677
f 646/819/678 662/826/678 647/821/678
f 654/820/679 670/827/679 655/822/679
f 648/823/680 662/826/680 663/828/680
f 656/807/681 670/827/681 671/829/681
f 648/823/682 664/830/682 649/809/682
f 656/807/683 672/831/683 657/808/683
f 650/810/684 664/830/684 665/832/684
f 657/808/685 673/833/685 658/811/685
f 651/812/686 665/832/686 666/834/686
f 644/814/687 628/835/687 659/836/687
f 854/837/688 658/811/688 673/833/688
f 651/812/689 667/838/689 652/816/689
f 645/817/690 659/836/690 660/839/690
f 652/816/691 668/824/691 653/818/691
f 645/817/692 661/840/692 646/819/692
f 672/831/693 688/841/693 673/833/693
f 666/834/694 680/842/694 681/843/694
f 659/836/695 628/844/695 674/845/695
f 854/846/696 673/833/696 688/841/696
f 666/834/697 682/847/697 667/838/697
f 659/836/698 675/848/698 660/839/698
f 667/838/699 683/849/699 668/824/699
f 660/839/700 676/850/700 661/840/700
f 669/825/701 683/849/701 684/851/701
f 661/840/702 677/852/702 662/826/702
f 669/825/703 685/853/703 670/827/703
f 663/828/704 677/852/704 678/854/704
f 671/829/705 685/853/705 686/855/705
f 663/828/706 679/856/706 664/830/706
f 671/829/707 687/857/707 672/831/707
f 665/832/708 679/856/708 680/842/708
f 676/850/709 692/858/709 677/852/709
f 684/851/710 700/859/710 685/853/710
f 678/854/711 692/858/711 693/860/711
f 686/855/712 700/859/712 701/861/712
f 678/854/713 694/862/713 679/856/713
f 686/855/714 702/863/714 687/857/714
f 680/842/715 694/862/715 695/864/715
f 688/841/716 702/863/716 703/865/716
f 681/843/717 695/864/717 696/866/717
f 674/845/718 628/867/718 689/868/718
f 854/869/719 688/841/719 703/865/719
f 681/843/720 697/870/720 682/847/720
f 674/845/721 690/871/721 675/848/721
f 682/847/722 698/872/722 683/849/722
f 676/850/723 690/871/723 691/873/723
f 684/851/724 698/872/724 699/874/724
f 696/866/725 710/875/725 711/876/725
f 689/868/726 628/877/726 704/878/726
f 854/879/727 703/865/727 718/880/727
f 696/866/728 712/881/728 697/870/728
f 689/868/729 705/882/729 690/871/729
f 697/870/730 713/883/730 698/872/730
f 691/873/731 705/882/731 706/884/731
f 699/874/732 713/883/732 714/885/732
f 691/873/733 707/886/733 692/858/733
f 699/874/734 715/887/734 700/859/734
f 693/860/735 707/886/735 708/888/735
f 701/861/736 715/887/736 716/889/736
f 693/860/737 709/890/737 694/862/737
f 701/861/738 717/891/738 702/863/738
f 695/864/739 709/890/739 710/875/739
f 702/863/740 718/880/740 703/865/740
f 714/885/741 730/892/741 715/887/741
f 708/888/742 722/893/742 723/894/742
f 715/887/743 731/895/743 716/889/743
f 708/888/744 724/896/744 709/890/744
f 717/891/745 731/895/745 732/897/745
f 710/875/746 724/896/746 725/898/746
f 718/880/747 732/897/747 733/899/747
f 711/876/748 725/898/748 726/900/748
f 704/878/749 628/901/749 719/902/749
f 854/903/750 718/880/750 733/899/750
f 711/876/751 727/904/751 712/881/751
f 704/878/752 720/905/752 705/882/752
f 712/881/753 728/906/753 713/883/753
f 705/882/754 721/907/754 706/884/754
f 714/885/755 728/906/755 729/908/755
f 706/884/756 722/893/756 707/886/756
f 719/902/757 628/909/757 734/910/757
f 854/911/758 733/899/758 748/912/758
f 726/900/759 742/913/759 727/904/759
f 720/905/760 734/910/760 735/914/760
f 727/904/761 743/915/761 728/906/761
f 721/907/762 735/914/762 736/916/762
f 729/908/763 743/915/763 744/917/763
f 721/907/764 737/918/764 722/893/764
f 729/908/765 745/919/765 730/892/765
f 723/894/766 737/918/766 738/920/766
f 731/895/767 745/919/767 746/921/767
f 723/894/768 739/922/768 724/896/768
f 731/895/769 747/923/769 732/897/769
f 725/898/770 739/922/770 740/924/770
f 732/897/771 748/912/771 733/899/771
f 726/900/772 740/924/772 741/925/772
f 738/920/773 752/926/773 753/927/773
f 746/921/774 760/928/774 761/929/774
f 738/920/775 754/930/775 739/922/775
f 746/921/776 762/931/776 747/923/776
f 740/924/777 754/930/777 755/932/777
f 747/923/778 763/933/778 748/912/778
f 741/925/779 755/932/779 756/934/779
f 734/910/780 628/935/780 749/936/780
f 854/937/781 748/912/781 763/933/781
f 741/925/782 757/938/782 742/913/782
f 734/910/783 750/939/783 735/914/783
f 742/913/784 758/940/784 743/915/784
f 735/914/785 751/941/785 736/916/785
f 744/917/786 758/940/786 759/942/786
f 736/916/787 752/926/787 737/918/787
f 744/917/788 760/928/788 745/919/788
f 756/934/789 772/943/789 757/938/789
f 749/936/790 765/944/790 750/939/790
f 757/938/791 773/945/791 758/940/791
f 750/939/792 766/946/792 751/941/792
f 759/942/793 773/945/793 774/947/793
f 751/941/794 767/948/794 752/926/794
f 759/942/795 775/949/795 760/928/795
f 753/927/796 767/948/796 768/950/796
f 761/929/797 775/949/797 776/951/797
f 753/927/798 769/952/798 754/930/798
f 761/929/799 777/953/799 762/931/799
f 755/932/800 769/952/800 770/954/800
f 762/931/801 778/955/801 763/933/801
f 756/934/802 770/954/802 771/956/802
f 749/936/803 628/957/803 764/958/803
f 854/959/804 763/933/804 778/955/804
f 776/951/805 790/960/805 791/961/805
f 768/950/806 784/962/806 769/952/806
f 776/951/807 792/963/807 777/953/807
f 770/954/808 784/962/808 785/964/808
f 778/955/809 792/963/809 793/965/809
f 771/956/810 785/964/810 786/966/810
f 764/958/811 628/967/811 779/968/811
f 854/969/812 778/955/812 793/965/812
f 771/956/813 787/970/813 772/943/813
f 764/958/814 780/971/814 765/944/814
f 772/943/815 788/972/815 773/945/815
f 766/946/816 780/971/816 781/973/816
f 774/947/817 788/972/817 789/974/817
f 766/946/818 782/975/818 767/948/818
f 774/947/819 790/960/819 775/949/819
f 768/950/820 782/975/820 783/976/820
f 787/970/821 803/977/821 788/972/821
f 780/971/822 796/978/822 781/973/822
f 789/974/823 803/977/823 804/979/823
f 781/973/824 797/980/824 782/975/824
f 789/974/825 805/981/825 790/960/825
f 783/976/826 797/980/826 798/982/826
f 791/961/827 805/981/827 806/983/827
f 783/976/828 799/984/828 784/962/828
f 791/961/829 807/985/829 792/963/829
f 785/964/830 799/984/830 800/986/830
f 792/963/831 808/987/831 793/965/831
f 786/966/832 800/986/832 801/988/832
f 779/968/833 628/989/833 794/990/833
f 854/991/834 793/965/834 808/987/834
f 786/966/835 802/992/835 787/970/835
f 779/968/836 795/993/836 780/971/836
f 806/983/837 822/994/837 807/985/837
f 800/986/838 814/995/838 815/996/838
f 807/985/839 823/997/839 808/987/839
f 801/988/840 815/996/840 816/998/840
f 794/990/841 628/999/841 809/1000/841
f 854/1001/842 808/987/842 823/997/842
f 801/988/843 817/1002/843 802/992/843
f 795/993/844 809/1000/844 810/1003/844
f 802/992/845 818/1004/845 803/977/845
f 795/993/846 811/1005/846 796/978/846
f 804/979/847 818/1004/847 819/1006/847
f 796/978/848 812/1007/848 797/980/848
f 804/979/849 820/1008/849 805/981/849
f 798/982/850 812/1007/850 813/1009/850
f 806/983/851 820/1008/851 821/1010/851
f 798/982/852 814/995/852 799/984/852
f 810/1003/853 826/1011/853 811/1005/853
f 819/1006/854 833/1012/854 834/1013/854
f 811/1005/855 827/1014/855 812/1007/855
f 819/1006/856 835/1015/856 820/1008/856
f 813/1009/857 827/1014/857 828/1016/857
f 821/1010/858 835/1015/858 836/1017/858
f 813/1009/859 829/1018/859 814/995/859
f 821/1010/860 837/1019/860 822/994/860
f 815/996/861 829/1018/861 830/1020/861
f 823/997/862 837/1019/862 838/1021/862
f 816/998/863 830/1020/863 831/1022/863
f 809/1000/864 628/1023/864 824/1024/864
f 854/1025/865 823/997/865 838/1021/865
f 816/998/866 832/1026/866 817/1002/866
f 810/1003/867 824/1024/867 825/1027/867
f 817/1002/868 833/1012/868 818/1004/868
f 830/1020/869 844/1028/869 845/1029/869
f 838/1021/870 852/1030/870 853/1031/870
f 831/1022/871 845/1029/871 846/1032/871
f 824/1024/872 628/1033/872 839/1034/872
f 854/1035/873 838/1021/873 853/1031/873
f 831/1022/874 847/1036/874 832/1026/874
f 824/1024/875 840/1037/875 825/1027/875
f 832/1026/876 848/1038/876 833/1012/876
f 825/1027/877 841/1039/877 826/1011/877
f 834/1013/878 848/1038/878 849/1040/878
f 826/1011/879 842/1041/879 827/1014/879
f 834/1013/880 850/1042/880 835/1015/880
f 828/1016/881 842/1041/881 843/1043/881
f 836/1017/882 850/1042/882 851/1044/882
f 828/1016/883 844/1028/883 829/1018/883
f 836/1017/884 852/1030/884 837/1019/884
f 849/1040/885 864/1045/885 865/1046/885
f 841/1039/886 858/1047/886 842/1041/886
f 849/1040/887 866/1048/887 850/1042/887
f 843/1043/888 858/1047/888 859/1049/888
f 851/1044/889 866/1048/889 867/1050/889
f 843/1043/890 860/1051/890 844/1028/890
f 851/1044/891 868/1052/891 852/1030/891
f 845/1029/892 860/1051/892 861/1053/892
f 852/1030/893 869/1054/893 853/1031/893
f 846/1032/894 861/1053/894 862/1055/894
f 839/1034/895 628/1056/895 855/1057/895
f 854/1058/896 853/1031/896 869/1054/896
f 846/1032/897 863/1059/897 847/1036/897
f 839/1034/898 856/1060/898 840/1037/898
f 847/1036/899 864/1045/899 848/1038/899
f 840/1037/900 857/1061/900 841/1039/900
f 868/1052/901 884/1062/901 869/1054/901
f 862/1055/902 876/1063/902 877/1064/902
f 855/1057/903 628/1065/903 870/1066/903
f 854/1067/904 869/1054/904 884/1062/904
f 862/1055/905 878/1068/905 863/1059/905
f 855/1057/906 871/1069/906 856/1060/906
f 863/1059/907 879/1070/907 864/1045/907
f 856/1060/908 872/1071/908 857/1061/908
f 865/1046/909 879/1070/909 880/1072/909
f 857/1061/910 873/1073/910 858/1047/910
f 865/1046/911 881/1074/911 866/1048/911
f 858/1047/912 874/1075/912 859/1049/912
f 867/1050/913 881/1074/913 882/1076/913
f 859/1049/914 875/1077/914 860/1051/914
f 867/1050/915 883/1078/915 868/1052/915
f 861/1053/916 875/1077/916 876/1063/916
f 872/1071/917 888/1079/917 873/1073/917
f 880/1072/918 896/1080/918 881/1074/918
f 874/1075/919 888/1079/919 889/1081/919
f 882/1076/920 896/1080/920 897/1082/920
f 874/1075/921 890/1083/921 875/1077/921
f 882/1076/922 898/1084/922 883/1078/922
f 876/1063/923 890/1083/923 891/1085/923
f 883/1078/924 899/1086/924 884/1062/924
f 877/1064/925 891/1085/925 892/1087/925
f 870/1066/926 628/1088/926 885/1089/926
f 854/1090/927 884/1062/927 899/1086/927
f 877/1064/928 893/1091/928 878/1068/928
f 870/1066/929 886/1092/929 871/1069/929
f 878/1068/930 894/1093/930 879/1070/930
f 871/1069/931 887/1094/931 872/1071/931
f 880/1072/932 894/1093/932 895/1095/932
f 892/1087/933 906/1096/933 907/1097/933
f 885/1089/934 628/1098/934 900/1099/934
f 854/1100/935 899/1086/935 914/1101/935
f 892/1087/936 908/1102/936 893/1091/936
f 885/1089/937 901/1103/937 886/1092/937
f 893/1091/938 909/1104/938 894/1093/938
f 887/1094/939 901/1103/939 902/1105/939
f 895/1095/940 909/1104/940 910/1106/940
f 887/1094/941 903/1107/941 888/1079/941
f 895/1095/942 911/1108/942 896/1080/942
f 889/1081/943 903/1107/943 904/1109/943
f 897/1082/944 911/1108/944 912/1110/944
f 889/1081/945 905/1111/945 890/1083/945
f 897/1082/946 913/1112/946 898/1084/946
f 891/1085/947 905/1111/947 906/1096/947
f 898/1084/948 914/1101/948 899/1086/948
f 910/1113/949 926/1114/949 911/1115/949
f 904/1116/950 918/1117/950 919/1118/950
f 912/1119/951 926/1114/951 927/1120/951
f 904/1116/952 920/1121/952 905/1122/952
f 912/1119/953 928/1123/953 913/1124/953
f 906/1125/954 920/1121/954 921/1126/954
f 913/1124/955 929/1127/955 914/1128/955
f 907/1129/956 921/1126/956 922/1130/956
f 900/1131/957 628/1132/957 915/1133/957
f 854/1134/958 914/1128/958 929/1127/958
f 907/1129/959 923/1135/959 908/1136/959
f 900/1131/960 916/1137/960 901/1138/960
f 908/1136/961 924/1139/961 909/1140/961
f 902/1141/962 916/1137/962 917/1142/962
f 910/1113/963 924/1139/963 925/1143/963
f 902/1141/964 918/1117/964 903/1144/964
f 854/1145/965 929/1127/965 944/1146/965
f 922/1130/966 938/1147/966 923/1135/966
f 915/1133/967 931/1148/967 916/1137/967
f 923/1135/968 939/1149/968 924/1139/968
f 917/1142/969 931/1148/969 932/1150/969
f 925/1143/970 939/1149/970 940/1151/970
f 917/1142/971 933/1152/971 918/1117/971
f 925/1143/972 941/1153/972 926/1114/972
f 919/1118/973 933/1152/973 934/1154/973
f 927/1120/974 941/1153/974 942/1155/974
f 919/1118/975 935/1156/975 920/1121/975
f 927/1120/976 943/1157/976 928/1123/976
f 921/1126/977 935/1156/977 936/1158/977
f 928/1123/978 944/1146/978 929/1127/978
f 922/1130/979 936/1158/979 937/1159/979
f 915/1133/980 628/1160/980 930/1161/980
f 942/1155/981 956/1162/981 957/1163/981
f 934/1154/982 950/1164/982 935/1156/982
f 943/1157/983 957/1163/983 958/1165/983
f 936/1158/984 950/1164/984 951/1166/984
f 943/1157/985 959/1167/985 944/1146/985
f 937/1159/986 951/1166/986 952/1168/986
f 930/1161/987 628/1169/987 945/1170/987
f 854/1171/988 944/1146/988 959/1167/988
f 937/1159/989 953/1172/989 938/1147/989
f 931/1148/990 945/1170/990 946/1173/990
f 938/1147/991 954/1174/991 939/1149/991
f 931/1148/992 947/1175/992 932/1150/992
f 940/1151/993 954/1174/993 955/1176/993
f 932/1150/994 948/1177/994 933/1152/994
f 940/1151/995 956/1162/995 941/1153/995
f 934/1154/996 948/1177/996 949/1178/996
f 945/1170/997 961/1179/997 946/1173/997
f 953/1172/998 969/1180/998 954/1174/998
f 947/1175/999 961/1179/999 962/1181/999
f 955/1176/1000 969/1180/1000 970/1182/1000
f 947/1175/1001 963/1183/1001 948/1177/1001
f 955/1176/1002 971/1184/1002 956/1162/1002
f 949/1178/1003 963/1183/1003 964/1185/1003
f 957/1163/1004 971/1184/1004 972/1186/1004
f 949/1178/1005 965/1187/1005 950/1164/1005
f 957/1163/1006 973/1188/1006 958/1165/1006
f 951/1166/1007 965/1187/1007 966/1189/1007
f 958/1165/1008 974/1190/1008 959/1167/1008
f 952/1168/1009 966/1189/1009 967/1191/1009
f 945/1170/1010 628/1192/1010 960/1193/1010
f 854/1194/1011 959/1167/1011 974/1190/1011
f 952/1168/1012 968/1195/1012 953/1172/1012
f 964/1185/1013 980/1196/1013 965/1187/1013
f 972/1186/1014 988/1197/1014 973/1188/1014
f 966/1189/1015 980/1196/1015 981/1198/1015
f 973/1188/1016 989/1199/1016 974/1190/1016
f 967/1191/1017 981/1198/1017 982/1200/1017
f 960/1193/1018 628/1201/1018 975/1202/1018
f 854/1203/1019 974/1190/1019 989/1199/1019
f 967/1191/1020 983/1204/1020 968/1195/1020
f 960/1193/1021 976/1205/1021 961/1179/1021
f 968/1195/1022 984/1206/1022 969/1180/1022
f 962/1181/1023 976/1205/1023 977/1207/1023
f 970/1182/1024 984/1206/1024 985/1208/1024
f 962/1181/1025 978/1209/1025 963/1183/1025
f 970/1182/1026 986/1210/1026 971/1184/1026
f 964/1185/1027 978/1209/1027 979/1211/1027
f 972/1186/1028 986/1210/1028 987/1212/1028
f 983/1204/1029 999/1213/1029 984/1206/1029
f 976/1205/1030 992/1214/1030 977/1207/1030
f 985/1208/1031 999/1213/1031 1000/1215/1031
f 977/1207/1032 993/1216/1032 978/1209/1032
f 985/1208/1033 1001/1217/1033 986/1210/1033
f 979/1211/1034 993/1216/1034 994/1218/1034
f 987/1212/1035 1001/1217/1035 1002/1219/1035
f 979/1211/1036 995/1220/1036 980/1196/1036
f 987/1212/1037 1003/1221/1037 988/1197/1037
f 981/1198/1038 995/1220/1038 996/1222/1038
f 988/1197/1039 1004/1223/1039 989/1199/1039
f 982/1200/1040 996/1222/1040 997/1224/1040
f 975/1202/1041 628/1225/1041 990/1226/1041
f 854/1227/1042 989/1199/1042 1004/1223/1042
f 982/1200/1043 998/1228/1043 983/1204/1043
f 976/1205/1044 990/1226/1044 991/1229/1044
f 1002/1219/1045 1018/1230/1045 1003/1221/1045
f 996/1222/1046 1010/1231/1046 1011/1232/1046
f 1004/1223/1047 1018/1230/1047 1019/1233/1047
f 997/1224/1048 1011/1232/1048 1012/1234/1048
f 990/1226/1049 628/1235/1049 1005/1236/1049
f 854/1237/1050 1004/1223/1050 1019/1233/1050
f 997/1224/1051 1013/1238/1051 998/1228/1051
f 990/1226/1052 1006/1239/1052 991/1229/1052
f 998/1228/1053 1014/1240/1053 999/1213/1053
f 992/1214/1054 1006/1239/1054 1007/1241/1054
f 1000/1215/1055 1014/1240/1055 1015/1242/1055
f 992/1214/1056 1008/1243/1056 993/1216/1056
f 1000/1215/1057 1016/1244/1057 1001/1217/1057
f 994/1218/1058 1008/1243/1058 1009/1245/1058
f 1002/1219/1059 1016/1244/1059 1017/1246/1059
f 994/1218/1060 1010/1231/1060 995/1220/1060
f 1007/1241/1061 1021/721/1061 547/693/1061
f 1014/1240/1062 552/697/1062 1015/1242/1062
f 1008/1243/1063 547/693/1063 1022/698/1063
f 1015/1242/1064 1025/701/1064 1016/1244/1064
f 1009/1245/1065 1022/698/1065 548/702/1065
f 1017/1246/1066 1025/701/1066 1026/705/1066
f 1010/1231/1067 548/702/1067 1023/706/1067
f 1017/1246/1068 1027/709/1068 1018/1230/1068
f 1011/1232/1069 1023/706/1069 549/710/1069
f 1018/1230/1070 1028/713/1070 1019/1233/1070
f 1012/1234/1071 549/710/1071 550/715/1071
f 1005/1236/1072 628/1247/1072 1020/716/1072
f 854/1248/1073 1019/1233/1073 1028/713/1073
f 1012/1234/1074 551/690/1074 1013/1238/1074
f 1006/1239/1075 1020/716/1075 1021/721/1075
f 1013/1238/1076 1024/692/1076 1014/1240/1076
f 551/690/565 561/720/565 562/691/565
f 547/693/566 1021/721/566 554/694/566
f 1024/692/567 562/691/567 563/696/567
f 1022/698/568 547/693/568 555/695/568
f 552/697/569 563/696/569 564/700/569
f 548/702/570 1022/698/570 556/699/570
f 1025/701/571 564/700/571 565/704/571
f 1023/706/572 548/702/572 557/703/572
f 1026/705/573 565/704/573 566/708/573
f 549/710/574 1023/706/574 558/707/574
f 1027/709/575 566/708/575 567/712/575
f 549/710/1077 559/711/1077 560/714/1077
f 550/715/1078 560/714/1078 561/720/1078
f 1021/721/580 1020/716/580 553/718/580
f 560/714/581 575/735/581 576/722/581
f 553/718/582 568/737/582 569/723/582
f 561/720/583 576/722/583 577/724/583
f 554/694/584 569/723/584 570/725/584
f 562/691/585 577/724/585 578/726/585
f 555/695/586 570/725/586 571/727/586
f 563/696/587 578/726/587 579/728/587
f 556/699/588 571/727/588 572/729/588
f 565/704/589 564/700/589 579/728/589
f 557/703/590 572/729/590 573/731/590
f 566/708/591 565/704/591 580/730/591
f 559/711/592 558/707/592 573/731/592
f 566/708/593 581/732/593 582/734/593
f 559/711/594 574/733/594 575/735/594
f 580/730/597 579/728/597 594/739/597
f 572/729/598 587/755/598 588/741/598
f 580/730/1079 595/740/1079 596/742/1079
f 573/731/600 588/741/600 589/743/600
f 581/732/601 596/742/601 597/744/601
f 574/733/602 589/743/602 590/745/602
f 576/722/605 575/735/605 590/745/605
f 568/737/606 583/747/606 584/750/606
f 576/722/607 591/749/607 592/751/607
f 569/723/1080 584/750/1080 585/752/1080
f 578/726/609 577/724/609 592/751/609
f 570/725/610 585/752/610 586/754/610
f 579/728/611 578/726/611 593/753/611
f 571/727/612 586/754/612 587/755/612
f 583/747/613 598/770/613 599/756/613
f 591/749/614 606/772/614 607/757/614
f 584/750/615 599/756/615 600/758/615
f 593/753/616 592/751/616 607/757/616
f 585/752/617 600/758/617 601/760/617
f 593/753/618 608/759/618 609/761/618
f 586/754/619 601/760/619 602/762/619
f 594/739/620 609/761/620 610/763/620
f 587/755/621 602/762/621 603/764/621
f 595/740/622 610/763/622 611/765/622
f 589/743/623 588/741/623 603/764/623
f 596/742/624 611/765/624 612/767/624
f 590/745/625 589/743/625 604/766/625
f 590/745/628 605/768/628 606/772/628
f 602/762/629 617/789/629 618/773/629
f 611/765/630 610/763/630 625/774/630
f 604/766/631 603/764/631 618/773/631
f 611/765/1081 626/775/1081 627/777/1081
f 605/768/633 604/766/633 619/776/633
f 605/768/636 620/778/636 621/782/636
f 598/770/637 613/780/637 614/783/637
f 606/772/638 621/782/638 622/784/638
f 599/756/639 614/783/639 615/785/639
f 608/759/640 607/757/640 622/784/640
f 600/758/641 615/785/641 616/787/641
f 608/759/642 623/786/642 624/788/642
f 602/762/643 601/760/643 616/787/643
f 609/761/644 624/788/644 625/774/644
f 621/782/645 637/805/645 638/790/645
f 614/783/646 630/806/646 631/791/646
f 623/786/647 622/784/647 638/790/647
f 615/785/648 631/791/648 632/793/648
f 623/786/649 639/792/649 640/794/649
f 617/789/650 616/787/650 632/793/650
f 624/788/651 640/794/651 641/796/651
f 617/789/652 633/795/652 634/797/652
f 625/774/653 641/796/653 642/798/653
f 619/776/654 618/773/654 634/797/654
f 627/777/655 626/775/655 642/798/655
f 620/778/656 619/776/656 635/799/656
f 620/778/659 636/801/659 637/805/659
f 613/780/660 629/803/660 630/806/660
f 642/798/661 641/796/661 656/807/661
f 635/799/662 634/797/662 649/809/662
f 642/798/663 657/808/663 658/811/663
f 636/801/664 635/799/664 650/810/664
f 636/801/667 651/812/667 652/816/667
f 630/806/668 629/803/668 644/814/668
f 637/805/669 652/816/669 653/818/669
f 630/806/670 645/817/670 646/819/670
f 639/792/671 638/790/671 653/818/671
f 631/791/672 646/819/672 647/821/672
f 639/792/673 654/820/673 655/822/673
f 633/795/674 632/793/674 647/821/674
f 641/796/675 640/794/675 655/822/675
f 633/795/676 648/823/676 649/809/676
f 654/820/677 653/818/677 668/824/677
f 646/819/678 661/840/678 662/826/678
f 654/820/679 669/825/679 670/827/679
f 648/823/680 647/821/680 662/826/680
f 656/807/681 655/822/681 670/827/681
f 648/823/682 663/828/682 664/830/682
f 656/807/683 671/829/683 672/831/683
f 650/810/684 649/809/684 664/830/684
f 657/808/685 672/831/685 673/833/685
f 651/812/686 650/810/686 665/832/686
f 651/812/689 666/834/689 667/838/689
f 645/817/690 644/814/690 659/836/690
f 652/816/691 667/838/691 668/824/691
f 645/817/692 660/839/692 661/840/692
f 672/831/693 687/857/693 688/841/693
f 666/834/694 665/832/694 680/842/694
f 666/834/697 681/843/697 682/847/697
f 659/836/698 674/845/698 675/848/698
f 667/838/699 682/847/699 683/849/699
f 660/839/700 675/848/700 676/850/700
f 669/825/701 668/824/701 683/849/701
f 661/840/702 676/850/702 677/852/702
f 669/825/703 684/851/703 685/853/703
f 663/828/704 662/826/704 677/852/704
f 671/829/705 670/827/705 685/853/705
f 663/828/706 678/854/706 679/856/706
f 671/829/707 686/855/707 687/857/707
f 665/832/708 664/830/708 679/856/708
f 676/850/709 691/873/709 692/858/709
f 684/851/710 699/874/710 700/859/710
f 678/854/711 677/852/711 692/858/711
f 686/855/712 685/853/712 700/859/712
f 678/854/713 693/860/713 694/862/713
f 686/855/714 701/861/714 702/863/714
f 680/842/715 679/856/715 694/862/715
f 688/841/716 687/857/716 702/863/716
f 681/843/717 680/842/717 695/864/717
f 681/843/720 696/866/720 697/870/720
f 674/845/721 689/868/721 690/871/721
f 682/847/722 697/870/722 698/872/722
f 676/850/723 675/848/723 690/871/723
f 684/851/724 683/849/724 698/872/724
f 696/866/725 695/864/725 710/875/725
f 696/866/728 711/876/728 712/881/728
f 689/868/729 704/878/729 705/882/729
f 697/870/730 712/881/730 713/883/730
f 691/873/1082 690/871/1082 705/882/1082
f 699/874/732 698/872/732 713/883/732
f 691/873/733 706/884/733 707/886/733
f 699/874/734 714/885/734 715/887/734
f 693/860/735 692/858/735 707/886/735
f 701/861/736 700/859/736 715/887/736
f 693/860/737 708/888/737 709/890/737
f 701/861/1083 716/889/1083 717/891/1083
f 695/864/739 694/862/739 709/890/739
f 702/863/740 717/891/740 718/880/740
f 714/885/741 729/908/741 730/892/741
f 708/888/742 707/886/742 722/893/742
f 715/887/743 730/892/743 731/895/743
f 708/888/744 723/894/744 724/896/744
f 717/891/745 716/889/745 731/895/745
f 710/875/746 709/890/746 724/896/746
f 718/880/747 717/891/747 732/897/747
f 711/876/748 710/875/748 725/898/748
f 711/876/751 726/900/751 727/904/751
f 704/878/752 719/902/752 720/905/752
f 712/881/753 727/904/753 728/906/753
f 705/882/754 720/905/754 721/907/754
f 714/885/755 713/883/755 728/906/755
f 706/884/756 721/907/756 722/893/756
f 726/900/759 741/925/759 742/913/759
f 720/905/760 719/902/760 734/910/760
f 727/904/761 742/913/761 743/915/761
f 721/907/762 720/905/762 735/914/762
f 729/908/763 728/906/763 743/915/763
f 721/907/764 736/916/764 737/918/764
f 729/908/765 744/917/765 745/919/765
f 723/894/766 722/893/766 737/918/766
f 731/895/767 730/892/767 745/919/767
f 723/894/768 738/920/768 739/922/768
f 731/895/769 746/921/769 747/923/769
f 725/898/770 724/896/770 739/922/770
f 732/897/771 747/923/771 748/912/771
f 726/900/772 725/898/772 740/924/772
f 738/920/773 737/918/773 752/926/773
f 746/921/774 745/919/774 760/928/774
f 738/920/775 753/927/775 754/930/775
f 746/921/1084 761/929/1084 762/931/1084
f 740/924/777 739/922/777 754/930/777
f 747/923/778 762/931/778 763/933/778
f 741/925/779 740/924/779 755/932/779
f 741/925/782 756/934/782 757/938/782
f 734/910/783 749/936/783 750/939/783
f 742/913/784 757/938/784 758/940/784
f 735/914/785 750/939/785 751/941/785
f 744/917/786 743/915/786 758/940/786
f 736/916/787 751/941/787 752/926/787
f 744/917/788 759/942/788 760/928/788
f 756/934/789 771/956/789 772/943/789
f 749/936/790 764/958/790 765/944/790
f 757/938/791 772/943/791 773/945/791
f 750/939/792 765/944/792 766/946/792
f 759/942/793 758/940/793 773/945/793
f 751/941/794 766/946/794 767/948/794
f 759/942/795 774/947/795 775/949/795
f 753/927/796 752/926/796 767/948/796
f 761/929/797 760/928/797 775/949/797
f 753/927/798 768/950/798 769/952/798
f 761/929/799 776/951/799 777/953/799
f 755/932/800 754/930/800 769/952/800
f 762/931/801 777/953/801 778/955/801
f 756/934/802 755/932/802 770/954/802
f 776/951/805 775/949/805 790/960/805
f 768/950/806 783/976/806 784/962/806
f 776/951/807 791/961/807 792/963/807
f 770/954/808 769/952/808 784/962/808
f 778/955/809 777/953/809 792/963/809
f 771/956/810 770/954/810 785/964/810
f 771/956/813 786/966/813 787/970/813
f 764/958/814 779/968/814 780/971/814
f 772/943/815 787/970/815 788/972/815
f 766/946/816 765/944/816 780/971/816
f 774/947/817 773/945/817 788/972/817
f 766/946/818 781/973/818 782/975/818
f 774/947/819 789/974/819 790/960/819
f 768/950/820 767/948/820 782/975/820
f 787/970/821 802/992/821 803/977/821
f 780/971/822 795/993/822 796/978/822
f 789/974/823 788/972/823 803/977/823
f 781/973/824 796/978/824 797/980/824
f 789/974/825 804/979/825 805/981/825
f 783/976/826 782/975/826 797/980/826
f 791/961/827 790/960/827 805/981/827
f 783/976/828 798/982/828 799/984/828
f 791/961/829 806/983/829 807/985/829
f 785/964/830 784/962/830 799/984/830
f 792/963/831 807/985/831 808/987/831
f 786/966/1085 785/964/1085 800/986/1085
f 786/966/1086 801/988/1086 802/992/1086
f 779/968/836 794/990/836 795/993/836
f 806/983/837 821/1010/837 822/994/837
f 800/986/838 799/984/838 814/995/838
f 807/985/839 822/994/839 823/997/839
f 801/988/840 800/986/840 815/996/840
f 801/988/843 816/998/843 817/1002/843
f 795/993/844 794/990/844 809/1000/844
f 802/992/845 817/1002/845 818/1004/845
f 795/993/846 810/1003/846 811/1005/846
f 804/979/847 803/977/847 818/1004/847
f 796/978/848 811/1005/848 812/1007/848
f 804/979/849 819/1006/849 820/1008/849
f 798/982/850 797/980/850 812/1007/850
f 806/983/851 805/981/851 820/1008/851
f 798/982/852 813/1009/852 814/995/852
f 810/1003/1087 825/1027/1087 826/1011/1087
f 819/1006/854 818/1004/854 833/1012/854
f 811/1005/855 826/1011/855 827/1014/855
f 819/1006/856 834/1013/856 835/1015/856
f 813/1009/857 812/1007/857 827/1014/857
f 821/1010/858 820/1008/858 835/1015/858
f 813/1009/859 828/1016/859 829/1018/859
f 821/1010/1088 836/1017/1088 837/1019/1088
f 815/996/861 814/995/861 829/1018/861
f 823/997/862 822/994/862 837/1019/862
f 816/998/863 815/996/863 830/1020/863
f 816/998/866 831/1022/866 832/1026/866
f 810/1003/867 809/1000/867 824/1024/867
f 817/1002/868 832/1026/868 833/1012/868
f 830/1020/869 829/1018/869 844/1028/869
f 838/1021/870 837/1019/870 852/1030/870
f 831/1022/871 830/1020/871 845/1029/871
f 831/1022/874 846/1032/874 847/1036/874
f 824/1024/875 839/1034/875 840/1037/875
f 832/1026/876 847/1036/876 848/1038/876
f 825/1027/877 840/1037/877 841/1039/877
f 834/1013/878 833/1012/878 848/1038/878
f 826/1011/879 841/1039/879 842/1041/879
f 834/1013/880 849/1040/880 850/1042/880
f 828/1016/881 827/1014/881 842/1041/881
f 836/1017/882 835/1015/882 850/1042/882
f 828/1016/883 843/1043/883 844/1028/883
f 836/1017/884 851/1044/884 852/1030/884
f 849/1040/885 848/1038/885 864/1045/885
f 841/1039/886 857/1061/886 858/1047/886
f 849/1040/887 865/1046/887 866/1048/887
f 843/1043/888 842/1041/888 858/1047/888
f 851/1044/889 850/1042/889 866/1048/889
f 843/1043/890 859/1049/890 860/1051/890
f 851/1044/891 867/1050/891 868/1052/891
f 845/1029/892 844/1028/892 860/1051/892
f 852/1030/1089 868/1052/1089 869/1054/1089
f 846/1032/894 845/1029/894 861/1053/894
f 846/1032/897 862/1055/897 863/1059/897
f 839/1034/898 855/1057/898 856/1060/898
f 847/1036/899 863/1059/899 864/1045/899
f 840/1037/900 856/1060/900 857/1061/900
f 868/1052/901 883/1078/901 884/1062/901
f 862/1055/902 861/1053/902 876/1063/902
f 862/1055/905 877/1064/905 878/1068/905
f 855/1057/906 870/1066/906 871/1069/906
f 863/1059/907 878/1068/907 879/1070/907
f 856/1060/908 871/1069/908 872/1071/908
f 865/1046/909 864/1045/909 879/1070/909
f 857/1061/910 872/1071/910 873/1073/910
f 865/1046/911 880/1072/911 881/1074/911
f 858/1047/912 873/1073/912 874/1075/912
f 867/1050/913 866/1048/913 881/1074/913
f 859/1049/914 874/1075/914 875/1077/914
f 867/1050/1090 882/1076/1090 883/1078/1090
f 861/1053/916 860/1051/916 875/1077/916
f 872/1071/917 887/1094/917 888/1079/917
f 880/1072/918 895/1095/918 896/1080/918
f 874/1075/919 873/1073/919 888/1079/919
f 882/1076/920 881/1074/920 896/1080/920
f 874/1075/921 889/1081/921 890/1083/921
f 882/1076/922 897/1082/922 898/1084/922
f 876/1063/923 875/1077/923 890/1083/923
f 883/1078/924 898/1084/924 899/1086/924
f 877/1064/925 876/1063/925 891/1085/925
f 877/1064/928 892/1087/928 893/1091/928
f 870/1066/929 885/1089/929 886/1092/929
f 878/1068/930 893/1091/930 894/1093/930
f 871/1069/931 886/1092/931 887/1094/931
f 880/1072/932 879/1070/932 894/1093/932
f 892/1087/1091 891/1085/1091 906/1096/1091
f 892/1087/1092 907/1097/1092 908/1102/1092
f 885/1089/937 900/1099/937 901/1103/937
f 893/1091/938 908/1102/938 909/1104/938
f 887/1094/939 886/1092/939 901/1103/939
f 895/1095/940 894/1093/940 909/1104/940
f 887/1094/941 902/1105/941 903/1107/941
f 895/1095/942 910/1106/942 911/1108/942
f 889/1081/943 888/1079/943 903/1107/943
f 897/1082/944 896/1080/944 911/1108/944
f 889/1081/945 904/1109/945 905/1111/945
f 897/1082/946 912/1110/946 913/1112/946
f 891/1085/947 890/1083/947 905/1111/947
f 898/1084/948 913/1112/948 914/1101/948
f 910/1113/949 925/1143/949 926/1114/949
f 904/1116/950 903/1144/950 918/1117/950
f 912/1119/951 911/1115/951 926/1114/951
f 904/1116/952 919/1118/952 920/1121/952
f 912/1119/953 927/1120/953 928/1123/953
f 906/1125/954 905/1122/954 920/1121/954
f 913/1124/955 928/1123/955 929/1127/955
f 907/1129/1093 906/1125/1093 921/1126/1093
f 907/1129/1094 922/1130/1094 923/1135/1094
f 900/1131/960 915/1133/960 916/1137/960
f 908/1136/961 923/1135/961 924/1139/961
f 902/1141/962 901/1138/962 916/1137/962
f 910/1113/963 909/1140/963 924/1139/963
f 902/1141/964 917/1142/964 918/1117/964
f 922/1130/966 937/1159/966 938/1147/966
f 915/1133/967 930/1161/967 931/1148/967
f 923/1135/968 938/1147/968 939/1149/968
f 917/1142/969 916/1137/969 931/1148/969
f 925/1143/970 924/1139/970 939/1149/970
f 917/1142/971 932/1150/971 933/1152/971
f 925/1143/972 940/1151/972 941/1153/972
f 919/1118/973 918/1117/973 933/1152/973
f 927/1120/974 926/1114/974 941/1153/974
f 919/1118/975 934/1154/975 935/1156/975
f 927/1120/976 942/1155/976 943/1157/976
f 921/1126/977 920/1121/977 935/1156/977
f 928/1123/978 943/1157/978 944/1146/978
f 922/1130/979 921/1126/979 936/1158/979
f 942/1155/981 941/1153/981 956/1162/981
f 934/1154/982 949/1178/982 950/1164/982
f 943/1157/983 942/1155/983 957/1163/983
f 936/1158/984 935/1156/984 950/1164/984
f 943/1157/985 958/1165/985 959/1167/985
f 937/1159/986 936/1158/986 951/1166/986
f 937/1159/989 952/1168/989 953/1172/989
f 931/1148/990 930/1161/990 945/1170/990
f 938/1147/991 953/1172/991 954/1174/991
f 931/1148/992 946/1173/992 947/1175/992
f 940/1151/993 939/1149/993 954/1174/993
f 932/1150/994 947/1175/994 948/1177/994
f 940/1151/995 955/1176/995 956/1162/995
f 934/1154/996 933/1152/996 948/1177/996
f 945/1170/997 960/1193/997 961/1179/997
f 953/1172/998 968/1195/998 969/1180/998
f 947/1175/999 946/1173/999 961/1179/999
f 955/1176/1000 954/1174/1000 969/1180/1000
f 947/1175/1001 962/1181/1001 963/1183/1001
f 955/1176/1002 970/1182/1002 971/1184/1002
f 949/1178/1003 948/1177/1003 963/1183/1003
f 957/1163/1004 956/1162/1004 971/1184/1004
f 949/1178/1005 964/1185/1005 965/1187/1005
f 957/1163/1006 972/1186/1006 973/1188/1006
f 951/1166/1007 950/1164/1007 965/1187/1007
f 958/1165/1008 973/1188/1008 974/1190/1008
f 952/1168/1009 951/1166/1009 966/1189/1009
f 952/1168/1012 967/1191/1012 968/1195/1012
f 964/1185/1013 979/1211/1013 980/1196/1013
f 972/1186/1014 987/1212/1014 988/1197/1014
f 966/1189/1015 965/1187/1015 980/1196/1015
f 973/1188/1016 988/1197/1016 989/1199/1016
f 967/1191/1017 966/1189/1017 981/1198/1017
f 967/1191/1020 982/1200/1020 983/1204/1020
f 960/1193/1021 975/1202/1021 976/1205/1021
f 968/1195/1022 983/1204/1022 984/1206/1022
f 962/1181/1023 961/1179/1023 976/1205/1023
f 970/1182/1024 969/1180/1024 984/1206/1024
f 962/1181/1025 977/1207/1025 978/1209/1025
f 970/1182/1026 985/1208/1026 986/1210/1026
f 964/1185/1027 963/1183/1027 978/1209/1027
f 972/1186/1028 971/1184/1028 986/1210/1028
f 983/1204/1029 998/1228/1029 999/1213/1029
f 976/1205/1030 991/1229/1030 992/1214/1030
f 985/1208/1031 984/1206/1031 999/1213/1031
f 977/1207/1032 992/1214/1032 993/1216/1032
f 985/1208/1033 1000/1215/1033 1001/1217/1033
f 979/1211/1034 978/1209/1034 993/1216/1034
f 987/1212/1035 986/1210/1035 1001/1217/1035
f 979/1211/1036 994/1218/1036 995/1220/1036
f 987/1212/1037 1002/1219/1037 1003/1221/1037
f 981/1198/1038 980/1196/1038 995/1220/1038
f 988/1197/1039 1003/1221/1039 1004/1223/1039
f 982/1200/1040 981/1198/1040 996/1222/1040
f 982/1200/1043 997/1224/1043 998/1228/1043
f 976/1205/1044 975/1202/1044 990/1226/1044
f 1002/1219/1045 1017/1246/1045 1018/1230/1045
f 996/1222/1046 995/1220/1046 1010/1231/1046
f 1004/1223/1047 1003/1221/1047 1018/1230/1047
f 997/1224/1048 996/1222/1048 1011/1232/1048
f 997/1224/1051 1012/1234/1051 1013/1238/1051
f 990/1226/1052 1005/1236/1052 1006/1239/1052
f 998/1228/1053 1013/1238/1053 1014/1240/1053
f 992/1214/1054 991/1229/1054 1006/1239/1054
f 1000/1215/1055 999/1213/1055 1014/1240/1055
f 992/1214/1056 1007/1241/1056 1008/1243/1056
f 1000/1215/1057 1015/1242/1057 1016/1244/1057
f 994/1218/1058 993/1216/1058 1008/1243/1058
f 1002/1219/1059 1001/1217/1059 1016/1244/1059
f 994/1218/1060 1009/1245/1060 1010/1231/1060
f 1007/1241/1061 1006/1239/1061 1021/721/1061
f 1014/1240/1062 1024/692/1062 552/697/1062
f 1008/1243/1063 1007/1241/1063 547/693/1063
f 1015/1242/1064 552/697/1064 1025/701/1064
f 1009/1245/1065 1008/1243/1065 1022/698/1065
f 1017/1246/1066 1016/1244/1066 1025/701/1066
f 1010/1231/1067 1009/1245/1067 548/702/1067
f 1017/1246/1068 1026/705/1068 1027/709/1068
f 1011/1232/1069 1010/1231/1069 1023/706/1069
f 1018/1230/1070 1027/709/1070 1028/713/1070
f 1012/1234/1071 1011/1232/1071 549/710/1071
f 1012/1234/1074 550/715/1074 551/690/1074
f 1006/1239/1075 1005/1236/1075 1020/716/1075
f 1013/1238/1076 551/690/1076 1024/692/1076
