# Standard Sphere Mesh
#
# Parameters: 32 rows, 32 columns
mtllib Sphere.mtl
o Sphere
v 0 1 0
v 0.0980171403295606 0.9951847266721969 0
v 0.09613376846245088 0.9951847266721969 0.01912219546999401
v 0.09055602978576764 0.9951847266721969 0.03750953569192692
v 0.08149827366882392 0.9951847266721969 0.05445540549280903
v 0.06930858459954574 0.9951847266721969 0.06930858459954573
v 0.05445540549280904 0.9951847266721969 0.08149827366882392
v 0.03750953569192692 0.9951847266721969 0.09055602978576764
v 0.019122195469994017 0.9951847266721969 0.09613376846245088
v 6.001818858308667e-18 0.9951847266721969 0.0980171403295606
v -0.019122195469994004 0.9951847266721969 0.09613376846245088
v -0.037509535691926915 0.9951847266721969 0.09055602978576764
v -0.05445540549280901 0.9951847266721969 0.08149827366882394
v -0.06930858459954573 0.9951847266721969 0.06930858459954574
v -0.08149827366882394 0.9951847266721969 0.05445540549280903
v -0.09055602978576764 0.9951847266721969 0.03750953569192693
v -0.09613376846245088 0.9951847266721969 0.019122195469994045
v -0.0980171403295606 0.9951847266721969 1.2003637716617333e-17
v -0.09613376846245088 0.9951847266721969 -0.01912219546999402
v -0.09055602978576766 0.9951847266721969 -0.0375095356919269
v -0.08149827366882395 0.9951847266721969 -0.05445540549280901
v -0.06930858459954575 0.9951847266721969 -0.06930858459954573
v -0.05445540549280903 0.9951847266721969 -0.08149827366882392
v -0.03750953569192697 0.9951847266721969 -0.09055602978576761
v -0.01912219546999405 0.9951847266721969 -0.09613376846245088
v -1.8005456574926e-17 0.9951847266721969 -0.0980171403295606
v 0.019122195469994014 0.9951847266721969 -0.09613376846245088
v 0.03750953569192694 0.9951847266721969 -0.09055602978576763
v 0.054455405492809 0.9951847266721969 -0.08149827366882395
v 0.06930858459954571 0.9951847266721969 -0.06930858459954575
v 0.08149827366882392 0.9951847266721969 -0.05445540549280903
v 0.09055602978576761 0.9951847266721969 -0.03750953569192698
v 0.09613376846245088 0.9951847266721969 -0.019122195469994056
v 0.19509032201612825 0.9807852804032304 0
v 0.19134171618254486 0.9807852804032304 0.03806023374435662
v 0.18023995550173696 0.9807852804032304 0.0746578340503426
v 0.16221167441072887 0.9807852804032304 0.1083863756623696
v 0.1379496896414715 0.9807852804032304 0.13794968964147147
v 0.10838637566236961 0.9807852804032304 0.16221167441072887
v 0.07465783405034261 0.9807852804032304 0.18023995550173696
v 0.03806023374435663 0.9807852804032304 0.19134171618254486
v 1.1945836920083893e-17 0.9807852804032304 0.19509032201612825
v -0.0380602337443566 0.9807852804032304 0.19134171618254486
v -0.07465783405034258 0.9807852804032304 0.18023995550173696
v -0.10838637566236956 0.9807852804032304 0.16221167441072887
v -0.13794968964147147 0.9807852804032304 0.1379496896414715
v -0.16221167441072887 0.9807852804032304 0.1083863756623696
v -0.18023995550173696 0.9807852804032304 0.07465783405034263
v -0.19134171618254486 0.9807852804032304 0.038060233744356686
v -0.19509032201612825 0.9807852804032304 2.3891673840167787e-17
v -0.19134171618254486 0.9807852804032304 -0.03806023374435664
v -0.18023995550173696 0.9807852804032304 -0.07465783405034257
v -0.1622116744107289 0.9807852804032304 -0.10838637566236956
v -0.13794968964147153 0.9807852804032304 -0.13794968964147147
v -0.1083863756623696 0.9807852804032304 -0.16221167441072887
v -0.07465783405034271 0.9807852804032304 -0.1802399555017369
v -0.03806023374435669 0.9807852804032304 -0.19134171618254484
v -3.583751076025168e-17 0.9807852804032304 -0.19509032201612825
v 0.038060233744356624 0.9807852804032304 -0.19134171618254486
v 0.07465783405034264 0.9807852804032304 -0.18023995550173694
v 0.10838637566236953 0.9807852804032304 -0.1622116744107289
v 0.13794968964147145 0.9807852804032304 -0.13794968964147153
v 0.16221167441072887 0.9807852804032304 -0.1083863756623696
v 0.1802399555017369 0.9807852804032304 -0.07465783405034272
v 0.19134171618254484 0.9807852804032304 -0.03806023374435671
v 0.29028467725446233 0.9569403357322088 0
v 0.28470693857777907 0.9569403357322088 0.05663173116192092
v 0.2681880719170424 0.9569403357322088 0.11108713665472995
v 0.24136288805413728 0.9569403357322088 0.16127352578428164
v 0.20526226376117868 0.9569403357322088 0.20526226376117865
v 0.16127352578428167 0.9569403357322088 0.24136288805413728
v 0.11108713665472997 0.9569403357322088 0.2681880719170424
v 0.05663173116192094 0.9569403357322088 0.28470693857777907
v 1.777481004205999e-17 0.9569403357322088 0.29028467725446233
v -0.0566317311619209 0.9569403357322088 0.28470693857777907
v -0.11108713665472994 0.9569403357322088 0.2681880719170424
v -0.16127352578428159 0.9569403357322088 0.2413628880541373
v -0.20526226376117865 0.9569403357322088 0.20526226376117868
v -0.2413628880541373 0.9569403357322088 0.16127352578428164
v -0.2681880719170424 0.9569403357322088 0.11108713665472998
v -0.28470693857777907 0.9569403357322088 0.05663173116192102
v -0.29028467725446233 0.9569403357322088 3.554962008411998e-17
v -0.28470693857777907 0.9569403357322088 -0.056631731161920947
v -0.2681880719170424 0.9569403357322088 -0.1110871366547299
v -0.24136288805413733 0.9569403357322088 -0.16127352578428159
v -0.2052622637611787 0.9569403357322088 -0.20526226376117865
v -0.16127352578428164 0.9569403357322088 -0.24136288805413728
v -0.1110871366547301 0.9569403357322088 -0.26818807191704236
v -0.05663173116192104 0.9569403357322088 -0.28470693857777907
v -5.3324430126179966e-17 0.9569403357322088 -0.29028467725446233
v 0.05663173116192093 0.9569403357322088 -0.28470693857777907
v 0.11108713665473001 0.9569403357322088 -0.26818807191704236
v 0.16127352578428156 0.9569403357322088 -0.24136288805413733
v 0.20526226376117862 0.9569403357322088 -0.2052622637611787
v 0.24136288805413728 0.9569403357322088 -0.16127352578428164
v 0.26818807191704236 0.9569403357322088 -0.11108713665473013
v 0.28470693857777907 0.9569403357322088 -0.05663173116192105
v 0.3826834323650898 0.9238795325112867 0
v 0.37533027751786524 0.9238795325112867 0.0746578340503426
v 0.3535533905932738 0.9238795325112867 0.14644660940672624
v 0.31818964514320847 0.9238795325112867 0.2126075236918141
v 0.2705980500730985 0.9238795325112867 0.27059805007309845
v 0.21260752369181415 0.9238795325112867 0.31818964514320847
v 0.14644660940672627 0.9238795325112867 0.3535533905932738
v 0.07465783405034264 0.9238795325112867 0.37533027751786524
v 2.3432602026631493e-17 0.9238795325112867 0.3826834323650898
v -0.07465783405034258 0.9238795325112867 0.37533027751786524
v -0.1464466094067262 0.9238795325112867 0.3535533905932738
v -0.21260752369181402 0.9238795325112867 0.3181896451432085
v -0.27059805007309845 0.9238795325112867 0.2705980500730985
v -0.3181896451432085 0.9238795325112867 0.2126075236918141
v -0.3535533905932738 0.9238795325112867 0.1464466094067263
v -0.37533027751786524 0.9238795325112867 0.07465783405034274
v -0.3826834323650898 0.9238795325112867 4.6865204053262986e-17
v -0.37533027751786524 0.9238795325112867 -0.07465783405034264
v -0.3535533905932738 0.9238795325112867 -0.14644660940672619
v -0.3181896451432086 0.9238795325112867 -0.21260752369181402
v -0.27059805007309856 0.9238795325112867 -0.27059805007309845
v -0.2126075236918141 0.9238795325112867 -0.31818964514320847
v -0.14644660940672646 0.9238795325112867 -0.3535533905932737
v -0.07465783405034276 0.9238795325112867 -0.3753302775178652
v -7.029780607989448e-17 0.9238795325112867 -0.3826834323650898
v 0.07465783405034263 0.9238795325112867 -0.37533027751786524
v 0.14644660940672632 0.9238795325112867 -0.35355339059327373
v 0.21260752369181396 0.9238795325112867 -0.3181896451432086
v 0.27059805007309845 0.9238795325112867 -0.27059805007309856
v 0.31818964514320847 0.9238795325112867 -0.2126075236918141
v 0.3535533905932737 0.9238795325112867 -0.1464466094067265
v 0.3753302775178652 0.9238795325112867 -0.07465783405034278
v 0.47139673682599764 0.881921264348355 0
v 0.46233898070905394 0.881921264348355 0.09196494118473594
v 0.43551379684614877 0.881921264348355 0.1803957212542757
v 0.3919520620093972 0.881921264348355 0.2618939949230996
v 0.3333278292388733 0.881921264348355 0.3333278292388732
v 0.26189399492309967 0.881921264348355 0.3919520620093972
v 0.18039572125427572 0.881921264348355 0.43551379684614877
v 0.09196494118473598 0.881921264348355 0.46233898070905394
v 2.8864725244123264e-17 0.881921264348355 0.47139673682599764
v -0.09196494118473592 0.881921264348355 0.46233898070905394
v -0.18039572125427566 0.881921264348355 0.43551379684614877
v -0.2618939949230995 0.881921264348355 0.39195206200939725
v -0.3333278292388732 0.881921264348355 0.3333278292388733
v -0.39195206200939725 0.881921264348355 0.2618939949230996
v -0.43551379684614877 0.881921264348355 0.18039572125427575
v -0.46233898070905394 0.881921264348355 0.09196494118473611
v -0.47139673682599764 0.881921264348355 5.772945048824653e-17
v -0.46233898070905394 0.881921264348355 -0.091964941184736
v -0.4355137968461488 0.881921264348355 -0.1803957212542756
v -0.3919520620093973 0.881921264348355 -0.2618939949230995
v -0.33332782923887333 0.881921264348355 -0.3333278292388732
v -0.2618939949230996 0.881921264348355 -0.3919520620093972
v -0.18039572125427597 0.881921264348355 -0.43551379684614866
v -0.09196494118473614 0.881921264348355 -0.4623389807090539
v -8.659417573236978e-17 0.881921264348355 -0.47139673682599764
v 0.09196494118473597 0.881921264348355 -0.46233898070905394
v 0.1803957212542758 0.881921264348355 -0.4355137968461487
v 0.26189399492309945 0.881921264348355 -0.3919520620093973
v 0.33332782923887316 0.881921264348355 -0.33332782923887333
v 0.3919520620093972 0.881921264348355 -0.2618939949230996
v 0.43551379684614866 0.881921264348355 -0.18039572125427597
v 0.4623389807090539 0.881921264348355 -0.09196494118473617
v 0.5555702330196022 0.8314696123025452 0
v 0.5448951067758185 0.8314696123025452 0.1083863756623696
v 0.5132799671593367 0.8314696123025452 0.2126075236918141
v 0.4619397662556433 0.8314696123025452 0.3086582838174551
v 0.39284747919355106 0.8314696123025452 0.392847479193551
v 0.30865828381745514 0.8314696123025452 0.4619397662556433
v 0.21260752369181413 0.8314696123025452 0.5132799671593367
v 0.10838637566236964 0.8314696123025452 0.5448951067758185
v 3.401886537845025e-17 0.8314696123025452 0.5555702330196022
v -0.10838637566236957 0.8314696123025452 0.5448951067758185
v -0.21260752369181407 0.8314696123025452 0.5132799671593367
v -0.3086582838174549 0.8314696123025452 0.4619397662556434
v -0.392847479193551 0.8314696123025452 0.39284747919355106
v -0.4619397662556434 0.8314696123025452 0.3086582838174551
v -0.5132799671593367 0.8314696123025452 0.21260752369181415
v -0.5448951067758185 0.8314696123025452 0.10838637566236979
v -0.5555702330196022 0.8314696123025452 6.80377307569005e-17
v -0.5448951067758185 0.8314696123025452 -0.10838637566236965
v -0.5132799671593368 0.8314696123025452 -0.21260752369181402
v -0.4619397662556435 0.8314696123025452 -0.3086582838174549
v -0.3928474791935511 0.8314696123025452 -0.392847479193551
v -0.3086582838174551 0.8314696123025452 -0.4619397662556433
v -0.2126075236918144 0.8314696123025452 -0.5132799671593365
v -0.10838637566236983 0.8314696123025452 -0.5448951067758185
v -1.0205659613535074e-16 0.8314696123025452 -0.5555702330196022
v 0.10838637566236962 0.8314696123025452 -0.5448951067758185
v 0.2126075236918142 0.8314696123025452 -0.5132799671593367
v 0.30865828381745486 0.8314696123025452 -0.4619397662556435
v 0.39284747919355095 0.8314696123025452 -0.3928474791935511
v 0.4619397662556433 0.8314696123025452 -0.3086582838174551
v 0.5132799671593365 0.8314696123025452 -0.21260752369181443
v 0.5448951067758185 0.8314696123025452 -0.10838637566236986
v 0.6343932841636455 0.773010453362737 0
v 0.6222035950943673 0.773010453362737 0.12376399009235475
v 0.5861029708014087 0.773010453362737 0.24277179945310562
v 0.5274787380308847 0.773010453362737 0.3524500247088672
v 0.4485837931713182 0.773010453362737 0.4485837931713181
v 0.35245002470886727 0.773010453362737 0.5274787380308847
v 0.24277179945310565 0.773010453362737 0.5861029708014087
v 0.12376399009235481 0.773010453362737 0.6222035950943673
v 3.8845385242579287e-17 0.773010453362737 0.6343932841636455
v -0.12376399009235471 0.773010453362737 0.6222035950943673
v -0.24277179945310556 0.773010453362737 0.5861029708014087
v -0.3524500247088671 0.773010453362737 0.5274787380308847
v -0.4485837931713181 0.773010453362737 0.4485837931713182
v -0.5274787380308847 0.773010453362737 0.3524500247088672
v -0.5861029708014087 0.773010453362737 0.24277179945310567
v -0.6222035950943673 0.773010453362737 0.12376399009235498
v -0.6343932841636455 0.773010453362737 7.769077048515857e-17
v -0.6222035950943673 0.773010453362737 -0.12376399009235482
v -0.5861029708014087 0.773010453362737 -0.2427717994531055
v -0.5274787380308849 0.773010453362737 -0.3524500247088671
v -0.44858379317131825 0.773010453362737 -0.4485837931713181
v -0.3524500247088672 0.773010453362737 -0.5274787380308847
v -0.24277179945310595 0.773010453362737 -0.5861029708014085
v -0.12376399009235502 0.773010453362737 -0.6222035950943672
v -1.1653615572773786e-16 0.773010453362737 -0.6343932841636455
v 0.12376399009235478 0.773010453362737 -0.6222035950943673
v 0.24277179945310576 0.773010453362737 -0.5861029708014086
v 0.352450024708867 0.773010453362737 -0.5274787380308849
v 0.448583793171318 0.773010453362737 -0.44858379317131825
v 0.5274787380308847 0.773010453362737 -0.3524500247088672
v 0.5861029708014085 0.773010453362737 -0.242771799453106
v 0.6222035950943672 0.773010453362737 -0.12376399009235504
v 0.7071067811865475 0.7071067811865476 0
v 0.6935199226610737 0.7071067811865476 0.13794968964147147
v 0.6532814824381882 0.7071067811865476 0.27059805007309845
v 0.5879378012096793 0.7071067811865476 0.392847479193551
v 0.5 0.7071067811865476 0.4999999999999999
v 0.3928474791935511 0.7071067811865476 0.5879378012096793
v 0.2705980500730985 0.7071067811865476 0.6532814824381882
v 0.13794968964147153 0.7071067811865476 0.6935199226610737
v 4.329780281177466e-17 0.7071067811865476 0.7071067811865475
v -0.13794968964147145 0.7071067811865476 0.6935199226610737
v -0.27059805007309845 0.7071067811865476 0.6532814824381882
v -0.39284747919355084 0.7071067811865476 0.5879378012096794
v -0.4999999999999999 0.7071067811865476 0.5
v -0.5879378012096794 0.7071067811865476 0.392847479193551
v -0.6532814824381882 0.7071067811865476 0.27059805007309856
v -0.6935199226610737 0.7071067811865476 0.13794968964147172
v -0.7071067811865475 0.7071067811865476 8.659560562354932e-17
v -0.6935199226610737 0.7071067811865476 -0.13794968964147156
v -0.6532814824381883 0.7071067811865476 -0.27059805007309834
v -0.5879378012096794 0.7071067811865476 -0.39284747919355084
v -0.5000000000000001 0.7071067811865476 -0.4999999999999999
v -0.392847479193551 0.7071067811865476 -0.5879378012096793
v -0.2705980500730989 0.7071067811865476 -0.6532814824381881
v -0.13794968964147178 0.7071067811865476 -0.6935199226610735
v -1.2989340843532398e-16 0.7071067811865476 -0.7071067811865475
v 0.13794968964147153 0.7071067811865476 -0.6935199226610737
v 0.2705980500730986 0.7071067811865476 -0.6532814824381881
v 0.3928474791935508 0.7071067811865476 -0.5879378012096794
v 0.49999999999999983 0.7071067811865476 -0.5000000000000001
v 0.5879378012096793 0.7071067811865476 -0.392847479193551
v 0.6532814824381881 0.7071067811865476 -0.2705980500730989
v 0.6935199226610735 0.7071067811865476 -0.1379496896414718
v 0.7730104533627369 0.6343932841636455 0
v 0.7581572742560002 0.6343932841636455 0.15080685826836962
v 0.7141685362791031 0.6343932841636455 0.29581829354694633
v 0.6427347019633296 0.6343932841636455 0.429461597701324
v 0.5466009335008787 0.6343932841636455 0.5466009335008787
v 0.42946159770132414 0.6343932841636455 0.6427347019633296
v 0.29581829354694633 0.6343932841636455 0.7141685362791031
v 0.1508068582683697 0.6343932841636455 0.7581572742560002
v 4.7333238870906005e-17 0.6343932841636455 0.7730104533627369
v -0.1508068582683696 0.6343932841636455 0.7581572742560002
v -0.2958182935469463 0.6343932841636455 0.7141685362791031
v -0.42946159770132386 0.6343932841636455 0.6427347019633296
v -0.5466009335008787 0.6343932841636455 0.5466009335008787
v -0.6427347019633296 0.6343932841636455 0.429461597701324
v -0.7141685362791031 0.6343932841636455 0.2958182935469464
v -0.7581572742560002 0.6343932841636455 0.1508068582683699
v -0.7730104533627369 0.6343932841636455 9.466647774181201e-17
v -0.7581572742560002 0.6343932841636455 -0.1508068582683697
v -0.7141685362791033 0.6343932841636455 -0.29581829354694616
v -0.6427347019633297 0.6343932841636455 -0.42946159770132386
v -0.5466009335008788 0.6343932841636455 -0.5466009335008787
v -0.429461597701324 0.6343932841636455 -0.6427347019633296
v -0.2958182935469467 0.6343932841636455 -0.714168536279103
v -0.15080685826836995 0.6343932841636455 -0.7581572742560001
v -1.4199971661271801e-16 0.6343932841636455 -0.7730104533627369
v 0.15080685826836968 0.6343932841636455 -0.7581572742560002
v 0.2958182935469465 0.6343932841636455 -0.714168536279103
v 0.4294615977013238 0.6343932841636455 -0.6427347019633297
v 0.5466009335008786 0.6343932841636455 -0.5466009335008788
v 0.6427347019633296 0.6343932841636455 -0.429461597701324
v 0.714168536279103 0.6343932841636455 -0.2958182935469468
v 0.7581572742560001 0.6343932841636455 -0.15080685826836998
v 0.8314696123025452 0.5555702330196023 0
v 0.8154931568489171 0.5555702330196023 0.16221167441072887
v 0.7681777567114163 0.5555702330196023 0.31818964514320847
v 0.6913417161825449 0.5555702330196023 0.4619397662556433
v 0.5879378012096794 0.5555702330196023 0.5879378012096793
v 0.4619397662556434 0.5555702330196023 0.6913417161825449
v 0.3181896451432085 0.5555702330196023 0.7681777567114163
v 0.16221167441072892 0.5555702330196023 0.8154931568489171
v 5.091282996473014e-17 0.5555702330196023 0.8314696123025452
v -0.1622116744107288 0.5555702330196023 0.8154931568489171
v -0.31818964514320847 0.5555702330196023 0.7681777567114163
v -0.46193976625564315 0.5555702330196023 0.691341716182545
v -0.5879378012096793 0.5555702330196023 0.5879378012096794
v -0.691341716182545 0.5555702330196023 0.4619397662556433
v -0.7681777567114163 0.5555702330196023 0.3181896451432086
v -0.8154931568489171 0.5555702330196023 0.16221167441072917
v -0.8314696123025452 0.5555702330196023 1.0182565992946028e-16
v -0.8154931568489171 0.5555702330196023 -0.16221167441072895
v -0.7681777567114164 0.5555702330196023 -0.31818964514320836
v -0.691341716182545 0.5555702330196023 -0.46193976625564315
v -0.5879378012096795 0.5555702330196023 -0.5879378012096793
v -0.4619397662556433 0.5555702330196023 -0.6913417161825449
v -0.31818964514320897 0.5555702330196023 -0.7681777567114161
v -0.1622116744107292 0.5555702330196023 -0.815493156848917
v -1.527384898941904e-16 0.5555702330196023 -0.8314696123025452
v 0.1622116744107289 0.5555702330196023 -0.8154931568489171
v 0.3181896451432087 0.5555702330196023 -0.7681777567114162
v 0.46193976625564304 0.5555702330196023 -0.691341716182545
v 0.5879378012096792 0.5555702330196023 -0.5879378012096795
v 0.6913417161825449 0.5555702330196023 -0.4619397662556433
v 0.7681777567114161 0.5555702330196023 -0.318189645143209
v 0.815493156848917 0.5555702330196023 -0.16221167441072926
v 0.8819212643483549 0.4713967368259978 0
v 0.8649753945474729 0.4713967368259978 0.17205430345459152
v 0.8147890054179211 0.4713967368259978 0.33749665651658817
v 0.7332907317490972 0.4713967368259978 0.48996920233895774
v 0.6236125064933355 0.4713967368259978 0.6236125064933355
v 0.4899692023389578 0.4713967368259978 0.7332907317490972
v 0.3374966565165882 0.4713967368259978 0.8147890054179211
v 0.1720543034545916 0.4713967368259978 0.8649753945474729
v 5.4002102674209984e-17 0.4713967368259978 0.8819212643483549
v -0.17205430345459147 0.4713967368259978 0.8649753945474729
v -0.3374966565165881 0.4713967368259978 0.8147890054179211
v -0.4899692023389575 0.4713967368259978 0.7332907317490973
v -0.6236125064933355 0.4713967368259978 0.6236125064933355
v -0.7332907317490973 0.4713967368259978 0.48996920233895774
v -0.8147890054179211 0.4713967368259978 0.3374966565165883
v -0.8649753945474729 0.4713967368259978 0.17205430345459186
v -0.8819212643483549 0.4713967368259978 1.0800420534841997e-16
v -0.8649753945474729 0.4713967368259978 -0.17205430345459163
v -0.8147890054179212 0.4713967368259978 -0.337496656516588
v -0.7332907317490974 0.4713967368259978 -0.4899692023389575
v -0.6236125064933357 0.4713967368259978 -0.6236125064933355
v -0.48996920233895774 0.4713967368259978 -0.7332907317490972
v -0.33749665651658867 0.4713967368259978 -0.8147890054179209
v -0.17205430345459188 0.4713967368259978 -0.8649753945474727
v -1.6200630802262993e-16 0.4713967368259978 -0.8819212643483549
v 0.17205430345459158 0.4713967368259978 -0.8649753945474729
v 0.33749665651658833 0.4713967368259978 -0.814789005417921
v 0.4899692023389574 0.4713967368259978 -0.7332907317490974
v 0.6236125064933354 0.4713967368259978 -0.6236125064933357
v 0.7332907317490972 0.4713967368259978 -0.48996920233895774
v 0.8147890054179209 0.4713967368259978 -0.33749665651658867
v 0.8649753945474727 0.4713967368259978 -0.17205430345459194
v 0.9238795325112867 0.38268343236508984 0
v 0.9061274463528878 0.38268343236508984 0.18023995550173696
v 0.8535533905932737 0.38268343236508984 0.3535533905932738
v 0.7681777567114163 0.38268343236508984 0.5132799671593367
v 0.6532814824381883 0.38268343236508984 0.6532814824381882
v 0.5132799671593368 0.38268343236508984 0.7681777567114163
v 0.35355339059327384 0.38268343236508984 0.8535533905932737
v 0.18023995550173702 0.38268343236508984 0.9061274463528878
v 5.657130561438501e-17 0.38268343236508984 0.9238795325112867
v -0.1802399555017369 0.38268343236508984 0.9061274463528878
v -0.35355339059327373 0.38268343236508984 0.8535533905932737
v -0.5132799671593365 0.38268343236508984 0.7681777567114164
v -0.6532814824381882 0.38268343236508984 0.6532814824381883
v -0.7681777567114164 0.38268343236508984 0.5132799671593367
v -0.8535533905932737 0.38268343236508984 0.35355339059327384
v -0.9061274463528878 0.38268343236508984 0.1802399555017373
v -0.9238795325112867 0.38268343236508984 1.1314261122877003e-16
v -0.9061274463528878 0.38268343236508984 -0.18023995550173705
v -0.8535533905932738 0.38268343236508984 -0.3535533905932736
v -0.7681777567114165 0.38268343236508984 -0.5132799671593365
v -0.6532814824381884 0.38268343236508984 -0.6532814824381882
v -0.5132799671593367 0.38268343236508984 -0.7681777567114163
v -0.3535533905932743 0.38268343236508984 -0.8535533905932735
v -0.18023995550173735 0.38268343236508984 -0.9061274463528877
v -1.6971391684315505e-16 0.38268343236508984 -0.9238795325112867
v 0.18023995550173702 0.38268343236508984 -0.9061274463528878
v 0.35355339059327395 0.38268343236508984 -0.8535533905932736
v 0.5132799671593364 0.38268343236508984 -0.7681777567114165
v 0.6532814824381881 0.38268343236508984 -0.6532814824381884
v 0.7681777567114163 0.38268343236508984 -0.5132799671593367
v 0.8535533905932735 0.38268343236508984 -0.35355339059327434
v 0.9061274463528877 0.38268343236508984 -0.18023995550173738
v 0.9569403357322089 0.29028467725446233 0
v 0.938552995510276 0.29028467725446233 0.18668979824821852
v 0.884097590017467 0.29028467725446233 0.3662052122466031
v 0.7956668099479273 0.29028467725446233 0.5316475653085997
v 0.6766590005871764 0.29028467725446233 0.6766590005871763
v 0.5316475653085998 0.29028467725446233 0.7956668099479273
v 0.36620521224660313 0.29028467725446233 0.884097590017467
v 0.1866897982482186 0.29028467725446233 0.938552995510276
v 5.859569595647216e-17 0.29028467725446233 0.9569403357322089
v -0.18668979824821846 0.29028467725446233 0.938552995510276
v -0.366205212246603 0.29028467725446233 0.884097590017467
v -0.5316475653085995 0.29028467725446233 0.7956668099479274
v -0.6766590005871763 0.29028467725446233 0.6766590005871764
v -0.7956668099479274 0.29028467725446233 0.5316475653085997
v -0.884097590017467 0.29028467725446233 0.3662052122466032
v -0.938552995510276 0.29028467725446233 0.18668979824821885
v -0.9569403357322089 0.29028467725446233 1.1719139191294432e-16
v -0.938552995510276 0.29028467725446233 -0.18668979824821863
v -0.8840975900174671 0.29028467725446233 -0.3662052122466029
v -0.7956668099479275 0.29028467725446233 -0.5316475653085995
v -0.6766590005871765 0.29028467725446233 -0.6766590005871763
v -0.5316475653085997 0.29028467725446233 -0.7956668099479273
v -0.36620521224660363 0.29028467725446233 -0.8840975900174668
v -0.1866897982482189 0.29028467725446233 -0.9385529955102759
v -1.7578708786941646e-16 0.29028467725446233 -0.9569403357322089
v 0.18668979824821857 0.29028467725446233 -0.938552995510276
v 0.3662052122466033 0.29028467725446233 -0.8840975900174669
v 0.5316475653085994 0.29028467725446233 -0.7956668099479275
v 0.6766590005871762 0.29028467725446233 -0.6766590005871765
v 0.7956668099479273 0.29028467725446233 -0.5316475653085997
v 0.8840975900174668 0.29028467725446233 -0.3662052122466037
v 0.9385529955102759 0.29028467725446233 -0.18668979824821896
v 0.9807852804032304 0.19509032201612833 0
v 0.9619397662556434 0.19509032201612833 0.19134171618254486
v 0.9061274463528878 0.19509032201612833 0.37533027751786524
v 0.8154931568489171 0.19509032201612833 0.5448951067758185
v 0.6935199226610738 0.19509032201612833 0.6935199226610737
v 0.5448951067758186 0.19509032201612833 0.8154931568489171
v 0.3753302775178653 0.19509032201612833 0.9061274463528878
v 0.19134171618254495 0.19509032201612833 0.9619397662556434
v 6.005577771483278e-17 0.19509032201612833 0.9807852804032304
v -0.1913417161825448 0.19509032201612833 0.9619397662556434
v -0.3753302775178652 0.19509032201612833 0.9061274463528878
v -0.5448951067758184 0.19509032201612833 0.8154931568489172
v -0.6935199226610737 0.19509032201612833 0.6935199226610738
v -0.8154931568489172 0.19509032201612833 0.5448951067758185
v -0.9061274463528878 0.19509032201612833 0.37533027751786535
v -0.9619397662556434 0.19509032201612833 0.19134171618254522
v -0.9807852804032304 0.19509032201612833 1.2011155542966555e-16
v -0.9619397662556434 0.19509032201612833 -0.19134171618254497
v -0.9061274463528879 0.19509032201612833 -0.3753302775178651
v -0.8154931568489173 0.19509032201612833 -0.5448951067758184
v -0.6935199226610739 0.19509032201612833 -0.6935199226610737
v -0.5448951067758185 0.19509032201612833 -0.8154931568489171
v -0.3753302775178658 0.19509032201612833 -0.9061274463528876
v -0.19134171618254528 0.19509032201612833 -0.9619397662556433
v -1.8016733314449831e-16 0.19509032201612833 -0.9807852804032304
v 0.19134171618254492 0.19509032201612833 -0.9619397662556434
v 0.37533027751786546 0.19509032201612833 -0.9061274463528877
v 0.5448951067758183 0.19509032201612833 -0.8154931568489173
v 0.6935199226610735 0.19509032201612833 -0.6935199226610739
v 0.8154931568489171 0.19509032201612833 -0.5448951067758185
v 0.9061274463528876 0.19509032201612833 -0.37533027751786585
v 0.9619397662556433 0.19509032201612833 -0.19134171618254533
v 0.9951847266721968 0.09801714032956077 0
v 0.9760625312022028 0.09801714032956077 0.19415090879201144
v 0.9194308000402819 0.09801714032956077 0.38084070704023
v 0.8274658588555459 0.09801714032956077 0.5528950104948215
v 0.7037018687631912 0.09801714032956077 0.7037018687631911
v 0.5528950104948216 0.09801714032956077 0.8274658588555459
v 0.38084070704023004 0.09801714032956077 0.9194308000402819
v 0.19415090879201152 0.09801714032956077 0.9760625312022028
v 6.093748950397197e-17 0.09801714032956077 0.9951847266721968
v -0.19415090879201138 0.09801714032956077 0.9760625312022028
v -0.38084070704022993 0.09801714032956077 0.9194308000402819
v -0.5528950104948213 0.09801714032956077 0.827465858855546
v -0.7037018687631911 0.09801714032956077 0.7037018687631912
v -0.827465858855546 0.09801714032956077 0.5528950104948215
v -0.9194308000402819 0.09801714032956077 0.3808407070402301
v -0.9760625312022028 0.09801714032956077 0.1941509087920118
v -0.9951847266721968 0.09801714032956077 1.2187497900794394e-16
v -0.9760625312022028 0.09801714032956077 -0.19415090879201155
v -0.919430800040282 0.09801714032956077 -0.3808407070402298
v -0.8274658588555461 0.09801714032956077 -0.5528950104948213
v -0.7037018687631913 0.09801714032956077 -0.7037018687631911
v -0.5528950104948215 0.09801714032956077 -0.8274658588555459
v -0.38084070704023054 0.09801714032956077 -0.9194308000402817
v -0.19415090879201186 0.09801714032956077 -0.9760625312022027
v -1.828124685119159e-16 0.09801714032956077 -0.9951847266721968
v 0.1941509087920115 0.09801714032956077 -0.9760625312022028
v 0.3808407070402302 0.09801714032956077 -0.9194308000402818
v 0.5528950104948211 0.09801714032956077 -0.8274658588555461
v 0.703701868763191 0.09801714032956077 -0.7037018687631913
v 0.8274658588555459 0.09801714032956077 -0.5528950104948215
v 0.9194308000402817 0.09801714032956077 -0.3808407070402306
v 0.9760625312022027 0.09801714032956077 -0.1941509087920119
v 1 6.123233995736766e-17 0
v 0.9807852804032304 6.123233995736766e-17 0.19509032201612825
v 0.9238795325112867 6.123233995736766e-17 0.3826834323650898
v 0.8314696123025452 6.123233995736766e-17 0.5555702330196022
v 0.7071067811865476 6.123233995736766e-17 0.7071067811865475
v 0.5555702330196023 6.123233995736766e-17 0.8314696123025452
v 0.38268343236508984 6.123233995736766e-17 0.9238795325112867
v 0.19509032201612833 6.123233995736766e-17 0.9807852804032304
v 6.123233995736766e-17 6.123233995736766e-17 1
v -0.1950903220161282 6.123233995736766e-17 0.9807852804032304
v -0.3826834323650897 6.123233995736766e-17 0.9238795325112867
v -0.555570233019602 6.123233995736766e-17 0.8314696123025453
v -0.7071067811865475 6.123233995736766e-17 0.7071067811865476
v -0.8314696123025453 6.123233995736766e-17 0.5555702330196022
v -0.9238795325112867 6.123233995736766e-17 0.3826834323650899
v -0.9807852804032304 6.123233995736766e-17 0.1950903220161286
v -1 6.123233995736766e-17 1.2246467991473532e-16
v -0.9807852804032304 6.123233995736766e-17 -0.19509032201612836
v -0.9238795325112868 6.123233995736766e-17 -0.3826834323650896
v -0.8314696123025455 6.123233995736766e-17 -0.555570233019602
v -0.7071067811865477 6.123233995736766e-17 -0.7071067811865475
v -0.5555702330196022 6.123233995736766e-17 -0.8314696123025452
v -0.38268343236509034 6.123233995736766e-17 -0.9238795325112865
v -0.19509032201612866 6.123233995736766e-17 -0.9807852804032303
v -1.8369701987210297e-16 6.123233995736766e-17 -1
v 0.1950903220161283 6.123233995736766e-17 -0.9807852804032304
v 0.38268343236509 6.123233995736766e-17 -0.9238795325112866
v 0.5555702330196018 6.123233995736766e-17 -0.8314696123025455
v 0.7071067811865474 6.123233995736766e-17 -0.7071067811865477
v 0.8314696123025452 6.123233995736766e-17 -0.5555702330196022
v 0.9238795325112865 6.123233995736766e-17 -0.3826834323650904
v 0.9807852804032303 6.123233995736766e-17 -0.19509032201612872
v 0.9951847266721969 -0.09801714032956065 0
v 0.9760625312022029 -0.09801714032956065 0.19415090879201147
v 0.919430800040282 -0.09801714032956065 0.38084070704023004
v 0.827465858855546 -0.09801714032956065 0.5528950104948216
v 0.7037018687631913 -0.09801714032956065 0.7037018687631912
v 0.5528950104948217 -0.09801714032956065 0.827465858855546
v 0.3808407070402301 -0.09801714032956065 0.919430800040282
v 0.19415090879201155 -0.09801714032956065 0.9760625312022029
v 6.093748950397197e-17 -0.09801714032956065 0.9951847266721969
v -0.1941509087920114 -0.09801714032956065 0.9760625312022029
v -0.38084070704023 -0.09801714032956065 0.919430800040282
v -0.5528950104948214 -0.09801714032956065 0.8274658588555461
v -0.7037018687631912 -0.09801714032956065 0.7037018687631913
v -0.8274658588555461 -0.09801714032956065 0.5528950104948216
v -0.919430800040282 -0.09801714032956065 0.38084070704023015
v -0.9760625312022029 -0.09801714032956065 0.19415090879201183
v -0.9951847266721969 -0.09801714032956065 1.2187497900794394e-16
v -0.9760625312022029 -0.09801714032956065 -0.19415090879201158
v -0.9194308000402821 -0.09801714032956065 -0.3808407070402299
v -0.8274658588555462 -0.09801714032956065 -0.5528950104948214
v -0.7037018687631914 -0.09801714032956065 -0.7037018687631912
v -0.5528950104948216 -0.09801714032956065 -0.827465858855546
v -0.3808407070402306 -0.09801714032956065 -0.9194308000402818
v -0.19415090879201188 -0.09801714032956065 -0.9760625312022028
v -1.8281246851191592e-16 -0.09801714032956065 -0.9951847266721969
v 0.19415090879201152 -0.09801714032956065 -0.9760625312022029
v 0.38084070704023026 -0.09801714032956065 -0.9194308000402819
v 0.5528950104948213 -0.09801714032956065 -0.8274658588555462
v 0.7037018687631911 -0.09801714032956065 -0.7037018687631914
v 0.827465858855546 -0.09801714032956065 -0.5528950104948216
v 0.9194308000402818 -0.09801714032956065 -0.38084070704023065
v 0.9760625312022028 -0.09801714032956065 -0.19415090879201194
v 0.9807852804032304 -0.1950903220161282 0
v 0.9619397662556434 -0.1950903220161282 0.19134171618254486
v 0.9061274463528878 -0.1950903220161282 0.37533027751786524
v 0.8154931568489171 -0.1950903220161282 0.5448951067758185
v 0.6935199226610738 -0.1950903220161282 0.6935199226610737
v 0.5448951067758186 -0.1950903220161282 0.8154931568489171
v 0.3753302775178653 -0.1950903220161282 0.9061274463528878
v 0.19134171618254495 -0.1950903220161282 0.9619397662556434
v 6.005577771483278e-17 -0.1950903220161282 0.9807852804032304
v -0.1913417161825448 -0.1950903220161282 0.9619397662556434
v -0.3753302775178652 -0.1950903220161282 0.9061274463528878
v -0.5448951067758184 -0.1950903220161282 0.8154931568489172
v -0.6935199226610737 -0.1950903220161282 0.6935199226610738
v -0.8154931568489172 -0.1950903220161282 0.5448951067758185
v -0.9061274463528878 -0.1950903220161282 0.37533027751786535
v -0.9619397662556434 -0.1950903220161282 0.19134171618254522
v -0.9807852804032304 -0.1950903220161282 1.2011155542966555e-16
v -0.9619397662556434 -0.1950903220161282 -0.19134171618254497
v -0.9061274463528879 -0.1950903220161282 -0.3753302775178651
v -0.8154931568489173 -0.1950903220161282 -0.5448951067758184
v -0.6935199226610739 -0.1950903220161282 -0.6935199226610737
v -0.5448951067758185 -0.1950903220161282 -0.8154931568489171
v -0.3753302775178658 -0.1950903220161282 -0.9061274463528876
v -0.19134171618254528 -0.1950903220161282 -0.9619397662556433
v -1.8016733314449831e-16 -0.1950903220161282 -0.9807852804032304
v 0.19134171618254492 -0.1950903220161282 -0.9619397662556434
v 0.37533027751786546 -0.1950903220161282 -0.9061274463528877
v 0.5448951067758183 -0.1950903220161282 -0.8154931568489173
v 0.6935199226610735 -0.1950903220161282 -0.6935199226610739
v 0.8154931568489171 -0.1950903220161282 -0.5448951067758185
v 0.9061274463528876 -0.1950903220161282 -0.37533027751786585
v 0.9619397662556433 -0.1950903220161282 -0.19134171618254533
v 0.9569403357322089 -0.29028467725446216 0
v 0.938552995510276 -0.29028467725446216 0.18668979824821852
v 0.884097590017467 -0.29028467725446216 0.3662052122466031
v 0.7956668099479273 -0.29028467725446216 0.5316475653085997
v 0.6766590005871764 -0.29028467725446216 0.6766590005871763
v 0.5316475653085998 -0.29028467725446216 0.7956668099479273
v 0.36620521224660313 -0.29028467725446216 0.884097590017467
v 0.1866897982482186 -0.29028467725446216 0.938552995510276
v 5.859569595647216e-17 -0.29028467725446216 0.9569403357322089
v -0.18668979824821846 -0.29028467725446216 0.938552995510276
v -0.366205212246603 -0.29028467725446216 0.884097590017467
v -0.5316475653085995 -0.29028467725446216 0.7956668099479274
v -0.6766590005871763 -0.29028467725446216 0.6766590005871764
v -0.7956668099479274 -0.29028467725446216 0.5316475653085997
v -0.884097590017467 -0.29028467725446216 0.3662052122466032
v -0.938552995510276 -0.29028467725446216 0.18668979824821885
v -0.9569403357322089 -0.29028467725446216 1.1719139191294432e-16
v -0.938552995510276 -0.29028467725446216 -0.18668979824821863
v -0.8840975900174671 -0.29028467725446216 -0.3662052122466029
v -0.7956668099479275 -0.29028467725446216 -0.5316475653085995
v -0.6766590005871765 -0.29028467725446216 -0.6766590005871763
v -0.5316475653085997 -0.29028467725446216 -0.7956668099479273
v -0.36620521224660363 -0.29028467725446216 -0.8840975900174668
v -0.1866897982482189 -0.29028467725446216 -0.9385529955102759
v -1.7578708786941646e-16 -0.29028467725446216 -0.9569403357322089
v 0.18668979824821857 -0.29028467725446216 -0.938552995510276
v 0.3662052122466033 -0.29028467725446216 -0.8840975900174669
v 0.5316475653085994 -0.29028467725446216 -0.7956668099479275
v 0.6766590005871762 -0.29028467725446216 -0.6766590005871765
v 0.7956668099479273 -0.29028467725446216 -0.5316475653085997
v 0.8840975900174668 -0.29028467725446216 -0.3662052122466037
v 0.9385529955102759 -0.29028467725446216 -0.18668979824821896
v 0.9238795325112867 -0.3826834323650897 0
v 0.9061274463528878 -0.3826834323650897 0.18023995550173696
v 0.8535533905932737 -0.3826834323650897 0.3535533905932738
v 0.7681777567114163 -0.3826834323650897 0.5132799671593367
v 0.6532814824381883 -0.3826834323650897 0.6532814824381882
v 0.5132799671593368 -0.3826834323650897 0.7681777567114163
v 0.35355339059327384 -0.3826834323650897 0.8535533905932737
v 0.18023995550173702 -0.3826834323650897 0.9061274463528878
v 5.657130561438501e-17 -0.3826834323650897 0.9238795325112867
v -0.1802399555017369 -0.3826834323650897 0.9061274463528878
v -0.35355339059327373 -0.3826834323650897 0.8535533905932737
v -0.5132799671593365 -0.3826834323650897 0.7681777567114164
v -0.6532814824381882 -0.3826834323650897 0.6532814824381883
v -0.7681777567114164 -0.3826834323650897 0.5132799671593367
v -0.8535533905932737 -0.3826834323650897 0.35355339059327384
v -0.9061274463528878 -0.3826834323650897 0.1802399555017373
v -0.9238795325112867 -0.3826834323650897 1.1314261122877003e-16
v -0.9061274463528878 -0.3826834323650897 -0.18023995550173705
v -0.8535533905932738 -0.3826834323650897 -0.3535533905932736
v -0.7681777567114165 -0.3826834323650897 -0.5132799671593365
v -0.6532814824381884 -0.3826834323650897 -0.6532814824381882
v -0.5132799671593367 -0.3826834323650897 -0.7681777567114163
v -0.3535533905932743 -0.3826834323650897 -0.8535533905932735
v -0.18023995550173735 -0.3826834323650897 -0.9061274463528877
v -1.6971391684315505e-16 -0.3826834323650897 -0.9238795325112867
v 0.18023995550173702 -0.3826834323650897 -0.9061274463528878
v 0.35355339059327395 -0.3826834323650897 -0.8535533905932736
v 0.5132799671593364 -0.3826834323650897 -0.7681777567114165
v 0.6532814824381881 -0.3826834323650897 -0.6532814824381884
v 0.7681777567114163 -0.3826834323650897 -0.5132799671593367
v 0.8535533905932735 -0.3826834323650897 -0.35355339059327434
v 0.9061274463528877 -0.3826834323650897 -0.18023995550173738
v 0.881921264348355 -0.4713967368259977 0
v 0.864975394547473 -0.4713967368259977 0.17205430345459155
v 0.8147890054179212 -0.4713967368259977 0.3374966565165882
v 0.7332907317490973 -0.4713967368259977 0.4899692023389578
v 0.6236125064933357 -0.4713967368259977 0.6236125064933355
v 0.4899692023389579 -0.4713967368259977 0.7332907317490973
v 0.3374966565165882 -0.4713967368259977 0.8147890054179212
v 0.17205430345459163 -0.4713967368259977 0.864975394547473
v 5.400210267420999e-17 -0.4713967368259977 0.881921264348355
v -0.1720543034545915 -0.4713967368259977 0.864975394547473
v -0.33749665651658817 -0.4713967368259977 0.8147890054179212
v -0.4899692023389576 -0.4713967368259977 0.7332907317490974
v -0.6236125064933355 -0.4713967368259977 0.6236125064933357
v -0.7332907317490974 -0.4713967368259977 0.4899692023389578
v -0.8147890054179212 -0.4713967368259977 0.3374966565165883
v -0.864975394547473 -0.4713967368259977 0.17205430345459188
v -0.881921264348355 -0.4713967368259977 1.0800420534841998e-16
v -0.864975394547473 -0.4713967368259977 -0.17205430345459166
v -0.8147890054179213 -0.4713967368259977 -0.33749665651658806
v -0.7332907317490974 -0.4713967368259977 -0.4899692023389576
v -0.6236125064933358 -0.4713967368259977 -0.6236125064933355
v -0.4899692023389578 -0.4713967368259977 -0.7332907317490973
v -0.33749665651658867 -0.4713967368259977 -0.814789005417921
v -0.1720543034545919 -0.4713967368259977 -0.8649753945474729
v -1.6200630802262996e-16 -0.4713967368259977 -0.881921264348355
v 0.1720543034545916 -0.4713967368259977 -0.864975394547473
v 0.3374966565165884 -0.4713967368259977 -0.8147890054179211
v 0.48996920233895747 -0.4713967368259977 -0.7332907317490974
v 0.6236125064933354 -0.4713967368259977 -0.6236125064933358
v 0.7332907317490973 -0.4713967368259977 -0.4899692023389578
v 0.814789005417921 -0.4713967368259977 -0.3374966565165887
v 0.8649753945474729 -0.4713967368259977 -0.17205430345459197
v 0.8314696123025453 -0.555570233019602 0
v 0.8154931568489172 -0.555570233019602 0.16221167441072887
v 0.7681777567114164 -0.555570233019602 0.3181896451432085
v 0.691341716182545 -0.555570233019602 0.4619397662556434
v 0.5879378012096794 -0.555570233019602 0.5879378012096794
v 0.4619397662556435 -0.555570233019602 0.691341716182545
v 0.3181896451432086 -0.555570233019602 0.7681777567114164
v 0.16221167441072895 -0.555570233019602 0.8154931568489172
v 5.0912829964730146e-17 -0.555570233019602 0.8314696123025453
v -0.16221167441072884 -0.555570233019602 0.8154931568489172
v -0.31818964514320847 -0.555570233019602 0.7681777567114164
v -0.4619397662556432 -0.555570233019602 0.691341716182545
v -0.5879378012096794 -0.555570233019602 0.5879378012096794
v -0.691341716182545 -0.555570233019602 0.4619397662556434
v -0.7681777567114164 -0.555570233019602 0.31818964514320863
v -0.8154931568489172 -0.555570233019602 0.16221167441072917
v -0.8314696123025453 -0.555570233019602 1.0182565992946029e-16
v -0.8154931568489172 -0.555570233019602 -0.16221167441072898
v -0.7681777567114165 -0.555570233019602 -0.3181896451432084
v -0.6913417161825451 -0.555570233019602 -0.4619397662556432
v -0.5879378012096795 -0.555570233019602 -0.5879378012096794
v -0.4619397662556434 -0.555570233019602 -0.691341716182545
v -0.318189645143209 -0.555570233019602 -0.7681777567114162
v -0.16221167441072923 -0.555570233019602 -0.8154931568489171
v -1.5273848989419043e-16 -0.555570233019602 -0.8314696123025453
v 0.16221167441072892 -0.555570233019602 -0.8154931568489172
v 0.31818964514320874 -0.555570233019602 -0.7681777567114163
v 0.46193976625564315 -0.555570233019602 -0.6913417161825451
v 0.5879378012096793 -0.555570233019602 -0.5879378012096795
v 0.691341716182545 -0.555570233019602 -0.4619397662556434
v 0.7681777567114162 -0.555570233019602 -0.318189645143209
v 0.8154931568489171 -0.555570233019602 -0.16221167441072928
v 0.7730104533627371 -0.6343932841636454 0
v 0.7581572742560004 -0.6343932841636454 0.15080685826836968
v 0.7141685362791034 -0.6343932841636454 0.2958182935469464
v 0.6427347019633297 -0.6343932841636454 0.4294615977013242
v 0.5466009335008789 -0.6343932841636454 0.5466009335008788
v 0.42946159770132425 -0.6343932841636454 0.6427347019633297
v 0.29581829354694644 -0.6343932841636454 0.7141685362791034
v 0.15080685826836973 -0.6343932841636454 0.7581572742560004
v 4.733323887090602e-17 -0.6343932841636454 0.7730104533627371
v -0.15080685826836962 -0.6343932841636454 0.7581572742560004
v -0.29581829354694633 -0.6343932841636454 0.7141685362791034
v -0.429461597701324 -0.6343932841636454 0.6427347019633298
v -0.5466009335008788 -0.6343932841636454 0.5466009335008789
v -0.6427347019633298 -0.6343932841636454 0.4294615977013242
v -0.7141685362791034 -0.6343932841636454 0.2958182935469465
v -0.7581572742560004 -0.6343932841636454 0.15080685826836995
v -0.7730104533627371 -0.6343932841636454 9.466647774181203e-17
v -0.7581572742560004 -0.6343932841636454 -0.15080685826836976
v -0.7141685362791035 -0.6343932841636454 -0.2958182935469463
v -0.6427347019633299 -0.6343932841636454 -0.429461597701324
v -0.546600933500879 -0.6343932841636454 -0.5466009335008788
v -0.4294615977013242 -0.6343932841636454 -0.6427347019633297
v -0.29581829354694683 -0.6343932841636454 -0.7141685362791031
v -0.15080685826836998 -0.6343932841636454 -0.7581572742560003
v -1.4199971661271804e-16 -0.6343932841636454 -0.7730104533627371
v 0.1508068582683697 -0.6343932841636454 -0.7581572742560004
v 0.29581829354694655 -0.6343932841636454 -0.7141685362791033
v 0.4294615977013239 -0.6343932841636454 -0.6427347019633299
v 0.5466009335008787 -0.6343932841636454 -0.546600933500879
v 0.6427347019633297 -0.6343932841636454 -0.4294615977013242
v 0.7141685362791031 -0.6343932841636454 -0.2958182935469469
v 0.7581572742560003 -0.6343932841636454 -0.15080685826837004
v 0.7071067811865476 -0.7071067811865475 0
v 0.6935199226610738 -0.7071067811865475 0.1379496896414715
v 0.6532814824381883 -0.7071067811865475 0.2705980500730985
v 0.5879378012096794 -0.7071067811865475 0.39284747919355106
v 0.5000000000000001 -0.7071067811865475 0.5
v 0.3928474791935512 -0.7071067811865475 0.5879378012096794
v 0.27059805007309856 -0.7071067811865475 0.6532814824381883
v 0.13794968964147156 -0.7071067811865475 0.6935199226610738
v 4.329780281177467e-17 -0.7071067811865475 0.7071067811865476
v -0.13794968964147147 -0.7071067811865475 0.6935199226610738
v -0.2705980500730985 -0.7071067811865475 0.6532814824381883
v -0.39284747919355095 -0.7071067811865475 0.5879378012096794
v -0.5 -0.7071067811865475 0.5000000000000001
v -0.5879378012096794 -0.7071067811865475 0.39284747919355106
v -0.6532814824381883 -0.7071067811865475 0.2705980500730986
v -0.6935199226610738 -0.7071067811865475 0.13794968964147175
v -0.7071067811865476 -0.7071067811865475 8.659560562354934e-17
v -0.6935199226610738 -0.7071067811865475 -0.13794968964147158
v -0.6532814824381884 -0.7071067811865475 -0.2705980500730984
v -0.5879378012096795 -0.7071067811865475 -0.39284747919355095
v -0.5000000000000001 -0.7071067811865475 -0.5
v -0.39284747919355106 -0.7071067811865475 -0.5879378012096794
v -0.2705980500730989 -0.7071067811865475 -0.6532814824381882
v -0.1379496896414718 -0.7071067811865475 -0.6935199226610737
v -1.29893408435324e-16 -0.7071067811865475 -0.7071067811865476
v 0.13794968964147153 -0.7071067811865475 -0.6935199226610738
v 0.2705980500730987 -0.7071067811865475 -0.6532814824381882
v 0.39284747919355084 -0.7071067811865475 -0.5879378012096795
v 0.4999999999999999 -0.7071067811865475 -0.5000000000000001
v 0.5879378012096794 -0.7071067811865475 -0.39284747919355106
v 0.6532814824381882 -0.7071067811865475 -0.27059805007309895
v 0.6935199226610737 -0.7071067811865475 -0.13794968964147183
v 0.6343932841636455 -0.773010453362737 0
v 0.6222035950943673 -0.773010453362737 0.12376399009235475
v 0.5861029708014087 -0.773010453362737 0.24277179945310562
v 0.5274787380308847 -0.773010453362737 0.3524500247088672
v 0.4485837931713182 -0.773010453362737 0.4485837931713181
v 0.35245002470886727 -0.773010453362737 0.5274787380308847
v 0.24277179945310565 -0.773010453362737 0.5861029708014087
v 0.12376399009235481 -0.773010453362737 0.6222035950943673
v 3.8845385242579287e-17 -0.773010453362737 0.6343932841636455
v -0.12376399009235471 -0.773010453362737 0.6222035950943673
v -0.24277179945310556 -0.773010453362737 0.5861029708014087
v -0.3524500247088671 -0.773010453362737 0.5274787380308847
v -0.4485837931713181 -0.773010453362737 0.4485837931713182
v -0.5274787380308847 -0.773010453362737 0.3524500247088672
v -0.5861029708014087 -0.773010453362737 0.24277179945310567
v -0.6222035950943673 -0.773010453362737 0.12376399009235498
v -0.6343932841636455 -0.773010453362737 7.769077048515857e-17
v -0.6222035950943673 -0.773010453362737 -0.12376399009235482
v -0.5861029708014087 -0.773010453362737 -0.2427717994531055
v -0.5274787380308849 -0.773010453362737 -0.3524500247088671
v -0.44858379317131825 -0.773010453362737 -0.4485837931713181
v -0.3524500247088672 -0.773010453362737 -0.5274787380308847
v -0.24277179945310595 -0.773010453362737 -0.5861029708014085
v -0.12376399009235502 -0.773010453362737 -0.6222035950943672
v -1.1653615572773786e-16 -0.773010453362737 -0.6343932841636455
v 0.12376399009235478 -0.773010453362737 -0.6222035950943673
v 0.24277179945310576 -0.773010453362737 -0.5861029708014086
v 0.352450024708867 -0.773010453362737 -0.5274787380308849
v 0.448583793171318 -0.773010453362737 -0.44858379317131825
v 0.5274787380308847 -0.773010453362737 -0.3524500247088672
v 0.5861029708014085 -0.773010453362737 -0.242771799453106
v 0.6222035950943672 -0.773010453362737 -0.12376399009235504
v 0.5555702330196022 -0.8314696123025453 0
v 0.5448951067758185 -0.8314696123025453 0.1083863756623696
v 0.5132799671593367 -0.8314696123025453 0.2126075236918141
v 0.4619397662556433 -0.8314696123025453 0.3086582838174551
v 0.39284747919355106 -0.8314696123025453 0.392847479193551
v 0.30865828381745514 -0.8314696123025453 0.4619397662556433
v 0.21260752369181413 -0.8314696123025453 0.5132799671593367
v 0.10838637566236964 -0.8314696123025453 0.5448951067758185
v 3.401886537845025e-17 -0.8314696123025453 0.5555702330196022
v -0.10838637566236957 -0.8314696123025453 0.5448951067758185
v -0.21260752369181407 -0.8314696123025453 0.5132799671593367
v -0.3086582838174549 -0.8314696123025453 0.4619397662556434
v -0.392847479193551 -0.8314696123025453 0.39284747919355106
v -0.4619397662556434 -0.8314696123025453 0.3086582838174551
v -0.5132799671593367 -0.8314696123025453 0.21260752369181415
v -0.5448951067758185 -0.8314696123025453 0.10838637566236979
v -0.5555702330196022 -0.8314696123025453 6.80377307569005e-17
v -0.5448951067758185 -0.8314696123025453 -0.10838637566236965
v -0.5132799671593368 -0.8314696123025453 -0.21260752369181402
v -0.4619397662556435 -0.8314696123025453 -0.3086582838174549
v -0.3928474791935511 -0.8314696123025453 -0.392847479193551
v -0.3086582838174551 -0.8314696123025453 -0.4619397662556433
v -0.2126075236918144 -0.8314696123025453 -0.5132799671593365
v -0.10838637566236983 -0.8314696123025453 -0.5448951067758185
v -1.0205659613535074e-16 -0.8314696123025453 -0.5555702330196022
v 0.10838637566236962 -0.8314696123025453 -0.5448951067758185
v 0.2126075236918142 -0.8314696123025453 -0.5132799671593367
v 0.30865828381745486 -0.8314696123025453 -0.4619397662556435
v 0.39284747919355095 -0.8314696123025453 -0.3928474791935511
v 0.4619397662556433 -0.8314696123025453 -0.3086582838174551
v 0.5132799671593365 -0.8314696123025453 -0.21260752369181443
v 0.5448951067758185 -0.8314696123025453 -0.10838637566236986
v 0.47139673682599786 -0.8819212643483549 0
v 0.46233898070905416 -0.8819212643483549 0.09196494118473598
v 0.435513796846149 -0.8819212643483549 0.18039572125427578
v 0.3919520620093974 -0.8819212643483549 0.2618939949230997
v 0.33332782923887344 -0.8819212643483549 0.3333278292388734
v 0.2618939949230998 -0.8819212643483549 0.3919520620093974
v 0.1803957212542758 -0.8819212643483549 0.435513796846149
v 0.09196494118473603 -0.8819212643483549 0.46233898070905416
v 2.8864725244123276e-17 -0.8819212643483549 0.47139673682599786
v -0.09196494118473596 -0.8819212643483549 0.46233898070905416
v -0.18039572125427575 -0.8819212643483549 0.435513796846149
v -0.2618939949230996 -0.8819212643483549 0.3919520620093974
v -0.3333278292388734 -0.8819212643483549 0.33332782923887344
v -0.3919520620093974 -0.8819212643483549 0.2618939949230997
v -0.435513796846149 -0.8819212643483549 0.18039572125427583
v -0.46233898070905416 -0.8819212643483549 0.09196494118473615
v -0.47139673682599786 -0.8819212643483549 5.772945048824655e-17
v -0.46233898070905416 -0.8819212643483549 -0.09196494118473604
v -0.43551379684614905 -0.8819212643483549 -0.1803957212542757
v -0.3919520620093975 -0.8819212643483549 -0.2618939949230996
v -0.3333278292388735 -0.8819212643483549 -0.3333278292388734
v -0.2618939949230997 -0.8819212643483549 -0.3919520620093974
v -0.18039572125427605 -0.8819212643483549 -0.4355137968461489
v -0.09196494118473618 -0.8819212643483549 -0.4623389807090541
v -8.659417573236982e-17 -0.8819212643483549 -0.47139673682599786
v 0.09196494118473601 -0.8819212643483549 -0.46233898070905416
v 0.1803957212542759 -0.8819212643483549 -0.43551379684614894
v 0.26189399492309956 -0.8819212643483549 -0.3919520620093975
v 0.33332782923887333 -0.8819212643483549 -0.3333278292388735
v 0.3919520620093974 -0.8819212643483549 -0.2618939949230997
v 0.4355137968461489 -0.8819212643483549 -0.18039572125427608
v 0.4623389807090541 -0.8819212643483549 -0.0919649411847362
v 0.3826834323650899 -0.9238795325112867 0
v 0.37533027751786535 -0.9238795325112867 0.07465783405034263
v 0.35355339059327384 -0.9238795325112867 0.1464466094067263
v 0.3181896451432086 -0.9238795325112867 0.21260752369181415
v 0.2705980500730986 -0.9238795325112867 0.27059805007309856
v 0.2126075236918142 -0.9238795325112867 0.3181896451432086
v 0.1464466094067263 -0.9238795325112867 0.35355339059327384
v 0.07465783405034265 -0.9238795325112867 0.37533027751786535
v 2.34326020266315e-17 -0.9238795325112867 0.3826834323650899
v -0.0746578340503426 -0.9238795325112867 0.37533027751786535
v -0.14644660940672627 -0.9238795325112867 0.35355339059327384
v -0.21260752369181407 -0.9238795325112867 0.31818964514320863
v -0.27059805007309856 -0.9238795325112867 0.2705980500730986
v -0.31818964514320863 -0.9238795325112867 0.21260752369181415
v -0.35355339059327384 -0.9238795325112867 0.14644660940672632
v -0.37533027751786535 -0.9238795325112867 0.07465783405034276
v -0.3826834323650899 -0.9238795325112867 4.6865204053263e-17
v -0.37533027751786535 -0.9238795325112867 -0.07465783405034267
v -0.3535533905932739 -0.9238795325112867 -0.1464466094067262
v -0.3181896451432087 -0.9238795325112867 -0.21260752369181407
v -0.2705980500730986 -0.9238795325112867 -0.27059805007309856
v -0.21260752369181415 -0.9238795325112867 -0.3181896451432086
v -0.1464466094067265 -0.9238795325112867 -0.3535533905932738
v -0.07465783405034278 -0.9238795325112867 -0.3753302775178653
v -7.029780607989449e-17 -0.9238795325112867 -0.3826834323650899
v 0.07465783405034264 -0.9238795325112867 -0.37533027751786535
v 0.14644660940672638 -0.9238795325112867 -0.35355339059327384
v 0.21260752369181404 -0.9238795325112867 -0.3181896451432087
v 0.2705980500730985 -0.9238795325112867 -0.2705980500730986
v 0.3181896451432086 -0.9238795325112867 -0.21260752369181415
v 0.3535533905932738 -0.9238795325112867 -0.14644660940672652
v 0.3753302775178653 -0.9238795325112867 -0.0746578340503428
v 0.2902846772544624 -0.9569403357322088 0
v 0.2847069385777791 -0.9569403357322088 0.056631731161920926
v 0.26818807191704247 -0.9569403357322088 0.11108713665472997
v 0.2413628880541373 -0.9569403357322088 0.16127352578428167
v 0.20526226376117873 -0.9569403357322088 0.20526226376117868
v 0.16127352578428172 -0.9569403357322088 0.2413628880541373
v 0.11108713665473 -0.9569403357322088 0.26818807191704247
v 0.05663173116192095 -0.9569403357322088 0.2847069385777791
v 1.7774810042059993e-17 -0.9569403357322088 0.2902846772544624
v -0.05663173116192091 -0.9569403357322088 0.2847069385777791
v -0.11108713665472995 -0.9569403357322088 0.26818807191704247
v -0.1612735257842816 -0.9569403357322088 0.24136288805413733
v -0.20526226376117868 -0.9569403357322088 0.20526226376117873
v -0.24136288805413733 -0.9569403357322088 0.16127352578428167
v -0.26818807191704247 -0.9569403357322088 0.11108713665473001
v -0.2847069385777791 -0.9569403357322088 0.05663173116192103
v -0.2902846772544624 -0.9569403357322088 3.5549620084119986e-17
v -0.2847069385777791 -0.9569403357322088 -0.05663173116192096
v -0.26818807191704247 -0.9569403357322088 -0.11108713665472993
v -0.2413628880541374 -0.9569403357322088 -0.1612735257842816
v -0.20526226376117876 -0.9569403357322088 -0.20526226376117868
v -0.16127352578428167 -0.9569403357322088 -0.2413628880541373
v -0.11108713665473013 -0.9569403357322088 -0.2681880719170424
v -0.056631731161921044 -0.9569403357322088 -0.2847069385777791
v -5.332443012617997e-17 -0.9569403357322088 -0.2902846772544624
v 0.05663173116192094 -0.9569403357322088 -0.2847069385777791
v 0.11108713665473004 -0.9569403357322088 -0.2681880719170424
v 0.16127352578428159 -0.9569403357322088 -0.2413628880541374
v 0.20526226376117865 -0.9569403357322088 -0.20526226376117876
v 0.2413628880541373 -0.9569403357322088 -0.16127352578428167
v 0.2681880719170424 -0.9569403357322088 -0.11108713665473015
v 0.2847069385777791 -0.9569403357322088 -0.056631731161921064
v 0.1950903220161286 -0.9807852804032304 0
v 0.19134171618254522 -0.9807852804032304 0.038060233744356686
v 0.1802399555017373 -0.9807852804032304 0.07465783405034274
v 0.16221167441072917 -0.9807852804032304 0.10838637566236979
v 0.13794968964147175 -0.9807852804032304 0.13794968964147172
v 0.10838637566236982 -0.9807852804032304 0.16221167441072917
v 0.07465783405034275 -0.9807852804032304 0.1802399555017373
v 0.0380602337443567 -0.9807852804032304 0.19134171618254522
v 1.1945836920083915e-17 -0.9807852804032304 0.1950903220161286
v -0.03806023374435667 -0.9807852804032304 0.19134171618254522
v -0.07465783405034272 -0.9807852804032304 0.1802399555017373
v -0.10838637566236975 -0.9807852804032304 0.16221167441072917
v -0.13794968964147172 -0.9807852804032304 0.13794968964147175
v -0.16221167441072917 -0.9807852804032304 0.10838637566236979
v -0.1802399555017373 -0.9807852804032304 0.07465783405034276
v -0.19134171618254522 -0.9807852804032304 0.038060233744356756
v -0.1950903220161286 -0.9807852804032304 2.389167384016783e-17
v -0.19134171618254522 -0.9807852804032304 -0.03806023374435671
v -0.18023995550173733 -0.9807852804032304 -0.07465783405034271
v -0.1622116744107292 -0.9807852804032304 -0.10838637566236975
v -0.13794968964147178 -0.9807852804032304 -0.13794968964147172
v -0.10838637566236979 -0.9807852804032304 -0.16221167441072917
v -0.07465783405034285 -0.9807852804032304 -0.18023995550173724
v -0.03806023374435676 -0.9807852804032304 -0.1913417161825452
v -3.583751076025174e-17 -0.9807852804032304 -0.1950903220161286
v 0.03806023374435669 -0.9807852804032304 -0.19134171618254522
v 0.07465783405034278 -0.9807852804032304 -0.18023995550173727
v 0.10838637566236974 -0.9807852804032304 -0.1622116744107292
v 0.13794968964147172 -0.9807852804032304 -0.13794968964147178
v 0.16221167441072917 -0.9807852804032304 -0.10838637566236979
v 0.18023995550173724 -0.9807852804032304 -0.07465783405034286
v 0.1913417161825452 -0.9807852804032304 -0.038060233744356776
v 0.09801714032956083 -0.9951847266721968 0
v 0.0961337684624511 -0.9951847266721968 0.019122195469994052
v 0.09055602978576785 -0.9951847266721968 0.037509535691927005
v 0.08149827366882412 -0.9951847266721968 0.05445540549280915
v 0.06930858459954589 -0.9951847266721968 0.06930858459954588
v 0.05445540549280917 -0.9951847266721968 0.08149827366882412
v 0.03750953569192701 -0.9951847266721968 0.09055602978576785
v 0.01912219546999406 -0.9951847266721968 0.0961337684624511
v 6.0018188583086806e-18 -0.9951847266721968 0.09801714032956083
v -0.019122195469994045 -0.9951847266721968 0.0961337684624511
v -0.037509535691927 -0.9951847266721968 0.09055602978576785
v -0.05445540549280913 -0.9951847266721968 0.08149827366882412
v -0.06930858459954588 -0.9951847266721968 0.06930858459954589
v -0.08149827366882412 -0.9951847266721968 0.05445540549280915
v -0.09055602978576785 -0.9951847266721968 0.03750953569192701
v -0.0961337684624511 -0.9951847266721968 0.019122195469994087
v -0.09801714032956083 -0.9951847266721968 1.2003637716617361e-17
v -0.0961337684624511 -0.9951847266721968 -0.019122195469994063
v -0.09055602978576785 -0.9951847266721968 -0.037509535691926985
v -0.08149827366882413 -0.9951847266721968 -0.05445540549280913
v -0.0693085845995459 -0.9951847266721968 -0.06930858459954588
v -0.05445540549280915 -0.9951847266721968 -0.08149827366882412
v -0.03750953569192706 -0.9951847266721968 -0.09055602978576782
v -0.019122195469994094 -0.9951847266721968 -0.09613376846245109
v -1.8005456574926042e-17 -0.9951847266721968 -0.09801714032956083
v 0.01912219546999406 -0.9951847266721968 -0.0961337684624511
v 0.037509535691927026 -0.9951847266721968 -0.09055602978576784
v 0.05445540549280912 -0.9951847266721968 -0.08149827366882413
v 0.06930858459954588 -0.9951847266721968 -0.0693085845995459
v 0.08149827366882412 -0.9951847266721968 -0.05445540549280915
v 0.09055602978576782 -0.9951847266721968 -0.03750953569192706
v 0.09613376846245109 -0.9951847266721968 -0.019122195469994097
v 0 -1 0
vt 0.5 0.5
vt 0.5490085701647803 0.5
vt 0.5480668842312254 0.509561097734997
vt 0.5452780148928839 0.5187547678459634
vt 0.540749136834412 0.5272277027464045
vt 0.5346542922997729 0.5346542922997729
vt 0.5272277027464045 0.540749136834412
vt 0.5187547678459634 0.5452780148928839
vt 0.509561097734997 0.5480668842312254
vt 0.5 0.5490085701647803
vt 0.490438902265003 0.5480668842312254
vt 0.48124523215403653 0.5452780148928839
vt 0.4727722972535955 0.540749136834412
vt 0.46534570770022715 0.5346542922997729
vt 0.45925086316558805 0.5272277027464045
vt 0.4547219851071162 0.5187547678459634
vt 0.45193311576877454 0.509561097734997
vt 0.45099142983521967 0.5
vt 0.45193311576877454 0.490438902265003
vt 0.45472198510711614 0.48124523215403653
vt 0.45925086316558805 0.4727722972535955
vt 0.4653457077002271 0.46534570770022715
vt 0.4727722972535955 0.45925086316558805
vt 0.48124523215403653 0.4547219851071162
vt 0.490438902265003 0.45193311576877454
vt 0.5 0.45099142983521967
vt 0.509561097734997 0.45193311576877454
vt 0.5187547678459634 0.4547219851071162
vt 0.5272277027464045 0.45925086316558805
vt 0.5346542922997729 0.4653457077002271
vt 0.540749136834412 0.4727722972535955
vt 0.5452780148928839 0.48124523215403653
vt 0.5480668842312254 0.490438902265003
vt 0.5975451610080641 0.5
vt 0.5956708580912724 0.5190301168721783
vt 0.5901199777508684 0.5373289170251713
vt 0.5811058372053645 0.5541931878311848
vt 0.5689748448207358 0.5689748448207357
vt 0.5541931878311848 0.5811058372053645
vt 0.5373289170251713 0.5901199777508684
vt 0.5190301168721783 0.5956708580912724
vt 0.5 0.5975451610080641
vt 0.4809698831278217 0.5956708580912724
vt 0.46267108297482873 0.5901199777508684
vt 0.44580681216881524 0.5811058372053645
vt 0.43102515517926426 0.5689748448207358
vt 0.41889416279463554 0.5541931878311848
vt 0.4098800222491315 0.5373289170251713
vt 0.4043291419087276 0.5190301168721784
vt 0.4024548389919359 0.5
vt 0.4043291419087276 0.4809698831278217
vt 0.4098800222491315 0.46267108297482873
vt 0.41889416279463554 0.44580681216881524
vt 0.4310251551792642 0.43102515517926426
vt 0.4458068121688152 0.41889416279463554
vt 0.4626710829748286 0.40988002224913156
vt 0.48096988312782163 0.4043291419087276
vt 0.5 0.4024548389919359
vt 0.5190301168721783 0.4043291419087276
vt 0.5373289170251713 0.40988002224913156
vt 0.5541931878311848 0.41889416279463554
vt 0.5689748448207357 0.4310251551792642
vt 0.5811058372053645 0.4458068121688152
vt 0.5901199777508684 0.4626710829748286
vt 0.5956708580912724 0.48096988312782163
vt 0.6451423386272311 0.5
vt 0.6423534692888895 0.5283158655809604
vt 0.6340940359585212 0.555543568327365
vt 0.6206814440270686 0.5806367628921408
vt 0.6026311318805894 0.6026311318805894
vt 0.5806367628921408 0.6206814440270686
vt 0.555543568327365 0.6340940359585212
vt 0.5283158655809604 0.6423534692888895
vt 0.5 0.6451423386272311
vt 0.47168413441903956 0.6423534692888895
vt 0.44445643167263504 0.6340940359585212
vt 0.4193632371078592 0.6206814440270687
vt 0.3973688681194107 0.6026311318805894
vt 0.37931855597293135 0.5806367628921408
vt 0.3659059640414788 0.555543568327365
vt 0.35764653071111047 0.5283158655809606
vt 0.35485766137276886 0.5
vt 0.35764653071111047 0.4716841344190395
vt 0.3659059640414788 0.44445643167263504
vt 0.37931855597293135 0.4193632371078592
vt 0.39736886811941063 0.3973688681194107
vt 0.41936323710785917 0.37931855597293135
vt 0.44445643167263493 0.3659059640414788
vt 0.4716841344190395 0.35764653071111047
vt 0.5 0.35485766137276886
vt 0.5283158655809604 0.35764653071111047
vt 0.555543568327365 0.3659059640414788
vt 0.5806367628921407 0.37931855597293135
vt 0.6026311318805893 0.39736886811941063
vt 0.6206814440270686 0.41936323710785917
vt 0.6340940359585212 0.44445643167263493
vt 0.6423534692888895 0.47168413441903945
vt 0.6913417161825449 0.5
vt 0.6876651387589326 0.5373289170251713
vt 0.6767766952966369 0.5732233047033631
vt 0.6590948225716042 0.6063037618459071
vt 0.6352990250365492 0.6352990250365492
vt 0.6063037618459071 0.6590948225716042
vt 0.5732233047033631 0.6767766952966369
vt 0.5373289170251713 0.6876651387589326
vt 0.5 0.6913417161825449
vt 0.46267108297482873 0.6876651387589326
vt 0.42677669529663687 0.6767766952966369
vt 0.393696238154093 0.6590948225716042
vt 0.3647009749634508 0.6352990250365492
vt 0.34090517742839577 0.6063037618459071
vt 0.32322330470336313 0.5732233047033631
vt 0.31233486124106735 0.5373289170251714
vt 0.3086582838174551 0.5
vt 0.31233486124106735 0.4626710829748287
vt 0.32322330470336313 0.4267766952966369
vt 0.3409051774283957 0.393696238154093
vt 0.3647009749634507 0.3647009749634508
vt 0.39369623815409294 0.34090517742839577
vt 0.42677669529663675 0.32322330470336313
vt 0.4626710829748286 0.3123348612410674
vt 0.49999999999999994 0.3086582838174551
vt 0.5373289170251713 0.31233486124106735
vt 0.5732233047033631 0.32322330470336313
vt 0.606303761845907 0.3409051774283957
vt 0.6352990250365492 0.3647009749634507
vt 0.6590948225716042 0.39369623815409294
vt 0.6767766952966369 0.42677669529663675
vt 0.6876651387589325 0.4626710829748286
vt 0.7356983684129988 0.5
vt 0.7311694903545269 0.5459824705923679
vt 0.7177568984230744 0.5901978606271379
vt 0.6959760310046986 0.6309469974615498
vt 0.6666639146194366 0.6666639146194366
vt 0.6309469974615498 0.6959760310046986
vt 0.5901978606271379 0.7177568984230744
vt 0.545982470592368 0.7311694903545269
vt 0.5 0.7356983684129988
vt 0.45401752940763207 0.7311694903545269
vt 0.40980213937286214 0.7177568984230744
vt 0.36905300253845025 0.6959760310046986
vt 0.33333608538056336 0.6666639146194366
vt 0.3040239689953014 0.6309469974615498
vt 0.2822431015769256 0.5901978606271379
vt 0.26883050964547306 0.545982470592368
vt 0.26430163158700115 0.5
vt 0.26883050964547306 0.454017529407632
vt 0.28224310157692556 0.4098021393728622
vt 0.3040239689953014 0.36905300253845025
vt 0.33333608538056336 0.33333608538056336
vt 0.3690530025384502 0.3040239689953014
vt 0.40980213937286203 0.28224310157692567
vt 0.45401752940763196 0.26883050964547306
vt 0.49999999999999994 0.26430163158700115
vt 0.5459824705923679 0.26883050964547306
vt 0.5901978606271379 0.28224310157692567
vt 0.6309469974615497 0.3040239689953014
vt 0.6666639146194366 0.33333608538056336
vt 0.6959760310046986 0.3690530025384502
vt 0.7177568984230743 0.40980213937286203
vt 0.7311694903545269 0.4540175294076319
vt 0.7777851165098011 0.5
vt 0.7724475533879093 0.5541931878311848
vt 0.7566399835796683 0.6063037618459071
vt 0.7309698831278216 0.6543291419087276
vt 0.6964237395967755 0.6964237395967755
vt 0.6543291419087276 0.7309698831278216
vt 0.6063037618459071 0.7566399835796683
vt 0.5541931878311848 0.7724475533879093
vt 0.5 0.7777851165098011
vt 0.44580681216881524 0.7724475533879093
vt 0.39369623815409294 0.7566399835796683
vt 0.3456708580912725 0.7309698831278217
vt 0.3035762604032245 0.6964237395967755
vt 0.26903011687217826 0.6543291419087276
vt 0.24336001642033167 0.6063037618459071
vt 0.22755244661209073 0.5541931878311849
vt 0.2222148834901989 0.5
vt 0.22755244661209073 0.4458068121688152
vt 0.24336001642033162 0.393696238154093
vt 0.26903011687217826 0.3456708580912725
vt 0.30357626040322444 0.3035762604032245
vt 0.34567085809127246 0.26903011687217837
vt 0.3936962381540928 0.24336001642033173
vt 0.44580681216881507 0.22755244661209073
vt 0.49999999999999994 0.2222148834901989
vt 0.5541931878311848 0.22755244661209073
vt 0.6063037618459071 0.24336001642033167
vt 0.6543291419087274 0.26903011687217826
vt 0.6964237395967755 0.30357626040322444
vt 0.7309698831278216 0.34567085809127246
vt 0.7566399835796682 0.39369623815409277
vt 0.7724475533879093 0.44580681216881507
vt 0.8171966420818227 0.5
vt 0.8111017975471837 0.5618819950461774
vt 0.7930514854007044 0.6213858997265528
vt 0.7637393690154424 0.6762250123544336
vt 0.7242918965856591 0.7242918965856591
vt 0.6762250123544337 0.7637393690154424
vt 0.6213858997265528 0.7930514854007044
vt 0.5618819950461774 0.8111017975471837
vt 0.5 0.8171966420818227
vt 0.43811800495382264 0.8111017975471837
vt 0.3786141002734472 0.7930514854007044
vt 0.32377498764556645 0.7637393690154424
vt 0.27570810341434093 0.7242918965856591
vt 0.23626063098455763 0.6762250123544336
vt 0.20694851459929564 0.6213858997265529
vt 0.18889820245281636 0.5618819950461775
vt 0.18280335791817726 0.5
vt 0.18889820245281636 0.4381180049538226
vt 0.20694851459929564 0.3786141002734472
vt 0.23626063098455757 0.32377498764556645
vt 0.2757081034143409 0.27570810341434093
vt 0.3237749876455664 0.23626063098455763
vt 0.378614100273447 0.20694851459929575
vt 0.43811800495382247 0.1888982024528164
vt 0.49999999999999994 0.18280335791817726
vt 0.5618819950461774 0.18889820245281636
vt 0.6213858997265529 0.2069485145992957
vt 0.6762250123544336 0.23626063098455757
vt 0.7242918965856591 0.2757081034143409
vt 0.7637393690154424 0.3237749876455664
vt 0.7930514854007042 0.378614100273447
vt 0.8111017975471836 0.43811800495382247
vt 0.8535533905932737 0.5
vt 0.8467599613305368 0.5689748448207357
vt 0.8266407412190941 0.6352990250365492
vt 0.7939689006048396 0.6964237395967755
vt 0.75 0.75
vt 0.6964237395967756 0.7939689006048396
vt 0.6352990250365492 0.8266407412190941
vt 0.5689748448207358 0.8467599613305368
vt 0.5 0.8535533905932737
vt 0.43102515517926426 0.8467599613305368
vt 0.3647009749634508 0.8266407412190941
vt 0.3035762604032246 0.7939689006048397
vt 0.25000000000000006 0.75
vt 0.2060310993951603 0.6964237395967755
vt 0.1733592587809059 0.6352990250365493
vt 0.15324003866946317 0.5689748448207359
vt 0.14644660940672627 0.5
vt 0.15324003866946317 0.4310251551792642
vt 0.17335925878090586 0.36470097496345083
vt 0.2060310993951603 0.3035762604032246
vt 0.24999999999999994 0.25000000000000006
vt 0.3035762604032245 0.20603109939516034
vt 0.36470097496345055 0.17335925878090597
vt 0.4310251551792641 0.15324003866946323
vt 0.49999999999999994 0.14644660940672627
vt 0.5689748448207358 0.15324003866946317
vt 0.6352990250365493 0.17335925878090597
vt 0.6964237395967754 0.2060310993951603
vt 0.7499999999999999 0.24999999999999994
vt 0.7939689006048396 0.3035762604032245
vt 0.826640741219094 0.36470097496345055
vt 0.8467599613305368 0.4310251551792641
vt 0.8865052266813684 0.5
vt 0.8790786371280002 0.5754034291341849
vt 0.8570842681395516 0.6479091467734732
vt 0.8213673509816648 0.714730798850662
vt 0.7733004667504393 0.7733004667504393
vt 0.714730798850662 0.8213673509816648
vt 0.6479091467734732 0.8570842681395516
vt 0.5754034291341849 0.8790786371280002
vt 0.5 0.8865052266813684
vt 0.4245965708658152 0.8790786371280002
vt 0.3520908532265269 0.8570842681395516
vt 0.28526920114933807 0.8213673509816648
vt 0.22669953324956066 0.7733004667504393
vt 0.1786326490183352 0.714730798850662
vt 0.14291573186044843 0.6479091467734732
vt 0.1209213628719999 0.575403429134185
vt 0.11349477331863156 0.5
vt 0.1209213628719999 0.42459657086581515
vt 0.14291573186044837 0.3520908532265269
vt 0.17863264901833514 0.28526920114933807
vt 0.2266995332495606 0.22669953324956066
vt 0.28526920114933796 0.1786326490183352
vt 0.35209085322652667 0.14291573186044848
vt 0.42459657086581504 0.12092136287199995
vt 0.49999999999999994 0.11349477331863156
vt 0.5754034291341849 0.1209213628719999
vt 0.6479091467734732 0.14291573186044848
vt 0.7147307988506619 0.17863264901833514
vt 0.7733004667504393 0.2266995332495606
vt 0.8213673509816648 0.28526920114933796
vt 0.8570842681395515 0.3520908532265266
vt 0.879078637128 0.42459657086581504
vt 0.9157348061512727 0.5
vt 0.9077465784244585 0.5811058372053645
vt 0.8840888783557082 0.6590948225716042
vt 0.8456708580912724 0.7309698831278216
vt 0.7939689006048397 0.7939689006048396
vt 0.7309698831278217 0.8456708580912724
vt 0.6590948225716042 0.8840888783557082
vt 0.5811058372053645 0.9077465784244585
vt 0.5 0.9157348061512727
vt 0.4188941627946356 0.9077465784244585
vt 0.34090517742839577 0.8840888783557082
vt 0.2690301168721784 0.8456708580912725
vt 0.20603109939516034 0.7939689006048397
vt 0.15432914190872749 0.7309698831278216
vt 0.11591112164429185 0.6590948225716042
vt 0.09225342157554145 0.5811058372053646
vt 0.08426519384872738 0.5
vt 0.09225342157554145 0.41889416279463554
vt 0.11591112164429179 0.3409051774283958
vt 0.15432914190872749 0.2690301168721784
vt 0.20603109939516023 0.20603109939516034
vt 0.26903011687217837 0.15432914190872754
vt 0.34090517742839554 0.11591112164429196
vt 0.4188941627946354 0.0922534215755415
vt 0.49999999999999994 0.08426519384872738
vt 0.5811058372053645 0.09225342157554145
vt 0.6590948225716043 0.1159111216442919
vt 0.7309698831278215 0.15432914190872749
vt 0.7939689006048396 0.20603109939516023
vt 0.8456708580912724 0.26903011687217837
vt 0.884088878355708 0.3409051774283955
vt 0.9077465784244585 0.41889416279463537
vt 0.9409606321741775 0.5
vt 0.9324876972737364 0.5860271517272958
vt 0.9073945027089605 0.6687483282582941
vt 0.8666453658745485 0.7449846011694788
vt 0.8118062532466678 0.8118062532466678
vt 0.744984601169479 0.8666453658745485
vt 0.6687483282582941 0.9073945027089605
vt 0.5860271517272958 0.9324876972737364
vt 0.5 0.9409606321741775
vt 0.41397284827270425 0.9324876972737364
vt 0.33125167174170594 0.9073945027089605
vt 0.25501539883052127 0.8666453658745487
vt 0.18819374675333223 0.8118062532466678
vt 0.13335463412545134 0.7449846011694788
vt 0.09260549729103945 0.6687483282582941
vt 0.06751230272626357 0.5860271517272959
vt 0.05903936782582253 0.5
vt 0.06751230272626357 0.4139728482727042
vt 0.0926054972910394 0.331251671741706
vt 0.1333546341254513 0.25501539883052127
vt 0.18819374675333217 0.18819374675333223
vt 0.25501539883052116 0.1333546341254514
vt 0.33125167174170567 0.09260549729103956
vt 0.4139728482727041 0.06751230272626363
vt 0.49999999999999994 0.05903936782582253
vt 0.5860271517272958 0.06751230272626357
vt 0.6687483282582942 0.0926054972910395
vt 0.7449846011694787 0.1333546341254513
vt 0.8118062532466677 0.18819374675333217
vt 0.8666453658745485 0.25501539883052116
vt 0.9073945027089605 0.33125167174170567
vt 0.9324876972737364 0.41397284827270403
vt 0.9619397662556434 0.5
vt 0.9530637231764438 0.5901199777508684
vt 0.9267766952966369 0.6767766952966369
vt 0.8840888783557082 0.7566399835796683
vt 0.8266407412190941 0.8266407412190941
vt 0.7566399835796684 0.8840888783557082
vt 0.676776695296637 0.9267766952966369
vt 0.5901199777508686 0.9530637231764438
vt 0.5 0.9619397662556434
vt 0.40988002224913156 0.9530637231764438
vt 0.32322330470336313 0.9267766952966369
vt 0.24336001642033173 0.8840888783557082
vt 0.1733592587809059 0.8266407412190941
vt 0.11591112164429179 0.7566399835796683
vt 0.07322330470336313 0.676776695296637
vt 0.04693627682355611 0.5901199777508687
vt 0.03806023374435663 0.5000000000000001
vt 0.04693627682355611 0.40988002224913145
vt 0.07322330470336308 0.3232233047033632
vt 0.11591112164429174 0.24336001642033173
vt 0.1733592587809058 0.1733592587809059
vt 0.24336001642033167 0.11591112164429185
vt 0.32322330470336286 0.07322330470336325
vt 0.40988002224913134 0.04693627682355617
vt 0.4999999999999999 0.03806023374435663
vt 0.5901199777508686 0.04693627682355611
vt 0.676776695296637 0.07322330470336319
vt 0.7566399835796682 0.11591112164429174
vt 0.826640741219094 0.1733592587809058
vt 0.8840888783557082 0.24336001642033167
vt 0.9267766952966368 0.3232233047033628
vt 0.9530637231764438 0.40988002224913134
vt 0.9784701678661045 0.5
vt 0.969276497755138 0.5933448991241093
vt 0.9420487950087335 0.6831026061233015
vt 0.8978334049739636 0.7658237826542998
vt 0.8383295002935882 0.8383295002935882
vt 0.7658237826543 0.8978334049739636
vt 0.6831026061233015 0.9420487950087335
vt 0.5933448991241093 0.969276497755138
vt 0.5 0.9784701678661045
vt 0.40665510087589074 0.969276497755138
vt 0.31689739387669846 0.9420487950087335
vt 0.23417621734570027 0.8978334049739637
vt 0.16167049970641184 0.8383295002935882
vt 0.10216659502603631 0.7658237826542998
vt 0.05795120499126649 0.6831026061233016
vt 0.030723502244861978 0.5933448991241095
vt 0.021529832133895532 0.5000000000000001
vt 0.030723502244861978 0.4066551008758907
vt 0.057951204991266436 0.3168973938766986
vt 0.10216659502603626 0.23417621734570027
vt 0.16167049970641173 0.16167049970641184
vt 0.23417621734570016 0.10216659502603637
vt 0.3168973938766982 0.0579512049912666
vt 0.4066551008758905 0.030723502244862033
vt 0.4999999999999999 0.021529832133895532
vt 0.5933448991241093 0.030723502244861978
vt 0.6831026061233016 0.05795120499126655
vt 0.7658237826542997 0.10216659502603626
vt 0.8383295002935881 0.16167049970641173
vt 0.8978334049739636 0.23417621734570016
vt 0.9420487950087334 0.31689739387669813
vt 0.969276497755138 0.4066551008758905
vt 0.9903926402016152 0.5
vt 0.9809698831278217 0.5956708580912724
vt 0.9530637231764438 0.6876651387589326
vt 0.9077465784244585 0.7724475533879093
vt 0.8467599613305369 0.8467599613305368
vt 0.7724475533879094 0.9077465784244585
vt 0.6876651387589326 0.9530637231764438
vt 0.5956708580912725 0.9809698831278217
vt 0.5 0.9903926402016152
vt 0.4043291419087276 0.9809698831278217
vt 0.3123348612410674 0.9530637231764438
vt 0.2275524466120908 0.9077465784244586
vt 0.15324003866946317 0.8467599613305369
vt 0.0922534215755414 0.7724475533879093
vt 0.04693627682355611 0.6876651387589326
vt 0.019030116872178315 0.5956708580912726
vt 0.009607359798384785 0.5000000000000001
vt 0.019030116872178315 0.4043291419087275
vt 0.046936276823556056 0.31233486124106746
vt 0.09225342157554134 0.2275524466120908
vt 0.15324003866946306 0.15324003866946317
vt 0.22755244661209073 0.09225342157554145
vt 0.31233486124106713 0.04693627682355622
vt 0.4043291419087274 0.01903011687217837
vt 0.4999999999999999 0.009607359798384785
vt 0.5956708580912724 0.019030116872178315
vt 0.6876651387589328 0.04693627682355617
vt 0.7724475533879092 0.09225342157554134
vt 0.8467599613305368 0.15324003866946306
vt 0.9077465784244585 0.22755244661209073
vt 0.9530637231764438 0.3123348612410671
vt 0.9809698831278216 0.4043291419087273
vt 0.9975923633360984 0.5
vt 0.9880312656011014 0.5970754543960057
vt 0.9597154000201409 0.690420353520115
vt 0.913732929427773 0.7764475052474107
vt 0.8518509343815956 0.8518509343815955
vt 0.7764475052474108 0.913732929427773
vt 0.690420353520115 0.9597154000201409
vt 0.5970754543960057 0.9880312656011014
vt 0.5 0.9975923633360984
vt 0.4029245456039943 0.9880312656011014
vt 0.309579646479885 0.9597154000201409
vt 0.22355249475258937 0.913732929427773
vt 0.14814906561840446 0.8518509343815956
vt 0.08626707057222699 0.7764475052474107
vt 0.04028459997985906 0.690420353520115
vt 0.011968734398898617 0.597075454396006
vt 0.002407636663901591 0.5000000000000001
vt 0.011968734398898617 0.4029245456039942
vt 0.040284599979859004 0.3095796464798851
vt 0.08626707057222693 0.22355249475258937
vt 0.14814906561840435 0.14814906561840446
vt 0.22355249475258926 0.08626707057222704
vt 0.30957964647988473 0.04028459997985917
vt 0.40292454560399404 0.011968734398898673
vt 0.4999999999999999 0.002407636663901591
vt 0.5970754543960057 0.011968734398898617
vt 0.6904203535201151 0.040284599979859115
vt 0.7764475052474106 0.08626707057222693
vt 0.8518509343815954 0.14814906561840435
vt 0.913732929427773 0.22355249475258926
vt 0.9597154000201409 0.3095796464798847
vt 0.9880312656011013 0.40292454560399404
vt 1 0.5
vt 0.9903926402016152 0.5975451610080641
vt 0.9619397662556434 0.6913417161825449
vt 0.9157348061512727 0.7777851165098011
vt 0.8535533905932737 0.8535533905932737
vt 0.7777851165098011 0.9157348061512727
vt 0.6913417161825449 0.9619397662556434
vt 0.5975451610080642 0.9903926402016152
vt 0.5 1
vt 0.4024548389919359 0.9903926402016152
vt 0.30865828381745514 0.9619397662556434
vt 0.22221488349019902 0.9157348061512727
vt 0.14644660940672627 0.8535533905932737
vt 0.08426519384872733 0.7777851165098011
vt 0.03806023374435663 0.6913417161825449
vt 0.009607359798384785 0.5975451610080643
vt 0 0.5000000000000001
vt 0.009607359798384785 0.4024548389919358
vt 0.038060233744356575 0.3086582838174552
vt 0.08426519384872727 0.22221488349019902
vt 0.14644660940672616 0.14644660940672627
vt 0.2222148834901989 0.08426519384872738
vt 0.30865828381745486 0.03806023374435674
vt 0.4024548389919357 0.00960735979838484
vt 0.4999999999999999 0
vt 0.5975451610080642 0.009607359798384785
vt 0.691341716182545 0.038060233744356686
vt 0.7777851165098009 0.08426519384872727
vt 0.8535533905932737 0.14644660940672616
vt 0.9157348061512727 0.2222148834901989
vt 0.9619397662556433 0.3086582838174548
vt 0.9903926402016152 0.4024548389919356
vt 0.9975923633360985 0.5
vt 0.9880312656011014 0.5970754543960057
vt 0.959715400020141 0.690420353520115
vt 0.913732929427773 0.7764475052474108
vt 0.8518509343815956 0.8518509343815956
vt 0.7764475052474109 0.913732929427773
vt 0.690420353520115 0.959715400020141
vt 0.5970754543960057 0.9880312656011014
vt 0.5 0.9975923633360985
vt 0.40292454560399427 0.9880312656011014
vt 0.309579646479885 0.959715400020141
vt 0.22355249475258931 0.9137329294277731
vt 0.1481490656184044 0.8518509343815956
vt 0.08626707057222693 0.7764475052474108
vt 0.040284599979859004 0.6904203535201151
vt 0.011968734398898562 0.597075454396006
vt 0.0024076366639015356 0.5000000000000001
vt 0.011968734398898562 0.4029245456039942
vt 0.04028459997985895 0.30957964647988506
vt 0.08626707057222688 0.22355249475258931
vt 0.1481490656184043 0.1481490656184044
vt 0.2235524947525892 0.08626707057222699
vt 0.3095796464798847 0.040284599979859115
vt 0.40292454560399404 0.011968734398898617
vt 0.4999999999999999 0.0024076366639015356
vt 0.5970754543960057 0.011968734398898562
vt 0.6904203535201151 0.04028459997985906
vt 0.7764475052474107 0.08626707057222688
vt 0.8518509343815955 0.1481490656184043
vt 0.913732929427773 0.2235524947525892
vt 0.9597154000201409 0.3095796464798847
vt 0.9880312656011014 0.40292454560399404
vt 0.9903926402016152 0.5
vt 0.9809698831278217 0.5956708580912724
vt 0.9530637231764438 0.6876651387589326
vt 0.9077465784244585 0.7724475533879093
vt 0.8467599613305369 0.8467599613305368
vt 0.7724475533879094 0.9077465784244585
vt 0.6876651387589326 0.9530637231764438
vt 0.5956708580912725 0.9809698831278217
vt 0.5 0.9903926402016152
vt 0.4043291419087276 0.9809698831278217
vt 0.3123348612410674 0.9530637231764438
vt 0.2275524466120908 0.9077465784244586
vt 0.15324003866946317 0.8467599613305369
vt 0.0922534215755414 0.7724475533879093
vt 0.04693627682355611 0.6876651387589326
vt 0.019030116872178315 0.5956708580912726
vt 0.009607359798384785 0.5000000000000001
vt 0.019030116872178315 0.4043291419087275
vt 0.046936276823556056 0.31233486124106746
vt 0.09225342157554134 0.2275524466120908
vt 0.15324003866946306 0.15324003866946317
vt 0.22755244661209073 0.09225342157554145
vt 0.31233486124106713 0.04693627682355622
vt 0.4043291419087274 0.01903011687217837
vt 0.4999999999999999 0.009607359798384785
vt 0.5956708580912724 0.019030116872178315
vt 0.6876651387589328 0.04693627682355617
vt 0.7724475533879092 0.09225342157554134
vt 0.8467599613305368 0.15324003866946306
vt 0.9077465784244585 0.22755244661209073
vt 0.9530637231764438 0.3123348612410671
vt 0.9809698831278216 0.4043291419087273
vt 0.9784701678661045 0.5
vt 0.969276497755138 0.5933448991241093
vt 0.9420487950087335 0.6831026061233015
vt 0.8978334049739636 0.7658237826542998
vt 0.8383295002935882 0.8383295002935882
vt 0.7658237826543 0.8978334049739636
vt 0.6831026061233015 0.9420487950087335
vt 0.5933448991241093 0.969276497755138
vt 0.5 0.9784701678661045
vt 0.40665510087589074 0.969276497755138
vt 0.31689739387669846 0.9420487950087335
vt 0.23417621734570027 0.8978334049739637
vt 0.16167049970641184 0.8383295002935882
vt 0.10216659502603631 0.7658237826542998
vt 0.05795120499126649 0.6831026061233016
vt 0.030723502244861978 0.5933448991241095
vt 0.021529832133895532 0.5000000000000001
vt 0.030723502244861978 0.4066551008758907
vt 0.057951204991266436 0.3168973938766986
vt 0.10216659502603626 0.23417621734570027
vt 0.16167049970641173 0.16167049970641184
vt 0.23417621734570016 0.10216659502603637
vt 0.3168973938766982 0.0579512049912666
vt 0.4066551008758905 0.030723502244862033
vt 0.4999999999999999 0.021529832133895532
vt 0.5933448991241093 0.030723502244861978
vt 0.6831026061233016 0.05795120499126655
vt 0.7658237826542997 0.10216659502603626
vt 0.8383295002935881 0.16167049970641173
vt 0.8978334049739636 0.23417621734570016
vt 0.9420487950087334 0.31689739387669813
vt 0.969276497755138 0.4066551008758905
vt 0.9619397662556434 0.5
vt 0.9530637231764438 0.5901199777508684
vt 0.9267766952966369 0.6767766952966369
vt 0.8840888783557082 0.7566399835796683
vt 0.8266407412190941 0.8266407412190941
vt 0.7566399835796684 0.8840888783557082
vt 0.676776695296637 0.9267766952966369
vt 0.5901199777508686 0.9530637231764438
vt 0.5 0.9619397662556434
vt 0.40988002224913156 0.9530637231764438
vt 0.32322330470336313 0.9267766952966369
vt 0.24336001642033173 0.8840888783557082
vt 0.1733592587809059 0.8266407412190941
vt 0.11591112164429179 0.7566399835796683
vt 0.07322330470336313 0.676776695296637
vt 0.04693627682355611 0.5901199777508687
vt 0.03806023374435663 0.5000000000000001
vt 0.04693627682355611 0.40988002224913145
vt 0.07322330470336308 0.3232233047033632
vt 0.11591112164429174 0.24336001642033173
vt 0.1733592587809058 0.1733592587809059
vt 0.24336001642033167 0.11591112164429185
vt 0.32322330470336286 0.07322330470336325
vt 0.40988002224913134 0.04693627682355617
vt 0.4999999999999999 0.03806023374435663
vt 0.5901199777508686 0.04693627682355611
vt 0.676776695296637 0.07322330470336319
vt 0.7566399835796682 0.11591112164429174
vt 0.826640741219094 0.1733592587809058
vt 0.8840888783557082 0.24336001642033167
vt 0.9267766952966368 0.3232233047033628
vt 0.9530637231764438 0.40988002224913134
vt 0.9409606321741775 0.5
vt 0.9324876972737365 0.5860271517272958
vt 0.9073945027089606 0.6687483282582941
vt 0.8666453658745487 0.744984601169479
vt 0.8118062532466679 0.8118062532466678
vt 0.744984601169479 0.8666453658745487
vt 0.6687483282582941 0.9073945027089606
vt 0.5860271517272958 0.9324876972737365
vt 0.5 0.9409606321741775
vt 0.41397284827270425 0.9324876972737365
vt 0.3312516717417059 0.9073945027089606
vt 0.2550153988305212 0.8666453658745488
vt 0.18819374675333223 0.8118062532466679
vt 0.1333546341254513 0.744984601169479
vt 0.0926054972910394 0.6687483282582941
vt 0.06751230272626352 0.5860271517272959
vt 0.059039367825822475 0.5
vt 0.06751230272626352 0.4139728482727042
vt 0.09260549729103934 0.331251671741706
vt 0.1333546341254513 0.2550153988305212
vt 0.18819374675333211 0.18819374675333223
vt 0.2550153988305211 0.13335463412545134
vt 0.33125167174170567 0.0926054972910395
vt 0.41397284827270403 0.06751230272626357
vt 0.49999999999999994 0.059039367825822475
vt 0.5860271517272958 0.06751230272626352
vt 0.6687483282582942 0.09260549729103945
vt 0.7449846011694787 0.1333546341254513
vt 0.8118062532466677 0.18819374675333211
vt 0.8666453658745487 0.2550153988305211
vt 0.9073945027089605 0.33125167174170567
vt 0.9324876972737364 0.41397284827270403
vt 0.9157348061512727 0.5
vt 0.9077465784244586 0.5811058372053645
vt 0.8840888783557082 0.6590948225716042
vt 0.8456708580912725 0.7309698831278217
vt 0.7939689006048397 0.7939689006048397
vt 0.7309698831278217 0.8456708580912725
vt 0.6590948225716042 0.8840888783557082
vt 0.5811058372053645 0.9077465784244586
vt 0.5 0.9157348061512727
vt 0.4188941627946356 0.9077465784244586
vt 0.34090517742839577 0.8840888783557082
vt 0.26903011687217837 0.8456708580912725
vt 0.2060310993951603 0.7939689006048397
vt 0.15432914190872749 0.7309698831278217
vt 0.11591112164429179 0.6590948225716043
vt 0.0922534215755414 0.5811058372053646
vt 0.08426519384872733 0.5
vt 0.0922534215755414 0.41889416279463554
vt 0.11591112164429174 0.34090517742839577
vt 0.15432914190872743 0.26903011687217837
vt 0.20603109939516023 0.2060310993951603
vt 0.26903011687217826 0.15432914190872749
vt 0.3409051774283955 0.1159111216442919
vt 0.41889416279463537 0.09225342157554145
vt 0.49999999999999994 0.08426519384872733
vt 0.5811058372053645 0.0922534215755414
vt 0.6590948225716043 0.11591112164429185
vt 0.7309698831278215 0.15432914190872743
vt 0.7939689006048396 0.20603109939516023
vt 0.8456708580912725 0.26903011687217826
vt 0.8840888783557082 0.3409051774283955
vt 0.9077465784244585 0.41889416279463537
vt 0.8865052266813686 0.5
vt 0.8790786371280002 0.5754034291341849
vt 0.8570842681395516 0.6479091467734732
vt 0.8213673509816648 0.7147307988506622
vt 0.7733004667504395 0.7733004667504394
vt 0.7147307988506622 0.8213673509816648
vt 0.6479091467734732 0.8570842681395516
vt 0.5754034291341849 0.8790786371280002
vt 0.5 0.8865052266813686
vt 0.4245965708658152 0.8790786371280002
vt 0.35209085322652683 0.8570842681395516
vt 0.28526920114933796 0.8213673509816649
vt 0.2266995332495606 0.7733004667504395
vt 0.1786326490183351 0.7147307988506622
vt 0.14291573186044831 0.6479091467734732
vt 0.12092136287199978 0.575403429134185
vt 0.11349477331863145 0.5
vt 0.12092136287199978 0.42459657086581515
vt 0.14291573186044826 0.3520908532265269
vt 0.17863264901833503 0.28526920114933796
vt 0.2266995332495605 0.2266995332495606
vt 0.2852692011493379 0.17863264901833514
vt 0.35209085322652656 0.14291573186044843
vt 0.42459657086581504 0.12092136287199984
vt 0.49999999999999994 0.11349477331863145
vt 0.5754034291341849 0.12092136287199978
vt 0.6479091467734732 0.14291573186044837
vt 0.7147307988506619 0.17863264901833503
vt 0.7733004667504393 0.2266995332495605
vt 0.8213673509816648 0.2852692011493379
vt 0.8570842681395516 0.35209085322652656
vt 0.8790786371280002 0.424596570865815
vt 0.8535533905932737 0.5
vt 0.8467599613305369 0.5689748448207358
vt 0.8266407412190941 0.6352990250365492
vt 0.7939689006048397 0.6964237395967755
vt 0.75 0.75
vt 0.6964237395967756 0.7939689006048397
vt 0.6352990250365493 0.8266407412190941
vt 0.5689748448207358 0.8467599613305369
vt 0.5 0.8535533905932737
vt 0.43102515517926426 0.8467599613305369
vt 0.3647009749634508 0.8266407412190941
vt 0.3035762604032245 0.7939689006048397
vt 0.25 0.75
vt 0.2060310993951603 0.6964237395967755
vt 0.17335925878090586 0.6352990250365493
vt 0.15324003866946312 0.5689748448207359
vt 0.1464466094067262 0.5
vt 0.15324003866946312 0.4310251551792642
vt 0.1733592587809058 0.3647009749634508
vt 0.20603109939516023 0.3035762604032245
vt 0.24999999999999994 0.25
vt 0.3035762604032245 0.2060310993951603
vt 0.36470097496345055 0.1733592587809059
vt 0.4310251551792641 0.15324003866946317
vt 0.49999999999999994 0.1464466094067262
vt 0.5689748448207358 0.15324003866946312
vt 0.6352990250365493 0.1733592587809059
vt 0.6964237395967754 0.20603109939516023
vt 0.75 0.24999999999999994
vt 0.7939689006048397 0.3035762604032245
vt 0.8266407412190941 0.36470097496345055
vt 0.8467599613305368 0.4310251551792641
vt 0.8171966420818227 0.5
vt 0.8111017975471837 0.5618819950461774
vt 0.7930514854007044 0.6213858997265528
vt 0.7637393690154424 0.6762250123544336
vt 0.7242918965856591 0.7242918965856591
vt 0.6762250123544337 0.7637393690154424
vt 0.6213858997265528 0.7930514854007044
vt 0.5618819950461774 0.8111017975471837
vt 0.5 0.8171966420818227
vt 0.43811800495382264 0.8111017975471837
vt 0.3786141002734472 0.7930514854007044
vt 0.32377498764556645 0.7637393690154424
vt 0.27570810341434093 0.7242918965856591
vt 0.23626063098455763 0.6762250123544336
vt 0.20694851459929564 0.6213858997265529
vt 0.18889820245281636 0.5618819950461775
vt 0.18280335791817726 0.5
vt 0.18889820245281636 0.4381180049538226
vt 0.20694851459929564 0.3786141002734472
vt 0.23626063098455757 0.32377498764556645
vt 0.2757081034143409 0.27570810341434093
vt 0.3237749876455664 0.23626063098455763
vt 0.378614100273447 0.20694851459929575
vt 0.43811800495382247 0.1888982024528164
vt 0.49999999999999994 0.18280335791817726
vt 0.5618819950461774 0.18889820245281636
vt 0.6213858997265529 0.2069485145992957
vt 0.6762250123544336 0.23626063098455757
vt 0.7242918965856591 0.2757081034143409
vt 0.7637393690154424 0.3237749876455664
vt 0.7930514854007042 0.378614100273447
vt 0.8111017975471836 0.43811800495382247
vt 0.7777851165098011 0.5
vt 0.7724475533879093 0.5541931878311848
vt 0.7566399835796683 0.6063037618459071
vt 0.7309698831278216 0.6543291419087276
vt 0.6964237395967755 0.6964237395967755
vt 0.6543291419087276 0.7309698831278216
vt 0.6063037618459071 0.7566399835796683
vt 0.5541931878311848 0.7724475533879093
vt 0.5 0.7777851165098011
vt 0.44580681216881524 0.7724475533879093
vt 0.39369623815409294 0.7566399835796683
vt 0.3456708580912725 0.7309698831278217
vt 0.3035762604032245 0.6964237395967755
vt 0.26903011687217826 0.6543291419087276
vt 0.24336001642033167 0.6063037618459071
vt 0.22755244661209073 0.5541931878311849
vt 0.2222148834901989 0.5
vt 0.22755244661209073 0.4458068121688152
vt 0.24336001642033162 0.393696238154093
vt 0.26903011687217826 0.3456708580912725
vt 0.30357626040322444 0.3035762604032245
vt 0.34567085809127246 0.26903011687217837
vt 0.3936962381540928 0.24336001642033173
vt 0.44580681216881507 0.22755244661209073
vt 0.49999999999999994 0.2222148834901989
vt 0.5541931878311848 0.22755244661209073
vt 0.6063037618459071 0.24336001642033167
vt 0.6543291419087274 0.26903011687217826
vt 0.6964237395967755 0.30357626040322444
vt 0.7309698831278216 0.34567085809127246
vt 0.7566399835796682 0.39369623815409277
vt 0.7724475533879093 0.44580681216881507
vt 0.735698368412999 0.5
vt 0.731169490354527 0.545982470592368
vt 0.7177568984230744 0.5901978606271379
vt 0.6959760310046987 0.6309469974615498
vt 0.6666639146194367 0.6666639146194366
vt 0.6309469974615499 0.6959760310046987
vt 0.5901978606271379 0.7177568984230744
vt 0.545982470592368 0.731169490354527
vt 0.5 0.735698368412999
vt 0.454017529407632 0.731169490354527
vt 0.40980213937286214 0.7177568984230744
vt 0.3690530025384502 0.6959760310046987
vt 0.3333360853805633 0.6666639146194367
vt 0.30402396899530126 0.6309469974615498
vt 0.2822431015769255 0.5901978606271379
vt 0.26883050964547295 0.545982470592368
vt 0.26430163158700104 0.5
vt 0.26883050964547295 0.45401752940763196
vt 0.28224310157692545 0.40980213937286214
vt 0.30402396899530126 0.3690530025384502
vt 0.33333608538056325 0.3333360853805633
vt 0.36905300253845014 0.30402396899530126
vt 0.409802139372862 0.28224310157692556
vt 0.4540175294076319 0.26883050964547295
vt 0.49999999999999994 0.26430163158700104
vt 0.545982470592368 0.26883050964547295
vt 0.590197860627138 0.28224310157692556
vt 0.6309469974615498 0.30402396899530126
vt 0.6666639146194366 0.33333608538056325
vt 0.6959760310046987 0.36905300253845014
vt 0.7177568984230744 0.409802139372862
vt 0.731169490354527 0.4540175294076319
vt 0.6913417161825449 0.5
vt 0.6876651387589326 0.5373289170251713
vt 0.676776695296637 0.5732233047033631
vt 0.6590948225716042 0.6063037618459071
vt 0.6352990250365493 0.6352990250365493
vt 0.6063037618459071 0.6590948225716042
vt 0.5732233047033631 0.676776695296637
vt 0.5373289170251714 0.6876651387589326
vt 0.5 0.6913417161825449
vt 0.46267108297482873 0.6876651387589326
vt 0.42677669529663687 0.676776695296637
vt 0.39369623815409294 0.6590948225716043
vt 0.3647009749634507 0.6352990250365493
vt 0.34090517742839566 0.6063037618459071
vt 0.3232233047033631 0.5732233047033631
vt 0.31233486124106735 0.5373289170251714
vt 0.3086582838174551 0.5
vt 0.31233486124106735 0.4626710829748287
vt 0.323223304703363 0.42677669529663687
vt 0.34090517742839566 0.39369623815409294
vt 0.36470097496345066 0.3647009749634507
vt 0.39369623815409294 0.3409051774283957
vt 0.42677669529663675 0.32322330470336313
vt 0.4626710829748286 0.31233486124106735
vt 0.49999999999999994 0.3086582838174551
vt 0.5373289170251713 0.31233486124106735
vt 0.5732233047033632 0.3232233047033631
vt 0.6063037618459071 0.34090517742839566
vt 0.6352990250365492 0.36470097496345066
vt 0.6590948225716042 0.39369623815409294
vt 0.6767766952966369 0.42677669529663675
vt 0.6876651387589326 0.4626710829748286
vt 0.6451423386272312 0.5
vt 0.6423534692888896 0.5283158655809604
vt 0.6340940359585212 0.555543568327365
vt 0.6206814440270687 0.5806367628921408
vt 0.6026311318805894 0.6026311318805894
vt 0.5806367628921408 0.6206814440270687
vt 0.555543568327365 0.6340940359585212
vt 0.5283158655809604 0.6423534692888896
vt 0.5 0.6451423386272312
vt 0.47168413441903956 0.6423534692888896
vt 0.44445643167263504 0.6340940359585212
vt 0.41936323710785917 0.6206814440270687
vt 0.39736886811941063 0.6026311318805894
vt 0.37931855597293135 0.5806367628921408
vt 0.3659059640414788 0.555543568327365
vt 0.3576465307111104 0.5283158655809606
vt 0.3548576613727688 0.5
vt 0.3576465307111104 0.4716841344190395
vt 0.3659059640414788 0.44445643167263504
vt 0.3793185559729313 0.41936323710785917
vt 0.39736886811941063 0.39736886811941063
vt 0.41936323710785917 0.37931855597293135
vt 0.44445643167263493 0.3659059640414788
vt 0.4716841344190395 0.3576465307111104
vt 0.5 0.3548576613727688
vt 0.5283158655809604 0.3576465307111104
vt 0.5555435683273651 0.3659059640414788
vt 0.5806367628921408 0.3793185559729313
vt 0.6026311318805894 0.39736886811941063
vt 0.6206814440270687 0.41936323710785917
vt 0.6340940359585212 0.44445643167263493
vt 0.6423534692888896 0.47168413441903945
vt 0.5975451610080643 0.5
vt 0.5956708580912726 0.5190301168721784
vt 0.5901199777508687 0.5373289170251714
vt 0.5811058372053646 0.5541931878311849
vt 0.5689748448207359 0.5689748448207359
vt 0.5541931878311849 0.5811058372053646
vt 0.5373289170251714 0.5901199777508687
vt 0.5190301168721784 0.5956708580912726
vt 0.5 0.5975451610080643
vt 0.4809698831278217 0.5956708580912726
vt 0.4626710829748286 0.5901199777508687
vt 0.4458068121688151 0.5811058372053646
vt 0.43102515517926415 0.5689748448207359
vt 0.4188941627946354 0.5541931878311849
vt 0.40988002224913134 0.5373289170251714
vt 0.4043291419087274 0.5190301168721784
vt 0.4024548389919357 0.5
vt 0.4043291419087274 0.48096988312782163
vt 0.40988002224913134 0.4626710829748286
vt 0.4188941627946354 0.4458068121688151
vt 0.4310251551792641 0.43102515517926415
vt 0.4458068121688151 0.4188941627946354
vt 0.46267108297482856 0.4098800222491314
vt 0.48096988312782163 0.4043291419087274
vt 0.5 0.4024548389919357
vt 0.5190301168721784 0.4043291419087274
vt 0.5373289170251714 0.40988002224913134
vt 0.5541931878311849 0.4188941627946354
vt 0.5689748448207359 0.4310251551792641
vt 0.5811058372053646 0.4458068121688151
vt 0.5901199777508687 0.46267108297482856
vt 0.5956708580912726 0.48096988312782163
vt 0.5490085701647804 0.5
vt 0.5480668842312255 0.509561097734997
vt 0.545278014892884 0.5187547678459635
vt 0.5407491368344121 0.5272277027464046
vt 0.5346542922997729 0.5346542922997729
vt 0.5272277027464046 0.5407491368344121
vt 0.5187547678459635 0.545278014892884
vt 0.509561097734997 0.5480668842312255
vt 0.5 0.5490085701647804
vt 0.490438902265003 0.5480668842312255
vt 0.4812452321540365 0.545278014892884
vt 0.47277229725359543 0.5407491368344121
vt 0.46534570770022704 0.5346542922997729
vt 0.45925086316558794 0.5272277027464046
vt 0.4547219851071161 0.5187547678459635
vt 0.45193311576877443 0.509561097734997
vt 0.45099142983521956 0.5
vt 0.45193311576877443 0.490438902265003
vt 0.4547219851071161 0.48124523215403653
vt 0.45925086316558794 0.47277229725359543
vt 0.46534570770022704 0.46534570770022704
vt 0.47277229725359543 0.45925086316558794
vt 0.4812452321540365 0.4547219851071161
vt 0.490438902265003 0.4519331157687745
vt 0.5 0.45099142983521956
vt 0.509561097734997 0.45193311576877443
vt 0.5187547678459635 0.4547219851071161
vt 0.5272277027464045 0.45925086316558794
vt 0.5346542922997729 0.46534570770022704
vt 0.5407491368344121 0.47277229725359543
vt 0.545278014892884 0.4812452321540365
vt 0.5480668842312255 0.490438902265003
vt 0.5 0.5
vn -0.04906710133949175 -0.9987837927679986 -0.0048326876695947586
vn -0.047181480152162524 -0.9987837927679984 -0.014312345531844123
vn -0.04348270114226461 -0.9987837927679986 -0.023241987981760654
vn -0.03811290631284919 -0.9987837927679986 -0.03127845386779508
vn -0.03127845386779512 -0.9987837927679986 -0.03811290631284919
vn -0.023241987981760633 -0.9987837927679986 -0.0434827011422646
vn -0.014312345531844128 -0.9987837927679986 -0.04718148015216253
vn -0.0048326876695947586 -0.9987837927679986 -0.04906710133949175
vn 0.0048326876695947586 -0.9987837927679986 -0.04906710133949174
vn 0.014312345531844127 -0.9987837927679986 -0.047181480152162544
vn 0.023241987981760647 -0.9987837927679986 -0.04348270114226461
vn 0.03127845386779507 -0.9987837927679986 -0.03811290631284921
vn 0.03811290631284919 -0.9987837927679986 -0.03127845386779512
vn 0.04348270114226462 -0.9987837927679984 -0.02324198798176064
vn 0.047181480152162524 -0.9987837927679984 -0.014312345531844144
vn 0.04906710133949174 -0.9987837927679986 -0.0048326876695947525
vn 0.04906710133949175 -0.9987837927679986 0.0048326876695947525
vn 0.04718148015216253 -0.9987837927679986 0.014312345531844121
vn 0.04348270114226462 -0.9987837927679986 0.02324198798176063
vn 0.03811290631284921 -0.9987837927679986 0.03127845386779507
vn 0.03127845386779509 -0.9987837927679986 0.03811290631284922
vn 0.023241987981760626 -0.9987837927679986 0.04348270114226459
vn 0.014312345531844198 -0.9987837927679986 0.04718148015216252
vn 0.0048326876695947525 -0.9987837927679986 0.04906710133949174
vn -0.0048326876695947525 -0.9987837927679986 0.04906710133949174
vn -0.01431234553184414 -0.9987837927679986 0.04718148015216254
vn -0.023241987981760633 -0.9987837927679986 0.04348270114226459
vn -0.03127845386779508 -0.9987837927679986 0.038112906312849214
vn -0.0381129063128492 -0.9987837927679986 0.031278453867795104
vn -0.04348270114226459 -0.9987837927679986 0.023241987981760633
vn -0.04718148015216252 -0.9987837927679986 0.0143123455318442
vn -0.04906710133949174 -0.9987837927679986 0.004832687669594746
vn 0.14671515442590974 0.9890732307153762 0.01445018145317093
vn 0.14107697332012856 0.9890732307153762 0.042795231990022484
vn 0.13001728324653292 0.9890732307153762 0.06949568576134013
vn 0.1139611018923055 0.9890732307153762 0.09352545930247907
vn 0.09352545930247909 0.9890732307153762 0.11396110189230547
vn 0.06949568576134013 0.9890732307153762 0.13001728324653292
vn 0.042795231990022484 0.9890732307153762 0.14107697332012856
vn 0.014450181453170933 0.9890732307153762 0.14671515442590977
vn -0.01445018145317093 0.9890732307153762 0.14671515442590974
vn -0.042795231990022484 0.9890732307153762 0.14107697332012856
vn -0.06949568576134019 0.9890732307153762 0.13001728324653292
vn -0.093525459302479 0.9890732307153762 0.11396110189230559
vn -0.11396110189230552 0.9890732307153762 0.09352545930247909
vn -0.1300172832465329 0.9890732307153762 0.06949568576134019
vn -0.14107697332012853 0.9890732307153762 0.042795231990022525
vn -0.14671515442590974 0.9890732307153762 0.014450181453170912
vn -0.14671515442590974 0.9890732307153762 -0.014450181453170915
vn -0.14107697332012856 0.9890732307153762 -0.04279523199002254
vn -0.13001728324653297 0.9890732307153763 -0.0694956857613401
vn -0.11396110189230557 0.9890732307153762 -0.09352545930247899
vn -0.09352545930247902 0.9890732307153762 -0.11396110189230554
vn -0.06949568576134015 0.9890732307153762 -0.1300172832465329
vn -0.04279523199002255 0.9890732307153762 -0.14107697332012853
vn -0.014450181453171023 0.9890732307153762 -0.14671515442590974
vn 0.014450181453170915 0.9890732307153762 -0.14671515442590974
vn 0.04279523199002255 0.9890732307153762 -0.14107697332012853
vn 0.06949568576134016 0.9890732307153762 -0.13001728324653294
vn 0.09352545930247899 0.9890732307153762 -0.11396110189230557
vn 0.1139611018923055 0.9890732307153762 -0.09352545930247909
vn 0.13001728324653292 0.9890732307153763 -0.06949568576134017
vn 0.14107697332012853 0.9890732307153762 -0.04279523199002255
vn 0.14671515442590977 0.9890732307153762 -0.014450181453171005
vn 0.24291063061226056 0.969753596860855 0.023924608899375383
vn 0.2335757113036825 0.969753596860855 0.070854417395198
vn 0.21526460840047185 0.969753596860855 0.11506133036613855
vn 0.18868100731821427 0.969753596860855 0.15484650093824567
vn 0.15484650093824578 0.969753596860855 0.18868100731821424
vn 0.11506133036613851 0.969753596860855 0.21526460840047185
vn 0.07085441739519802 0.969753596860855 0.2335757113036825
vn 0.023924608899375383 0.9697535968608552 0.24291063061226056
vn -0.023924608899375383 0.969753596860855 0.24291063061226056
vn -0.070854417395198 0.969753596860855 0.23357571130368246
vn -0.11506133036613851 0.969753596860855 0.21526460840047182
vn -0.15484650093824565 0.969753596860855 0.18868100731821433
vn -0.18868100731821422 0.969753596860855 0.15484650093824578
vn -0.21526460840047185 0.9697535968608552 0.11506133036613851
vn -0.23357571130368243 0.969753596860855 0.0708544173951981
vn -0.24291063061226054 0.969753596860855 0.02392460889937535
vn -0.2429106306122606 0.969753596860855 -0.023924608899375355
vn -0.23357571130368243 0.969753596860855 -0.07085441739519811
vn -0.21526460840047187 0.969753596860855 -0.11506133036613833
vn -0.18868100731821433 0.969753596860855 -0.15484650093824565
vn -0.15484650093824565 0.969753596860855 -0.18868100731821433
vn -0.11506133036613861 0.9697535968608552 -0.21526460840047174
vn -0.07085441739519817 0.969753596860855 -0.23357571130368235
vn -0.023924608899375352 0.969753596860855 -0.24291063061226054
vn 0.023924608899375352 0.969753596860855 -0.2429106306122606
vn 0.0708544173951982 0.969753596860855 -0.23357571130368246
vn 0.1150613303661384 0.9697535968608549 -0.21526460840047185
vn 0.15484650093824565 0.969753596860855 -0.18868100731821433
vn 0.18868100731821427 0.969753596860855 -0.15484650093824573
vn 0.2152646084004717 0.9697535968608549 -0.11506133036613864
vn 0.2335757113036824 0.969753596860855 -0.07085441739519817
vn 0.2429106306122606 0.9697535968608552 -0.023924608899375328
vn 0.3367045548415336 0.9410261904268397 0.033162504123092
vn 0.3237651876250633 0.9410261904268395 0.09821309593357178
vn 0.29838370581777074 0.9410261904268397 0.15948941354586368
vn 0.2615355055314114 0.9410261904268395 0.21463664243828112
vn 0.2146366424382812 0.9410261904268394 0.2615355055314113
vn 0.15948941354586357 0.9410261904268397 0.29838370581777063
vn 0.09821309593357178 0.9410261904268397 0.3237651876250633
vn 0.03316250412309199 0.9410261904268397 0.3367045548415336
vn -0.03316250412309199 0.9410261904268397 0.3367045548415336
vn -0.09821309593357179 0.9410261904268397 0.32376518762506334
vn -0.1594894135458636 0.9410261904268395 0.2983837058177708
vn -0.21463664243828104 0.9410261904268395 0.26153550553141147
vn -0.26153550553141125 0.9410261904268395 0.21463664243828126
vn -0.29838370581777063 0.9410261904268395 0.15948941354586355
vn -0.32376518762506323 0.9410261904268395 0.09821309593357187
vn -0.33670455484153367 0.9410261904268395 0.033162504123091956
vn -0.3367045548415336 0.9410261904268395 -0.033162504123091956
vn -0.32376518762506323 0.9410261904268395 -0.0982130959335719
vn -0.29838370581777085 0.9410261904268395 -0.15948941354586332
vn -0.26153550553141147 0.9410261904268395 -0.21463664243828104
vn -0.21463664243828098 0.9410261904268395 -0.2615355055314115
vn -0.15948941354586374 0.9410261904268397 -0.29838370581777074
vn -0.09821309593357197 0.9410261904268395 -0.3237651876250634
vn -0.033162504123092205 0.9410261904268395 -0.33670455484153367
vn 0.033162504123091956 0.9410261904268395 -0.33670455484153367
vn 0.09821309593357191 0.9410261904268395 -0.3237651876250632
vn 0.15948941354586352 0.9410261904268397 -0.2983837058177708
vn 0.21463664243828087 0.9410261904268395 -0.26153550553141147
vn 0.2615355055314115 0.9410261904268395 -0.21463664243828098
vn 0.2983837058177707 0.9410261904268397 -0.1594894135458638
vn 0.32376518762506334 0.9410261904268395 -0.09821309593357196
vn 0.33670455484153367 0.9410261904268397 -0.03316250412309217
vn 0.4271765063588292 0.9031888380139925 0.042073213592491644
vn 0.41076035278280415 0.9031888380139923 0.1246027907740457
vn 0.3785589092063955 0.9031888380139925 0.2023439525842031
vn 0.3318096590474673 0.9031888380139923 0.27230914977234544
vn 0.27230914977234566 0.9031888380139923 0.33180965904746723
vn 0.20234395258420315 0.9031888380139923 0.3785589092063957
vn 0.12460279077404567 0.9031888380139923 0.41076035278280404
vn 0.042073213592491644 0.9031888380139923 0.42717650635882926
vn -0.042073213592491644 0.9031888380139925 0.4271765063588292
vn -0.1246027907740457 0.9031888380139923 0.41076035278280415
vn -0.20234395258420312 0.9031888380139924 0.3785589092063956
vn -0.2723091497723454 0.9031888380139924 0.33180965904746745
vn -0.3318096590474673 0.9031888380139924 0.27230914977234566
vn -0.3785589092063957 0.9031888380139922 0.20234395258420307
vn -0.4107603527828039 0.9031888380139923 0.12460279077404576
vn -0.4271765063588293 0.9031888380139924 0.0420732135924916
vn -0.42717650635882914 0.9031888380139923 -0.04207321359249158
vn -0.4107603527828041 0.9031888380139924 -0.1246027907740456
vn -0.3785589092063956 0.9031888380139923 -0.20234395258420296
vn -0.33180965904746745 0.9031888380139924 -0.2723091497723454
vn -0.2723091497723454 0.9031888380139924 -0.33180965904746745
vn -0.20234395258420323 0.9031888380139924 -0.37855890920639546
vn -0.12460279077404579 0.9031888380139924 -0.410760352782804
vn -0.04207321359249186 0.9031888380139924 -0.4271765063588293
vn 0.04207321359249158 0.9031888380139923 -0.42717650635882914
vn 0.12460279077404585 0.9031888380139924 -0.41076035278280415
vn 0.20234395258420304 0.9031888380139924 -0.3785589092063956
vn 0.2723091497723455 0.9031888380139924 -0.33180965904746756
vn 0.3318096590474673 0.9031888380139924 -0.2723091497723455
vn 0.3785589092063956 0.9031888380139924 -0.20234395258420332
vn 0.4107603527828039 0.9031888380139923 -0.12460279077404579
vn 0.4271765063588292 0.9031888380139923 -0.042073213592491804
vn 0.5134449617244614 0.856631166251944 0.05056991482690799
vn 0.4937135597886422 0.8566311662519441 0.14976637101385987
vn 0.4550090226278994 0.8566311662519441 0.24320738955269786
vn 0.39881874389956634 0.856631166251944 0.3273020845033013
vn 0.3273020845033014 0.8566311662519441 0.3988187438995661
vn 0.24320738955269786 0.8566311662519441 0.45500902262789955
vn 0.14976637101385992 0.856631166251944 0.49371355978864223
vn 0.050569914826907945 0.8566311662519442 0.513444961724461
vn -0.05056991482690799 0.856631166251944 0.5134449617244614
vn -0.14976637101385987 0.8566311662519441 0.4937135597886422
vn -0.24320738955269774 0.8566311662519442 0.45500902262789944
vn -0.3273020845033012 0.856631166251944 0.39881874389956645
vn -0.39881874389956595 0.8566311662519444 0.3273020845033015
vn -0.45500902262789966 0.8566311662519441 0.24320738955269763
vn -0.49371355978864206 0.8566311662519439 0.14976637101386003
vn -0.513444961724461 0.8566311662519444 0.0505699148269079
vn -0.5134449617244613 0.856631166251944 -0.05056991482690793
vn -0.493713559788642 0.8566311662519441 -0.14976637101385948
vn -0.45500902262789933 0.8566311662519442 -0.2432073895526978
vn -0.39881874389956645 0.856631166251944 -0.3273020845033012
vn -0.32730208450330117 0.8566311662519442 -0.39881874389956645
vn -0.24320738955269816 0.8566311662519441 -0.4550090226278994
vn -0.14976637101386017 0.8566311662519441 -0.49371355978864184
vn -0.05056991482690789 0.8566311662519442 -0.513444961724461
vn 0.05056991482690793 0.856631166251944 -0.5134449617244613
vn 0.14976637101385967 0.8566311662519444 -0.4937135597886419
vn 0.2432073895526979 0.8566311662519444 -0.4550090226278994
vn 0.3273020845033012 0.856631166251944 -0.39881874389956645
vn 0.39881874389956623 0.8566311662519441 -0.3273020845033013
vn 0.45500902262789933 0.8566311662519441 -0.24320738955269816
vn 0.49371355978864184 0.8566311662519441 -0.14976637101386017
vn 0.5134449617244611 0.8566311662519442 -0.050569914826907834
vn 0.5946766510954677 0.8018286429972412 0.05857053791013137
vn 0.571823560892377 0.8018286429972412 0.17346078080524358
vn 0.5269956119265397 0.8018286429972412 0.2816850231719375
vn 0.46191551713690954 0.8018286429972411 0.3790842680689141
vn 0.3790842680689144 0.801828642997241 0.4619155171369094
vn 0.2816850231719373 0.8018286429972412 0.5269956119265394
vn 0.17346078080524363 0.8018286429972412 0.571823560892377
vn 0.058570537910131386 0.8018286429972409 0.594676651095468
vn -0.05857053791013137 0.8018286429972412 0.5946766510954677
vn -0.1734607808052436 0.8018286429972412 0.571823560892377
vn -0.2816850231719377 0.8018286429972409 0.5269956119265399
vn -0.3790842680689139 0.8018286429972411 0.46191551713690976
vn -0.4619155171369099 0.8018286429972408 0.37908426806891454
vn -0.5269956119265394 0.8018286429972412 0.2816850231719375
vn -0.571823560892377 0.8018286429972412 0.17346078080524382
vn -0.594676651095468 0.8018286429972409 0.05857053791013133
vn -0.5946766510954677 0.8018286429972412 -0.0585705379101313
vn -0.5718235608923774 0.8018286429972408 -0.17346078080524396
vn -0.52699561192654 0.801828642997241 -0.2816850231719371
vn -0.4619155171369097 0.8018286429972411 -0.3790842680689141
vn -0.3790842680689141 0.801828642997241 -0.4619155171369096
vn -0.2816850231719374 0.801828642997241 -0.52699561192654
vn -0.17346078080524413 0.8018286429972408 -0.5718235608923774
vn -0.058570537910131865 0.801828642997241 -0.594676651095468
vn 0.0585705379101313 0.8018286429972411 -0.5946766510954677
vn 0.17346078080524405 0.8018286429972409 -0.5718235608923773
vn 0.28168502317193744 0.8018286429972408 -0.5269956119265399
vn 0.3790842680689139 0.801828642997241 -0.46191551713690965
vn 0.4619155171369095 0.801828642997241 -0.3790842680689142
vn 0.5269956119265399 0.801828642997241 -0.2816850231719375
vn 0.5718235608923774 0.8018286429972409 -0.1734607808052441
vn 0.594676651095468 0.801828642997241 -0.058570537910131795
vn 0.6700947664778216 0.7393356424371036 0.06599857393269201
vn 0.6443434003955537 0.7393356424371033 0.1954594336142692
vn 0.5938302787880261 0.7393356424371035 0.31740889687696305
vn 0.5204965925905319 0.7393356424371034 0.4271605142376355
vn 0.4271605142376357 0.7393356424371036 0.5204965925905316
vn 0.317408896876963 0.7393356424371034 0.5938302787880263
vn 0.19545943361426912 0.7393356424371035 0.6443434003955534
vn 0.06599857393269201 0.7393356424371036 0.6700947664778215
vn -0.06599857393269201 0.7393356424371036 0.6700947664778216
vn -0.19545943361426912 0.7393356424371034 0.6443434003955536
vn -0.3174088968769628 0.7393356424371038 0.5938302787880259
vn -0.42716051423763535 0.7393356424371035 0.5204965925905319
vn -0.5204965925905313 0.739335642437104 0.42716051423763557
vn -0.5938302787880263 0.7393356424371035 0.3174088968769629
vn -0.6443434003955534 0.7393356424371035 0.1954594336142693
vn -0.6700947664778215 0.7393356424371035 0.06599857393269193
vn -0.6700947664778217 0.7393356424371036 -0.06599857393269194
vn -0.6443434003955533 0.7393356424371037 -0.19545943361426882
vn -0.5938302787880261 0.7393356424371034 -0.3174088968769632
vn -0.520496592590532 0.7393356424371037 -0.42716051423763496
vn -0.4271605142376352 0.7393356424371035 -0.520496592590532
vn -0.3174088968769633 0.739335642437104 -0.5938302787880254
vn -0.19545943361426893 0.7393356424371036 -0.6443434003955534
vn -0.06599857393269247 0.7393356424371037 -0.6700947664778215
vn 0.06599857393269193 0.7393356424371035 -0.6700947664778216
vn 0.19545943361426954 0.7393356424371034 -0.6443434003955535
vn 0.317408896876963 0.7393356424371036 -0.5938302787880262
vn 0.42716051423763496 0.7393356424371037 -0.520496592590532
vn 0.520496592590532 0.7393356424371035 -0.4271605142376355
vn 0.5938302787880255 0.7393356424371038 -0.31740889687696333
vn 0.6443434003955535 0.7393356424371036 -0.19545943361426898
vn 0.6700947664778216 0.7393356424371036 -0.06599857393269239
vn 0.7389859338711997 0.6697778091091323 0.07278376168817893
vn 0.7105871188606158 0.6697778091091321 0.21555424592046443
vn 0.6548808393740657 0.6697778091091321 0.3500411013662396
vn 0.5740078564917761 0.6697778091091321 0.47107607359182196
vn 0.4710760735918222 0.6697778091091322 0.5740078564917758
vn 0.3500411013662395 0.669777809109132 0.6548808393740659
vn 0.2155542459204645 0.6697778091091323 0.7105871188606155
vn 0.07278376168817893 0.6697778091091321 0.7389859338711999
vn -0.07278376168817892 0.6697778091091323 0.7389859338711997
vn -0.21555424592046452 0.669777809109132 0.7105871188606159
vn -0.3500411013662401 0.6697778091091316 0.654880839374066
vn -0.4710760735918216 0.669777809109132 0.5740078564917764
vn -0.5740078564917763 0.6697778091091316 0.4710760735918222
vn -0.6548808393740657 0.6697778091091321 0.35004110136623984
vn -0.7105871188606157 0.6697778091091323 0.2155542459204647
vn -0.7389859338711999 0.6697778091091321 0.07278376168817885
vn -0.7389859338711997 0.6697778091091323 -0.07278376168817885
vn -0.710587118860616 0.6697778091091321 -0.21555424592046432
vn -0.6548808393740657 0.6697778091091321 -0.3500411013662396
vn -0.5740078564917764 0.669777809109132 -0.4710760735918216
vn -0.47107607359182163 0.6697778091091321 -0.5740078564917761
vn -0.35004110136624006 0.669777809109132 -0.6548808393740656
vn -0.2155542459204643 0.6697778091091322 -0.7105871188606157
vn -0.07278376168817939 0.669777809109132 -0.7389859338711998
vn 0.07278376168817884 0.6697778091091323 -0.7389859338711997
vn 0.21555424592046477 0.6697778091091321 -0.7105871188606157
vn 0.3500411013662396 0.6697778091091321 -0.6548808393740658
vn 0.4710760735918219 0.6697778091091318 -0.5740078564917764
vn 0.574007856491776 0.6697778091091321 -0.47107607359182196
vn 0.6548808393740655 0.6697778091091322 -0.35004110136624017
vn 0.7105871188606157 0.6697778091091323 -0.21555424592046427
vn 0.7389859338711998 0.669777809109132 -0.07278376168817931
vn 0.8007059344296101 0.5938439936729816 0.07886265115838202
vn 0.7699352544105413 0.5938439936729819 0.23355730601781313
vn 0.7095763943491409 0.593843993672982 0.37927648458742597
vn 0.6219489113879292 0.5938439936729821 0.5104202805550471
vn 0.5104202805550475 0.5938439936729819 0.6219489113879291
vn 0.37927648458742574 0.593843993672982 0.7095763943491408
vn 0.2335573060178132 0.5938439936729815 0.7699352544105416
vn 0.078862651158382 0.5938439936729819 0.8007059344296098
vn -0.07886265115838202 0.5938439936729815 0.8007059344296101
vn -0.23355730601781302 0.5938439936729821 0.7699352544105412
vn -0.3792764845874256 0.5938439936729826 0.7095763943491404
vn -0.5104202805550471 0.5938439936729822 0.6219489113879293
vn -0.6219489113879286 0.5938439936729825 0.5104202805550473
vn -0.7095763943491408 0.5938439936729821 0.3792764845874257
vn -0.7699352544105413 0.5938439936729816 0.23355730601781344
vn -0.8007059344296099 0.593843993672982 0.07886265115838191
vn -0.8007059344296102 0.5938439936729816 -0.07886265115838194
vn -0.7699352544105413 0.593843993672982 -0.23355730601781288
vn -0.7095763943491408 0.593843993672982 -0.3792764845874261
vn -0.6219489113879294 0.593843993672982 -0.5104202805550466
vn -0.510420280555047 0.593843993672982 -0.6219489113879294
vn -0.3792764845874263 0.5938439936729816 -0.709576394349141
vn -0.23355730601781347 0.5938439936729816 -0.7699352544105414
vn -0.07886265115838248 0.593843993672982 -0.8007059344296098
vn 0.07886265115838192 0.5938439936729815 -0.80070593442961
vn 0.23355730601781335 0.5938439936729822 -0.7699352544105412
vn 0.3792764845874262 0.5938439936729819 -0.7095763943491408
vn 0.5104202805550466 0.593843993672982 -0.6219489113879294
vn 0.6219489113879292 0.5938439936729819 -0.5104202805550473
vn 0.7095763943491409 0.5938439936729816 -0.37927648458742635
vn 0.7699352544105414 0.5938439936729817 -0.23355730601781347
vn 0.8007059344296098 0.593843993672982 -0.07886265115838237
vn 0.8546842265856944 0.5122780109972405 0.08417904890365747
vn 0.8218391910704427 0.5122780109972401 0.24930219306975993
vn 0.7574113363350821 0.5122780109972399 0.4048447937664718
vn 0.6638765887055349 0.5122780109972398 0.5448294360783141
vn 0.5448294360783144 0.5122780109972397 0.6638765887055349
vn 0.40484479376647176 0.5122780109972402 0.7574113363350818
vn 0.24930219306975987 0.5122780109972405 0.8218391910704425
vn 0.08417904890365749 0.5122780109972399 0.8546842265856949
vn -0.08417904890365747 0.5122780109972405 0.8546842265856944
vn -0.24930219306975998 0.51227801099724 0.8218391910704429
vn -0.40484479376647176 0.5122780109972398 0.7574113363350822
vn -0.544829436078314 0.5122780109972397 0.663876588705535
vn -0.6638765887055345 0.5122780109972399 0.5448294360783145
vn -0.7574113363350818 0.5122780109972401 0.4048447937664714
vn -0.8218391910704425 0.5122780109972406 0.2493021930697602
vn -0.8546842265856949 0.51227801099724 0.0841790489036574
vn -0.8546842265856945 0.5122780109972406 -0.08417904890365736
vn -0.8218391910704429 0.51227801099724 -0.24930219306975984
vn -0.7574113363350818 0.5122780109972405 -0.40484479376647137
vn -0.663876588705535 0.5122780109972397 -0.544829436078314
vn -0.5448294360783138 0.51227801099724 -0.663876588705535
vn -0.40484479376647187 0.5122780109972402 -0.7574113363350817
vn -0.2493021930697602 0.5122780109972405 -0.8218391910704423
vn -0.08417904890365795 0.5122780109972399 -0.8546842265856948
vn 0.08417904890365736 0.5122780109972406 -0.8546842265856945
vn 0.2493021930697603 0.5122780109972401 -0.8218391910704426
vn 0.4048447937664713 0.5122780109972405 -0.7574113363350817
vn 0.544829436078314 0.5122780109972397 -0.663876588705535
vn 0.6638765887055347 0.5122780109972401 -0.5448294360783142
vn 0.7574113363350818 0.5122780109972401 -0.4048447937664719
vn 0.8218391910704425 0.5122780109972406 -0.2493021930697603
vn 0.8546842265856948 0.51227801099724 -0.08417904890365785
vn 0.9004273762869872 0.4258704322319836 0.08868435591171503
vn 0.8658244571817685 0.4258704322319843 0.2626449776722167
vn 0.7979483897470038 0.42587043223198384 0.42651230023377634
vn 0.6994076131888746 0.42587043223198406 0.5739889942882046
vn 0.573988994288205 0.4258704322319841 0.6994076131888742
vn 0.4265123002337761 0.4258704322319843 0.7979483897470037
vn 0.26264497767221673 0.42587043223198356 0.8658244571817686
vn 0.08868435591171499 0.4258704322319843 0.9004273762869869
vn -0.08868435591171503 0.4258704322319836 0.9004273762869872
vn -0.2626449776722166 0.4258704322319842 0.8658244571817683
vn -0.42651230023377595 0.4258704322319843 0.7979483897470038
vn -0.5739889942882048 0.4258704322319841 0.6994076131888746
vn -0.6994076131888745 0.42587043223198384 0.5739889942882052
vn -0.797948389747004 0.4258704322319841 0.426512300233776
vn -0.8658244571817685 0.4258704322319837 0.26264497767221706
vn -0.900427376286987 0.4258704322319843 0.08868435591171489
vn -0.9004273762869872 0.42587043223198356 -0.08868435591171492
vn -0.8658244571817684 0.4258704322319843 -0.26264497767221645
vn -0.7979483897470039 0.42587043223198423 -0.4265123002337757
vn -0.6994076131888745 0.42587043223198406 -0.5739889942882046
vn -0.5739889942882045 0.4258704322319837 -0.6994076131888749
vn -0.4265123002337764 0.4258704322319843 -0.7979483897470036
vn -0.262644977672217 0.4258704322319837 -0.8658244571817684
vn -0.08868435591171542 0.4258704322319842 -0.9004273762869869
vn 0.08868435591171492 0.4258704322319837 -0.9004273762869873
vn 0.26264497767221695 0.42587043223198434 -0.8658244571817681
vn 0.4265123002337758 0.4258704322319841 -0.7979483897470039
vn 0.5739889942882048 0.4258704322319841 -0.6994076131888746
vn 0.6994076131888746 0.4258704322319837 -0.5739889942882048
vn 0.7979483897470034 0.4258704322319845 -0.4265123002337765
vn 0.8658244571817685 0.4258704322319837 -0.262644977672217
vn 0.900427376286987 0.4258704322319843 -0.08868435591171533
vn 0.9375215423379806 0.33545057170414755 0.09233781238244072
vn 0.9014931152340703 0.33545057170414716 0.2734649468011069
vn 0.8308208132748779 0.3354505717041476 0.44408297667511554
vn 0.7282205333912122 0.3354505717041469 0.5976351468001022
vn 0.5976351468001023 0.33545057170414755 0.7282205333912116
vn 0.4440829766751155 0.335450571704147 0.830820813274878
vn 0.2734649468011069 0.3354505717041475 0.90149311523407
vn 0.09233781238244072 0.33545057170414694 0.9375215423379808
vn -0.0923378123824407 0.3354505717041475 0.9375215423379805
vn -0.2734649468011069 0.33545057170414716 0.9014931152340703
vn -0.4440829766751155 0.33545057170414705 0.830820813274878
vn -0.597635146800102 0.3354505717041469 0.7282205333912123
vn -0.7282205333912115 0.33545057170414755 0.5976351468001023
vn -0.8308208132748779 0.3354505717041473 0.4440829766751153
vn -0.90149311523407 0.3354505717041474 0.27346494680110717
vn -0.9375215423379808 0.33545057170414694 0.09233781238244063
vn -0.9375215423379805 0.3354505717041475 -0.0923378123824406
vn -0.9014931152340703 0.33545057170414727 -0.2734649468011068
vn -0.830820813274878 0.33545057170414694 -0.44408297667511526
vn -0.7282205333912123 0.3354505717041469 -0.597635146800102
vn -0.5976351468001018 0.3354505717041477 -0.7282205333912121
vn -0.44408297667511587 0.33545057170414727 -0.8308208132748778
vn -0.27346494680110717 0.3354505717041474 -0.90149311523407
vn -0.09233781238244117 0.3354505717041469 -0.9375215423379807
vn 0.0923378123824406 0.33545057170414744 -0.9375215423379805
vn 0.27346494680110717 0.3354505717041472 -0.90149311523407
vn 0.4440829766751154 0.33545057170414705 -0.8308208132748781
vn 0.597635146800102 0.3354505717041469 -0.7282205333912123
vn 0.7282205333912117 0.3354505717041476 -0.5976351468001021
vn 0.8308208132748777 0.33545057170414716 -0.4440829766751159
vn 0.90149311523407 0.3354505717041475 -0.27346494680110717
vn 0.9375215423379808 0.3354505717041469 -0.09233781238244107
vn 0.9656341862849066 0.24187877197931035 0.09510666613685377
vn 0.9285254060398683 0.2418787719793097 0.28166510256735533
vn 0.8557339151637645 0.2418787719793095 0.4573993070658023
vn 0.750057049829026 0.2418787719793104 0.6155559127061968
vn 0.6155559127061973 0.24187877197930954 0.7500570498290259
vn 0.45739930706580223 0.2418787719793099 0.8557339151637645
vn 0.28166510256735533 0.24187877197931032 0.9285254060398681
vn 0.09510666613685376 0.24187877197931035 0.9656341862849066
vn -0.09510666613685377 0.24187877197931035 0.9656341862849066
vn -0.28166510256735533 0.2418787719793097 0.9285254060398683
vn -0.4573993070658019 0.24187877197931007 0.8557339151637646
vn -0.6155559127061968 0.24187877197931038 0.7500570498290259
vn -0.7500570498290259 0.24187877197930954 0.6155559127061974
vn -0.8557339151637647 0.2418787719793097 0.45739930706580206
vn -0.928525406039868 0.24187877197931043 0.28166510256735566
vn -0.9656341862849066 0.24187877197931038 0.09510666613685366
vn -0.9656341862849066 0.24187877197931026 -0.09510666613685367
vn -0.9285254060398683 0.2418787719793097 -0.28166510256735516
vn -0.8557339151637647 0.24187877197931013 -0.4573993070658016
vn -0.7500570498290259 0.24187877197931038 -0.6155559127061968
vn -0.6155559127061967 0.2418787719793094 -0.7500570498290263
vn -0.4573993070658026 0.24187877197930974 -0.8557339151637644
vn -0.28166510256735555 0.24187877197931038 -0.928525406039868
vn -0.09510666613685421 0.24187877197931038 -0.9656341862849066
vn 0.09510666613685367 0.24187877197931026 -0.9656341862849066
vn 0.28166510256735555 0.24187877197930963 -0.9285254060398682
vn 0.4573993070658019 0.2418787719793101 -0.8557339151637646
vn 0.6155559127061968 0.24187877197931038 -0.7500570498290259
vn 0.750057049829026 0.2418787719793096 -0.6155559127061969
vn 0.8557339151637644 0.24187877197930988 -0.4573993070658027
vn 0.928525406039868 0.24187877197931038 -0.28166510256735555
vn 0.9656341862849066 0.24187877197931038 -0.09510666613685412
vn 0.9845151809100496 0.1460390316067861 0.09696628179426346
vn 0.9466808146301507 0.14603903160678702 0.2871724855527532
vn 0.8724660355487323 0.14603903160678688 0.4663428117396369
vn 0.7647228760057658 0.1460390316067861 0.6275918451994276
vn 0.6275918451994279 0.14603903160678677 0.7647228760057655
vn 0.4663428117396367 0.14603903160678702 0.872466035548732
vn 0.28717248555275326 0.14603903160678605 0.9466808146301506
vn 0.09696628179426345 0.1460390316067866 0.9845151809100494
vn -0.09696628179426346 0.1460390316067861 0.9845151809100496
vn -0.2871724855527532 0.14603903160678702 0.9466808146301507
vn -0.4663428117396369 0.14603903160678625 0.8724660355487323
vn -0.6275918451994272 0.1460390316067859 0.764722876005766
vn -0.7647228760057654 0.14603903160678683 0.6275918451994278
vn -0.8724660355487321 0.14603903160678705 0.4663428117396366
vn -0.9466808146301506 0.1460390316067861 0.2871724855527536
vn -0.9845151809100495 0.14603903160678658 0.09696628179426332
vn -0.9845151809100496 0.14603903160678608 -0.09696628179426335
vn -0.9466808146301506 0.14603903160678705 -0.28717248555275304
vn -0.8724660355487324 0.14603903160678633 -0.4663428117396366
vn -0.764722876005766 0.1460390316067859 -0.6275918451994272
vn -0.6275918451994271 0.1460390316067868 -0.7647228760057659
vn -0.46634281173963715 0.14603903160678697 -0.872466035548732
vn -0.28717248555275354 0.1460390316067861 -0.9466808146301507
vn -0.0969662817942639 0.14603903160678663 -0.9845151809100495
vn 0.09696628179426334 0.14603903160678608 -0.9845151809100496
vn 0.2871724855527535 0.14603903160678708 -0.9466808146301505
vn 0.46634281173963676 0.14603903160678638 -0.8724660355487324
vn 0.6275918451994272 0.1460390316067859 -0.764722876005766
vn 0.7647228760057657 0.14603903160678677 -0.6275918451994276
vn 0.872466035548732 0.1460390316067871 -0.46634281173963726
vn 0.9466808146301507 0.1460390316067861 -0.28717248555275354
vn 0.9845151809100493 0.14603903160678658 -0.09696628179426377
vn 0.9939974792450544 0.04883196483410184 0.09790020666432926
vn 0.9557987135578756 0.048831964834101474 0.28993836995394573
vn 0.8808691393267613 0.04883196483410186 0.47083436428554337
vn 0.7720882580684243 0.04883196483410222 0.633636458044601
vn 0.6336364580446012 0.04883196483410184 0.7720882580684241
vn 0.4708343642855433 0.048831964834101495 0.8808691393267615
vn 0.28993836995394573 0.04883196483410184 0.9557987135578756
vn 0.09790020666432926 0.04883196483410157 0.9939974792450545
vn -0.09790020666432928 0.048831964834101856 0.9939974792450545
vn -0.28993836995394573 0.04883196483410148 0.9557987135578757
vn -0.47083436428554337 0.04883196483410191 0.8808691393267614
vn -0.6336364580446007 0.04883196483410234 0.7720882580684244
vn -0.7720882580684241 0.04883196483410181 0.6336364580446013
vn -0.8808691393267614 0.048831964834101536 0.4708343642855432
vn -0.9557987135578755 0.0488319648341019 0.28993836995394606
vn -0.9939974792450545 0.048831964834101585 0.09790020666432915
vn -0.9939974792450545 0.04883196483410184 -0.09790020666432918
vn -0.9557987135578757 0.04883196483410146 -0.28993836995394556
vn -0.8808691393267614 0.048831964834101876 -0.470834364285543
vn -0.7720882580684244 0.04883196483410234 -0.6336364580446007
vn -0.6336364580446007 0.0488319648341018 -0.7720882580684244
vn -0.47083436428554376 0.04883196483410138 -0.8808691393267611
vn -0.289938369953946 0.04883196483410188 -0.9557987135578754
vn -0.09790020666432973 0.04883196483410157 -0.9939974792450545
vn 0.09790020666432915 0.048831964834101814 -0.9939974792450545
vn 0.289938369953946 0.04883196483410143 -0.9557987135578754
vn 0.47083436428554326 0.04883196483410185 -0.8808691393267614
vn 0.6336364580446007 0.04883196483410234 -0.7720882580684244
vn 0.7720882580684242 0.04883196483410178 -0.633636458044601
vn 0.880869139326761 0.04883196483410148 -0.4708343642855438
vn 0.9557987135578754 0.04883196483410188 -0.289938369953946
vn 0.9939974792450544 0.04883196483410157 -0.0979002066643296
vn 0.9939974792450545 -0.04883196483410068 0.0979002066643294
vn 0.9557987135578758 -0.048831964834100273 0.28993836995394556
vn 0.8808691393267615 -0.04883196483410038 0.4708343642855436
vn 0.7720882580684242 -0.048831964834100745 0.6336364580446011
vn 0.6336364580446014 -0.04883196483410018 0.772088258068424
vn 0.4708343642855433 -0.04883196483410017 0.8808691393267614
vn 0.28993836995394556 -0.04883196483410073 0.9557987135578757
vn 0.09790020666432937 -0.048831964834100426 0.9939974792450545
vn -0.0979002066643294 -0.04883196483410068 0.9939974792450545
vn -0.2899383699539455 -0.04883196483410027 0.9557987135578757
vn -0.47083436428554337 -0.04883196483410042 0.8808691393267614
vn -0.6336364580446009 -0.04883196483410068 0.7720882580684243
vn -0.772088258068424 -0.04883196483410033 0.6336364580446014
vn -0.8808691393267616 -0.04883196483410023 0.4708343642855433
vn -0.9557987135578756 -0.04883196483410069 0.2899383699539459
vn -0.9939974792450545 -0.04883196483410049 0.09790020666432928
vn -0.9939974792450545 -0.0488319648341007 -0.09790020666432929
vn -0.9557987135578758 -0.04883196483410026 -0.2899383699539454
vn -0.8808691393267616 -0.048831964834100405 -0.4708343642855432
vn -0.7720882580684243 -0.04883196483410068 -0.6336364580446009
vn -0.6336364580446009 -0.04883196483410014 -0.7720882580684243
vn -0.47083436428554376 -0.048831964834100156 -0.8808691393267611
vn -0.2899383699539458 -0.048831964834100676 -0.9557987135578756
vn -0.09790020666432986 -0.048831964834100475 -0.9939974792450545
vn 0.09790020666432928 -0.04883196483410069 -0.9939974792450545
vn 0.2899383699539458 -0.048831964834100225 -0.9557987135578757
vn 0.4708343642855434 -0.04883196483410026 -0.8808691393267615
vn 0.6336364580446009 -0.04883196483410068 -0.7720882580684243
vn 0.7720882580684242 -0.048831964834100315 -0.6336364580446012
vn 0.8808691393267611 -0.04883196483410034 -0.47083436428554387
vn 0.9557987135578756 -0.048831964834100676 -0.2899383699539458
vn 0.9939974792450545 -0.048831964834100475 -0.09790020666432973
vn 0.9845151809100493 -0.14603903160678722 0.09696628179426317
vn 0.9466808146301503 -0.1460390316067883 0.2871724855527536
vn 0.8724660355487319 -0.14603903160678833 0.4663428117396366
vn 0.7647228760057659 -0.14603903160678763 0.627591845199427
vn 0.6275918451994272 -0.14603903160678847 0.7647228760057655
vn 0.46634281173963654 -0.1460390316067883 0.8724660355487321
vn 0.2871724855527537 -0.14603903160678716 0.9466808146301504
vn 0.09696628179426317 -0.14603903160678777 0.9845151809100493
vn -0.09696628179426318 -0.14603903160678725 0.9845151809100495
vn -0.2871724855527536 -0.1460390316067883 0.9466808146301503
vn -0.4663428117396364 -0.1460390316067878 0.8724660355487324
vn -0.6275918451994271 -0.14603903160678752 0.7647228760057659
vn -0.7647228760057655 -0.14603903160678836 0.6275918451994273
vn -0.8724660355487321 -0.14603903160678838 0.4663428117396365
vn -0.9466808146301504 -0.14603903160678725 0.28717248555275404
vn -0.9845151809100494 -0.14603903160678772 0.09696628179426305
vn -0.9845151809100494 -0.14603903160678722 -0.09696628179426306
vn -0.9466808146301504 -0.14603903160678838 -0.2871724855527535
vn -0.8724660355487325 -0.1460390316067878 -0.46634281173963615
vn -0.7647228760057659 -0.14603903160678752 -0.6275918451994271
vn -0.6275918451994268 -0.14603903160678855 -0.764722876005766
vn -0.466342811739637 -0.14603903160678833 -0.8724660355487319
vn -0.287172485552754 -0.1460390316067872 -0.9466808146301503
vn -0.09696628179426359 -0.14603903160678774 -0.9845151809100492
vn 0.09696628179426306 -0.14603903160678722 -0.9845151809100494
vn 0.2871724855527539 -0.14603903160678824 -0.9466808146301502
vn 0.4663428117396363 -0.14603903160678783 -0.8724660355487323
vn 0.6275918451994271 -0.14603903160678752 -0.7647228760057659
vn 0.7647228760057657 -0.1460390316067885 -0.6275918451994271
vn 0.8724660355487317 -0.14603903160678827 -0.46634281173963704
vn 0.9466808146301503 -0.1460390316067872 -0.287172485552754
vn 0.9845151809100494 -0.14603903160678774 -0.0969662817942635
vn 0.9656341862849067 -0.2418787719793104 0.09510666613685374
vn 0.9285254060398684 -0.24187877197930974 0.28166510256735505
vn 0.8557339151637646 -0.24187877197930963 0.4573993070658023
vn 0.7500570498290255 -0.24187877197931057 0.6155559127061971
vn 0.6155559127061976 -0.2418787719793094 0.7500570498290254
vn 0.4573993070658021 -0.24187877197930993 0.8557339151637647
vn 0.28166510256735505 -0.24187877197931043 0.9285254060398682
vn 0.09510666613685373 -0.24187877197931043 0.9656341862849066
vn -0.09510666613685373 -0.24187877197931035 0.9656341862849066
vn -0.28166510256735505 -0.24187877197930974 0.9285254060398684
vn -0.4573993070658021 -0.24187877197931015 0.8557339151637645
vn -0.6155559127061968 -0.2418787719793106 0.7500570498290257
vn -0.7500570498290255 -0.2418787719793094 0.6155559127061977
vn -0.8557339151637646 -0.24187877197930976 0.45739930706580195
vn -0.928525406039868 -0.24187877197931043 0.2816651025673552
vn -0.9656341862849066 -0.24187877197931046 0.09510666613685362
vn -0.9656341862849066 -0.24187877197931035 -0.09510666613685362
vn -0.9285254060398683 -0.24187877197930982 -0.28166510256735483
vn -0.8557339151637646 -0.24187877197931007 -0.4573993070658018
vn -0.7500570498290257 -0.2418787719793106 -0.6155559127061968
vn -0.615555912706197 -0.24187877197930954 -0.750057049829026
vn -0.4573993070658025 -0.2418787719793099 -0.8557339151637644
vn -0.2816651025673553 -0.24187877197931046 -0.9285254060398681
vn -0.0951066661368542 -0.24187877197931046 -0.9656341862849066
vn 0.09510666613685362 -0.24187877197931035 -0.9656341862849066
vn 0.28166510256735533 -0.24187877197930982 -0.9285254060398683
vn 0.45739930706580206 -0.24187877197931013 -0.8557339151637646
vn 0.6155559127061968 -0.2418787719793106 -0.7500570498290257
vn 0.7500570498290257 -0.24187877197930965 -0.6155559127061974
vn 0.8557339151637642 -0.24187877197930985 -0.4573993070658026
vn 0.9285254060398681 -0.24187877197931046 -0.2816651025673553
vn 0.9656341862849066 -0.2418787719793104 -0.09510666613685409
vn 0.9375215423379807 -0.33545057170414727 0.09233781238244104
vn 0.9014931152340703 -0.33545057170414694 0.2734649468011068
vn 0.8308208132748777 -0.3354505717041473 0.4440829766751158
vn 0.7282205333912123 -0.33545057170414666 0.5976351468001018
vn 0.5976351468001021 -0.3354505717041474 0.7282205333912118
vn 0.4440829766751158 -0.33545057170414694 0.830820813274878
vn 0.2734649468011067 -0.3354505717041474 0.9014931152340702
vn 0.09233781238244104 -0.33545057170414666 0.9375215423379807
vn -0.09233781238244104 -0.33545057170414727 0.9375215423379807
vn -0.2734649468011068 -0.33545057170414694 0.9014931152340703
vn -0.44408297667511554 -0.3354505717041469 0.8308208132748781
vn -0.597635146800102 -0.3354505717041467 0.7282205333912123
vn -0.7282205333912117 -0.3354505717041473 0.5976351468001021
vn -0.830820813274878 -0.33545057170414705 0.4440829766751155
vn -0.9014931152340702 -0.33545057170414727 0.27346494680110717
vn -0.9375215423379808 -0.3354505717041466 0.09233781238244095
vn -0.9375215423379806 -0.33545057170414727 -0.09233781238244095
vn -0.9014931152340704 -0.33545057170414694 -0.2734649468011066
vn -0.8308208132748781 -0.3354505717041468 -0.4440829766751153
vn -0.7282205333912123 -0.3354505717041467 -0.597635146800102
vn -0.5976351468001014 -0.33545057170414744 -0.7282205333912124
vn -0.44408297667511604 -0.335450571704147 -0.8308208132748778
vn -0.27346494680110706 -0.3354505717041472 -0.90149311523407
vn -0.09233781238244151 -0.3354505717041467 -0.9375215423379808
vn 0.09233781238244092 -0.3354505717041472 -0.9375215423379806
vn 0.2734649468011071 -0.33545057170414716 -0.9014931152340702
vn 0.44408297667511537 -0.3354505717041468 -0.8308208132748781
vn 0.597635146800102 -0.3354505717041467 -0.7282205333912123
vn 0.7282205333912121 -0.3354505717041475 -0.5976351468001019
vn 0.8308208132748776 -0.335450571704147 -0.4440829766751161
vn 0.90149311523407 -0.3354505717041473 -0.273464946801107
vn 0.9375215423379808 -0.33545057170414666 -0.09233781238244142
vn 0.9004273762869878 -0.4258704322319827 0.08868435591171467
vn 0.8658244571817685 -0.42587043223198323 0.262644977672217
vn 0.7979483897470043 -0.4258704322319828 0.4265123002337764
vn 0.6994076131888747 -0.4258704322319835 0.5739889942882053
vn 0.5739889942882057 -0.42587043223198273 0.6994076131888745
vn 0.426512300233776 -0.42587043223198345 0.7979483897470043
vn 0.26264497767221723 -0.4258704322319827 0.865824457181769
vn 0.08868435591171461 -0.42587043223198334 0.9004273762869873
vn -0.08868435591171467 -0.4258704322319827 0.9004273762869878
vn -0.26264497767221706 -0.4258704322319833 0.8658244571817687
vn -0.4265123002337761 -0.4258704322319832 0.7979483897470042
vn -0.5739889942882049 -0.42587043223198345 0.6994076131888746
vn -0.6994076131888746 -0.4258704322319828 0.5739889942882058
vn -0.7979483897470042 -0.4258704322319833 0.42651230023377584
vn -0.8658244571817688 -0.42587043223198273 0.2626449776722175
vn -0.9004273762869874 -0.42587043223198334 0.08868435591171452
vn -0.9004273762869878 -0.42587043223198273 -0.08868435591171456
vn -0.8658244571817687 -0.42587043223198323 -0.2626449776722169
vn -0.7979483897470038 -0.42587043223198406 -0.4265123002337762
vn -0.699407613188875 -0.4258704322319835 -0.5739889942882046
vn -0.5739889942882053 -0.4258704322319828 -0.699407613188875
vn -0.42651230023377623 -0.4258704322319834 -0.7979483897470041
vn -0.26264497767221756 -0.4258704322319829 -0.8658244571817687
vn -0.08868435591171511 -0.4258704322319833 -0.9004273762869873
vn 0.08868435591171456 -0.4258704322319828 -0.9004273762869878
vn 0.26264497767221745 -0.42587043223198323 -0.8658244571817686
vn 0.42651230023377623 -0.425870432231984 -0.7979483897470038
vn 0.5739889942882046 -0.4258704322319835 -0.699407613188875
vn 0.6994076131888746 -0.4258704322319828 -0.5739889942882055
vn 0.7979483897470039 -0.4258704322319834 -0.42651230023377634
vn 0.8658244571817687 -0.4258704322319828 -0.26264497767221756
vn 0.9004273762869873 -0.42587043223198334 -0.088684355911715
vn 0.8546842265856939 -0.5122780109972416 0.08417904890365775
vn 0.8218391910704422 -0.5122780109972412 0.24930219306975956
vn 0.7574113363350817 -0.5122780109972408 0.40484479376647126
vn 0.6638765887055342 -0.512278010997241 0.544829436078314
vn 0.5448294360783141 -0.512278010997241 0.6638765887055341
vn 0.4048447937664712 -0.5122780109972411 0.7574113363350815
vn 0.24930219306975956 -0.5122780109972416 0.8218391910704421
vn 0.08417904890365777 -0.512278010997241 0.8546842265856942
vn -0.08417904890365772 -0.5122780109972415 0.8546842265856939
vn -0.24930219306975962 -0.5122780109972412 0.8218391910704423
vn -0.40484479376647137 -0.5122780109972414 0.7574113363350811
vn -0.5448294360783136 -0.5122780109972409 0.6638765887055348
vn -0.663876588705534 -0.5122780109972415 0.5448294360783138
vn -0.7574113363350814 -0.512278010997241 0.40484479376647137
vn -0.8218391910704418 -0.5122780109972415 0.24930219306975973
vn -0.8546842265856943 -0.512278010997241 0.0841790489036577
vn -0.8546842265856939 -0.5122780109972416 -0.08417904890365764
vn -0.8218391910704423 -0.512278010997241 -0.24930219306975934
vn -0.7574113363350815 -0.5122780109972408 -0.4048447937664715
vn -0.6638765887055348 -0.5122780109972409 -0.5448294360783136
vn -0.5448294360783138 -0.5122780109972408 -0.6638765887055346
vn -0.4048447937664713 -0.512278010997241 -0.7574113363350814
vn -0.24930219306975981 -0.5122780109972416 -0.8218391910704419
vn -0.08417904890365827 -0.5122780109972409 -0.8546842265856942
vn 0.08417904890365764 -0.5122780109972416 -0.8546842265856939
vn 0.24930219306975987 -0.5122780109972411 -0.8218391910704422
vn 0.4048447937664715 -0.5122780109972406 -0.7574113363350817
vn 0.5448294360783136 -0.5122780109972409 -0.6638765887055346
vn 0.6638765887055342 -0.5122780109972407 -0.5448294360783141
vn 0.7574113363350814 -0.5122780109972412 -0.4048447937664713
vn 0.8218391910704418 -0.5122780109972415 -0.24930219306975987
vn 0.8546842265856942 -0.512278010997241 -0.08417904890365815
vn 0.8007059344296116 -0.5938439936729798 0.07886265115838183
vn 0.7699352544105426 -0.5938439936729802 0.23355730601781374
vn 0.7095763943491415 -0.5938439936729808 0.3792764845874267
vn 0.6219489113879305 -0.5938439936729799 0.5104202805550481
vn 0.510420280555048 -0.5938439936729806 0.62194891138793
vn 0.3792764845874269 -0.5938439936729801 0.7095763943491419
vn 0.2335573060178138 -0.5938439936729798 0.7699352544105428
vn 0.07886265115838179 -0.5938439936729802 0.8007059344296112
vn -0.07886265115838183 -0.5938439936729798 0.8007059344296116
vn -0.23355730601781374 -0.5938439936729802 0.7699352544105426
vn -0.3792764845874267 -0.5938439936729799 0.7095763943491421
vn -0.510420280555048 -0.59384399367298 0.6219489113879306
vn -0.6219489113879301 -0.5938439936729801 0.5104202805550485
vn -0.709576394349142 -0.5938439936729801 0.3792764845874267
vn -0.7699352544105427 -0.5938439936729798 0.23355730601781408
vn -0.8007059344296111 -0.5938439936729804 0.07886265115838167
vn -0.8007059344296116 -0.5938439936729798 -0.07886265115838173
vn -0.7699352544105426 -0.5938439936729801 -0.2335573060178135
vn -0.7095763943491422 -0.5938439936729798 -0.37927648458742663
vn -0.6219489113879305 -0.5938439936729799 -0.510420280555048
vn -0.5104202805550475 -0.5938439936729807 -0.6219489113879303
vn -0.37927648458742685 -0.5938439936729804 -0.7095763943491417
vn -0.23355730601781413 -0.5938439936729798 -0.7699352544105427
vn -0.07886265115838229 -0.5938439936729801 -0.8007059344296111
vn 0.07886265115838173 -0.5938439936729798 -0.8007059344296116
vn 0.23355730601781405 -0.5938439936729802 -0.7699352544105422
vn 0.37927648458742647 -0.59384399367298 -0.7095763943491421
vn 0.510420280555048 -0.59384399367298 -0.6219489113879306
vn 0.6219489113879298 -0.5938439936729807 -0.5104202805550478
vn 0.7095763943491418 -0.5938439936729802 -0.379276484587427
vn 0.7699352544105427 -0.5938439936729798 -0.23355730601781413
vn 0.8007059344296111 -0.5938439936729801 -0.07886265115838219
vn 0.7389859338711992 -0.669777809109133 0.07278376168817909
vn 0.7105871188606154 -0.6697778091091328 0.21555424592046413
vn 0.6548808393740655 -0.6697778091091324 0.35004110136623956
vn 0.574007856491776 -0.6697778091091325 0.4710760735918215
vn 0.471076073591822 -0.6697778091091323 0.5740078564917759
vn 0.35004110136623934 -0.6697778091091326 0.6548808393740653
vn 0.21555424592046402 -0.669777809109133 0.7105871188606151
vn 0.07278376168817911 -0.6697778091091326 0.7389859338711994
vn -0.07278376168817907 -0.6697778091091329 0.7389859338711992
vn -0.21555424592046407 -0.6697778091091326 0.7105871188606154
vn -0.3500411013662396 -0.6697778091091328 0.6548808393740649
vn -0.4710760735918212 -0.6697778091091325 0.5740078564917762
vn -0.5740078564917755 -0.669777809109133 0.47107607359182124
vn -0.6548808393740652 -0.6697778091091328 0.3500411013662398
vn -0.7105871188606151 -0.6697778091091329 0.21555424592046424
vn -0.7389859338711994 -0.6697778091091326 0.07278376168817902
vn -0.7389859338711992 -0.669777809109133 -0.072783761688179
vn -0.7105871188606154 -0.6697778091091326 -0.21555424592046385
vn -0.6548808393740652 -0.6697778091091329 -0.3500411013662394
vn -0.5740078564917755 -0.669777809109133 -0.47107607359182124
vn -0.4710760735918216 -0.6697778091091325 -0.574007856491776
vn -0.35004110136624 -0.6697778091091322 -0.6548808393740655
vn -0.21555424592046388 -0.6697778091091329 -0.7105871188606152
vn -0.07278376168817961 -0.6697778091091326 -0.7389859338711994
vn 0.072783761688179 -0.669777809109133 -0.7389859338711992
vn 0.21555424592046446 -0.6697778091091326 -0.7105871188606153
vn 0.3500411013662393 -0.6697778091091329 -0.6548808393740652
vn 0.47107607359182124 -0.669777809109133 -0.5740078564917755
vn 0.5740078564917755 -0.6697778091091324 -0.4710760735918219
vn 0.6548808393740653 -0.6697778091091322 -0.35004110136624017
vn 0.7105871188606152 -0.669777809109133 -0.21555424592046385
vn 0.7389859338711993 -0.6697778091091325 -0.07278376168817952
vn 0.6700947664778217 -0.7393356424371036 0.06599857393269196
vn 0.6443434003955537 -0.7393356424371033 0.19545943361426893
vn 0.593830278788026 -0.7393356424371035 0.3174088968769633
vn 0.5204965925905318 -0.7393356424371037 0.42716051423763535
vn 0.42716051423763557 -0.7393356424371038 0.5204965925905317
vn 0.3174088968769633 -0.7393356424371034 0.5938302787880262
vn 0.1954594336142689 -0.7393356424371035 0.6443434003955534
vn 0.06599857393269194 -0.7393356424371036 0.6700947664778216
vn -0.06599857393269194 -0.7393356424371035 0.6700947664778216
vn -0.19545943361426896 -0.7393356424371034 0.6443434003955536
vn -0.31740889687696344 -0.7393356424371036 0.593830278788026
vn -0.42716051423763507 -0.7393356424371037 0.5204965925905322
vn -0.5204965925905319 -0.7393356424371035 0.4271605142376355
vn -0.5938302787880261 -0.7393356424371033 0.3174088968769635
vn -0.6443434003955534 -0.7393356424371035 0.1954594336142691
vn -0.6700947664778216 -0.7393356424371036 0.06599857393269189
vn -0.6700947664778217 -0.7393356424371035 -0.06599857393269187
vn -0.6443434003955532 -0.7393356424371038 -0.19545943361426907
vn -0.5938302787880263 -0.7393356424371035 -0.31740889687696283
vn -0.520496592590532 -0.7393356424371035 -0.4271605142376353
vn -0.42716051423763535 -0.7393356424371036 -0.520496592590532
vn -0.3174088968769629 -0.7393356424371039 -0.5938302787880257
vn -0.19545943361426932 -0.7393356424371036 -0.6443434003955534
vn -0.06599857393269246 -0.7393356424371035 -0.6700947664778216
vn 0.06599857393269189 -0.7393356424371036 -0.6700947664778216
vn 0.19545943361426935 -0.7393356424371034 -0.6443434003955536
vn 0.3174088968769631 -0.7393356424371036 -0.593830278788026
vn 0.4271605142376353 -0.7393356424371034 -0.5204965925905324
vn 0.5204965925905319 -0.7393356424371035 -0.4271605142376356
vn 0.5938302787880257 -0.7393356424371039 -0.31740889687696305
vn 0.6443434003955533 -0.7393356424371035 -0.19545943361426926
vn 0.6700947664778216 -0.7393356424371036 -0.06599857393269239
vn 0.5946766510954683 -0.8018286429972407 0.058570537910131754
vn 0.5718235608923775 -0.8018286429972407 0.17346078080524385
vn 0.5269956119265404 -0.8018286429972407 0.2816850231719376
vn 0.46191551713691 -0.8018286429972407 0.37908426806891465
vn 0.379084268068915 -0.8018286429972404 0.46191551713691
vn 0.28168502317193744 -0.8018286429972408 0.5269956119265403
vn 0.17346078080524388 -0.8018286429972407 0.5718235608923776
vn 0.05857053791013178 -0.8018286429972403 0.5946766510954686
vn -0.058570537910131754 -0.8018286429972407 0.5946766510954683
vn -0.17346078080524388 -0.8018286429972408 0.5718235608923776
vn -0.2816850231719376 -0.8018286429972402 0.5269956119265409
vn -0.3790842680689146 -0.8018286429972407 0.4619155171369101
vn -0.4619155171369101 -0.8018286429972401 0.37908426806891543
vn -0.5269956119265404 -0.8018286429972407 0.28168502317193717
vn -0.5718235608923776 -0.8018286429972405 0.17346078080524407
vn -0.5946766510954686 -0.8018286429972403 0.058570537910131726
vn -0.5946766510954684 -0.8018286429972407 -0.05857053791013169
vn -0.5718235608923782 -0.8018286429972403 -0.17346078080524366
vn -0.5269956119265405 -0.8018286429972404 -0.2816850231719376
vn -0.46191551713691 -0.8018286429972405 -0.37908426806891454
vn -0.3790842680689146 -0.8018286429972404 -0.4619155171369102
vn -0.28168502317193794 -0.8018286429972403 -0.5269956119265404
vn -0.1734607808052445 -0.8018286429972403 -0.5718235608923781
vn -0.05857053791013171 -0.8018286429972404 -0.5946766510954686
vn 0.05857053791013169 -0.8018286429972407 -0.5946766510954684
vn 0.17346078080524385 -0.8018286429972403 -0.5718235608923781
vn 0.2816850231719378 -0.8018286429972403 -0.5269956119265407
vn 0.3790842680689146 -0.8018286429972407 -0.4619155171369101
vn 0.46191551713691004 -0.8018286429972405 -0.37908426806891476
vn 0.5269956119265404 -0.8018286429972404 -0.28168502317193794
vn 0.5718235608923781 -0.8018286429972403 -0.1734607808052445
vn 0.5946766510954687 -0.8018286429972404 -0.058570537910131656
vn 0.5134449617244606 -0.8566311662519444 0.050569914826907536
vn 0.4937135597886415 -0.8566311662519445 0.14976637101385976
vn 0.45500902262789894 -0.8566311662519446 0.2432073895526977
vn 0.3988187438995659 -0.8566311662519445 0.3273020845033009
vn 0.327302084503301 -0.8566311662519444 0.3988187438995658
vn 0.2432073895526977 -0.8566311662519446 0.455009022627899
vn 0.14976637101385978 -0.8566311662519445 0.4937135597886415
vn 0.050569914826907494 -0.8566311662519446 0.5134449617244603
vn -0.050569914826907536 -0.8566311662519444 0.5134449617244606
vn -0.14976637101385976 -0.8566311662519445 0.4937135597886415
vn -0.24320738955269772 -0.8566311662519447 0.45500902262789855
vn -0.3273020845033006 -0.8566311662519445 0.39881874389956623
vn -0.3988187438995656 -0.8566311662519449 0.32730208450330067
vn -0.4550090226278989 -0.8566311662519445 0.24320738955269786
vn -0.4937135597886414 -0.8566311662519445 0.14976637101385992
vn -0.5134449617244604 -0.8566311662519447 0.050569914826907446
vn -0.5134449617244607 -0.8566311662519442 -0.050569914826907474
vn -0.49371355978864123 -0.8566311662519445 -0.1497663710138596
vn -0.45500902262789855 -0.8566311662519446 -0.24320738955269758
vn -0.39881874389956623 -0.8566311662519445 -0.3273020845033006
vn -0.3273020845033007 -0.8566311662519445 -0.398818743899566
vn -0.24320738955269786 -0.8566311662519445 -0.4550090226278988
vn -0.14976637101385984 -0.8566311662519446 -0.49371355978864123
vn -0.05056991482690776 -0.8566311662519447 -0.5134449617244604
vn 0.050569914826907474 -0.8566311662519442 -0.5134449617244607
vn 0.14976637101385984 -0.8566311662519446 -0.49371355978864123
vn 0.24320738955269772 -0.8566311662519447 -0.4550090226278985
vn 0.3273020845033006 -0.8566311662519445 -0.39881874389956623
vn 0.39881874389956584 -0.8566311662519446 -0.3273020845033009
vn 0.4550090226278988 -0.8566311662519445 -0.24320738955269788
vn 0.49371355978864123 -0.8566311662519446 -0.14976637101385984
vn 0.5134449617244603 -0.8566311662519445 -0.05056991482690769
vn 0.42717650635882964 -0.9031888380139922 0.042073213592491804
vn 0.4107603527828045 -0.9031888380139922 0.12460279077404582
vn 0.378558909206396 -0.9031888380139922 0.2023439525842033
vn 0.33180965904746795 -0.9031888380139922 0.27230914977234577
vn 0.27230914977234577 -0.9031888380139921 0.3318096590474677
vn 0.20234395258420312 -0.9031888380139922 0.37855890920639595
vn 0.12460279077404586 -0.9031888380139922 0.4107603527828044
vn 0.04207321359249182 -0.9031888380139921 0.42717650635882976
vn -0.042073213592491804 -0.9031888380139922 0.42717650635882964
vn -0.12460279077404582 -0.9031888380139922 0.4107603527828045
vn -0.20234395258420326 -0.903188838013992 0.3785589092063962
vn -0.27230914977234566 -0.9031888380139921 0.33180965904746795
vn -0.33180965904746773 -0.9031888380139921 0.272309149772346
vn -0.37855890920639595 -0.9031888380139922 0.20234395258420304
vn -0.41076035278280437 -0.9031888380139921 0.12460279077404599
vn -0.42717650635882976 -0.9031888380139922 0.04207321359249177
vn -0.42717650635882964 -0.9031888380139922 -0.04207321359249176
vn -0.4107603527828045 -0.9031888380139922 -0.12460279077404571
vn -0.37855890920639634 -0.9031888380139921 -0.20234395258420315
vn -0.3318096590474677 -0.9031888380139922 -0.27230914977234577
vn -0.2723091497723456 -0.9031888380139922 -0.33180965904746773
vn -0.20234395258420348 -0.9031888380139921 -0.37855890920639584
vn -0.12460279077404574 -0.9031888380139922 -0.4107603527828044
vn -0.04207321359249208 -0.9031888380139921 -0.4271765063588297
vn 0.04207321359249176 -0.9031888380139922 -0.42717650635882964
vn 0.12460279077404575 -0.9031888380139921 -0.41076035278280465
vn 0.20234395258420335 -0.9031888380139921 -0.37855890920639623
vn 0.2723091497723458 -0.9031888380139922 -0.3318096590474676
vn 0.3318096590474676 -0.9031888380139922 -0.2723091497723459
vn 0.3785589092063958 -0.9031888380139921 -0.20234395258420357
vn 0.4107603527828044 -0.9031888380139922 -0.12460279077404574
vn 0.4271765063588297 -0.9031888380139921 -0.04207321359249203
vn 0.3367045548415335 -0.9410261904268398 0.03316250412309203
vn 0.3237651876250633 -0.9410261904268395 0.09821309593357176
vn 0.2983837058177705 -0.9410261904268397 0.15948941354586352
vn 0.2615355055314113 -0.9410261904268397 0.21463664243828082
vn 0.21463664243828104 -0.9410261904268397 0.26153550553141114
vn 0.15948941354586352 -0.9410261904268397 0.29838370581777074
vn 0.09821309593357172 -0.9410261904268397 0.3237651876250631
vn 0.03316250412309203 -0.9410261904268398 0.3367045548415335
vn -0.033162504123092025 -0.9410261904268397 0.33670455484153344
vn -0.09821309593357176 -0.9410261904268395 0.3237651876250633
vn -0.1594894135458635 -0.9410261904268398 0.2983837058177705
vn -0.21463664243828073 -0.9410261904268397 0.26153550553141136
vn -0.2615355055314112 -0.9410261904268397 0.21463664243828096
vn -0.2983837058177707 -0.9410261904268395 0.15948941354586355
vn -0.3237651876250631 -0.9410261904268398 0.09821309593357182
vn -0.33670455484153344 -0.9410261904268397 0.03316250412309199
vn -0.3367045548415334 -0.9410261904268397 -0.03316250412309198
vn -0.3237651876250631 -0.9410261904268397 -0.09821309593357186
vn -0.29838370581777074 -0.9410261904268397 -0.15948941354586318
vn -0.26153550553141136 -0.9410261904268397 -0.2146366424382809
vn -0.2146366424382808 -0.9410261904268397 -0.26153550553141136
vn -0.15948941354586368 -0.9410261904268395 -0.29838370581777046
vn -0.09821309593357198 -0.9410261904268397 -0.32376518762506323
vn -0.033162504123092 -0.9410261904268397 -0.33670455484153344
vn 0.03316250412309199 -0.9410261904268397 -0.33670455484153344
vn 0.09821309593357191 -0.9410261904268397 -0.323765187625063
vn 0.15948941354586327 -0.9410261904268398 -0.2983837058177707
vn 0.21463664243828093 -0.9410261904268397 -0.26153550553141136
vn 0.26153550553141125 -0.9410261904268395 -0.2146366424382809
vn 0.2983837058177705 -0.9410261904268398 -0.15948941354586374
vn 0.3237651876250632 -0.9410261904268395 -0.09821309593357198
vn 0.33670455484153344 -0.9410261904268397 -0.03316250412309195
vn 0.24291063061226137 -0.9697535968608548 0.023924608899375345
vn 0.23357571130368318 -0.9697535968608549 0.07085441739519832
vn 0.2152646084004726 -0.9697535968608549 0.11506133036613891
vn 0.18868100731821474 -0.9697535968608548 0.1548465009382462
vn 0.15484650093824634 -0.9697535968608548 0.18868100731821472
vn 0.11506133036613883 -0.9697535968608549 0.21526460840047254
vn 0.07085441739519834 -0.9697535968608549 0.2335757113036832
vn 0.023924608899375338 -0.9697535968608548 0.24291063061226126
vn -0.023924608899375345 -0.9697535968608548 0.24291063061226137
vn -0.07085441739519832 -0.9697535968608549 0.23357571130368318
vn -0.11506133036613896 -0.9697535968608549 0.21526460840047246
vn -0.1548465009382461 -0.9697535968608548 0.18868100731821488
vn -0.1886810073182148 -0.9697535968608548 0.15484650093824626
vn -0.21526460840047243 -0.9697535968608549 0.11506133036613894
vn -0.23357571130368318 -0.9697535968608549 0.07085441739519839
vn -0.24291063061226129 -0.9697535968608548 0.023924608899375307
vn -0.24291063061226134 -0.9697535968608548 -0.023924608899375317
vn -0.2335757113036833 -0.9697535968608549 -0.07085441739519827
vn -0.21526460840047243 -0.9697535968608549 -0.11506133036613889
vn -0.18868100731821488 -0.9697535968608548 -0.1548465009382461
vn -0.1548465009382462 -0.9697535968608548 -0.1886810073182149
vn -0.11506133036613887 -0.9697535968608549 -0.21526460840047243
vn -0.0708544173951984 -0.9697535968608548 -0.2335757113036831
vn -0.023924608899375484 -0.9697535968608548 -0.24291063061226126
vn 0.023924608899375317 -0.9697535968608548 -0.24291063061226134
vn 0.07085441739519843 -0.9697535968608548 -0.23357571130368318
vn 0.11506133036613883 -0.9697535968608548 -0.21526460840047246
vn 0.15484650093824606 -0.9697535968608548 -0.18868100731821494
vn 0.1886810073182149 -0.9697535968608548 -0.1548465009382462
vn 0.21526460840047237 -0.9697535968608548 -0.11506133036613889
vn 0.2335757113036831 -0.9697535968608548 -0.0708544173951984
vn 0.24291063061226129 -0.9697535968608549 -0.023924608899375456
vn 0.1467151544259084 -0.9890732307153765 0.01445018145317081
vn 0.14107697332012728 -0.9890732307153763 0.04279523199002209
vn 0.13001728324653175 -0.9890732307153765 0.06949568576133952
vn 0.11396110189230446 -0.9890732307153763 0.09352545930247824
vn 0.09352545930247831 -0.9890732307153763 0.11396110189230442
vn 0.06949568576133949 -0.9890732307153763 0.13001728324653175
vn 0.04279523199002208 -0.9890732307153763 0.14107697332012728
vn 0.01445018145317081 -0.9890732307153765 0.1467151544259084
vn -0.01445018145317081 -0.9890732307153765 0.1467151544259084
vn -0.04279523199002209 -0.9890732307153763 0.1410769733201273
vn -0.06949568576133958 -0.9890732307153765 0.13001728324653175
vn -0.09352545930247819 -0.9890732307153763 0.11396110189230456
vn -0.11396110189230446 -0.9890732307153763 0.09352545930247826
vn -0.13001728324653172 -0.9890732307153763 0.06949568576133953
vn -0.14107697332012725 -0.9890732307153765 0.04279523199002214
vn -0.1467151544259084 -0.9890732307153763 0.01445018145317079
vn -0.1467151544259084 -0.9890732307153763 -0.014450181453170792
vn -0.14107697332012722 -0.9890732307153765 -0.042795231990022144
vn -0.1300172832465318 -0.9890732307153765 -0.06949568576133945
vn -0.11396110189230456 -0.9890732307153765 -0.09352545930247819
vn -0.09352545930247821 -0.9890732307153763 -0.11396110189230449
vn -0.06949568576133952 -0.9890732307153763 -0.13001728324653175
vn -0.04279523199002215 -0.9890732307153763 -0.14107697332012725
vn -0.014450181453170898 -0.9890732307153763 -0.14671515442590843
vn 0.01445018145317079 -0.9890732307153763 -0.1467151544259084
vn 0.04279523199002216 -0.9890732307153763 -0.14107697332012725
vn 0.06949568576133952 -0.9890732307153763 -0.13001728324653172
vn 0.09352545930247812 -0.9890732307153763 -0.11396110189230456
vn 0.11396110189230449 -0.9890732307153763 -0.09352545930247821
vn 0.13001728324653172 -0.9890732307153763 -0.06949568576133952
vn 0.14107697332012725 -0.9890732307153763 -0.042795231990022164
vn 0.1467151544259084 -0.9890732307153766 -0.014450181453170884
vn 0.049067101339492755 -0.9987837927679984 0.004832687669594823
vn 0.04718148015216351 -0.9987837927679984 0.014312345531844435
vn 0.043482701142265504 -0.9987837927679984 0.023241987981761122
vn 0.038112906312849984 -0.9987837927679983 0.03127845386779576
vn 0.031278453867795784 -0.9987837927679984 0.03811290631284995
vn 0.023241987981761112 -0.9987837927679984 0.04348270114226551
vn 0.014312345531844434 -0.9987837927679984 0.04718148015216351
vn 0.004832687669594823 -0.9987837927679984 0.04906710133949276
vn -0.004832687669594823 -0.9987837927679984 0.049067101339492755
vn -0.014312345531844434 -0.9987837927679984 0.0471814801521635
vn -0.02324198798176114 -0.9987837927679984 0.04348270114226552
vn -0.03127845386779574 -0.9987837927679984 0.03811290631284999
vn -0.03811290631284999 -0.9987837927679984 0.03127845386779577
vn -0.0434827011422655 -0.9987837927679984 0.023241987981761133
vn -0.0471814801521635 -0.9987837927679984 0.014312345531844453
vn -0.04906710133949276 -0.9987837927679984 0.0048326876695948175
vn -0.04906710133949276 -0.9987837927679984 -0.0048326876695948175
vn -0.0471814801521635 -0.9987837927679984 -0.014312345531844456
vn -0.04348270114226554 -0.9987837927679984 -0.023241987981761105
vn -0.03811290631284999 -0.9987837927679984 -0.03127845386779574
vn -0.03127845386779574 -0.9987837927679984 -0.038112906312849984
vn -0.023241987981761105 -0.9987837927679984 -0.04348270114226549
vn -0.01431234553184445 -0.9987837927679984 -0.047181480152163495
vn -0.004832687669594875 -0.9987837927679984 -0.04906710133949276
vn 0.004832687669594817 -0.9987837927679984 -0.04906710133949276
vn 0.014312345531844479 -0.9987837927679984 -0.0471814801521635
vn 0.023241987981761112 -0.9987837927679984 -0.0434827011422655
vn 0.03127845386779573 -0.9987837927679984 -0.03811290631285003
vn 0.038112906312849984 -0.9987837927679984 -0.03127845386779574
vn 0.04348270114226549 -0.9987837927679984 -0.023241987981761105
vn 0.047181480152163495 -0.9987837927679984 -0.014312345531844453
vn 0.049067101339492755 -0.9987837927679984 -0.00483268766959487
s off
usemtl Material
f 2/2/1 1/1/1 3/3/1
f 3/3/2 1/1/2 4/4/2
f 4/4/3 1/1/3 5/5/3
f 5/5/4 1/1/4 6/6/4
f 6/6/5 1/1/5 7/7/5
f 7/7/6 1/1/6 8/8/6
f 8/8/7 1/1/7 9/9/7
f 9/9/8 1/1/8 10/10/8
f 10/10/9 1/1/9 11/11/9
f 11/11/10 1/1/10 12/12/10
f 12/12/11 1/1/11 13/13/11
f 13/13/12 1/1/12 14/14/12
f 14/14/13 1/1/13 15/15/13
f 15/15/14 1/1/14 16/16/14
f 16/16/15 1/1/15 17/17/15
f 17/17/16 1/1/16 18/18/16
f 18/18/17 1/1/17 19/19/17
f 19/19/18 1/1/18 20/20/18
f 20/20/19 1/1/19 21/21/19
f 21/21/20 1/1/20 22/22/20
f 22/22/21 1/1/21 23/23/21
f 23/23/22 1/1/22 24/24/22
f 24/24/23 1/1/23 25/25/23
f 25/25/24 1/1/24 26/26/24
f 26/26/25 1/1/25 27/27/25
f 27/27/26 1/1/26 28/28/26
f 28/28/27 1/1/27 29/29/27
f 29/29/28 1/1/28 30/30/28
f 30/30/29 1/1/29 31/31/29
f 31/31/30 1/1/30 32/32/30
f 32/32/31 1/1/31 33/33/31
f 33/33/32 1/1/32 2/2/32
f 2/2/33 3/3/33 34/34/33
f 3/3/33 35/35/33 34/34/33
f 3/3/34 4/4/34 35/35/34
f 4/4/34 36/36/34 35/35/34
f 4/4/35 5/5/35 36/36/35
f 5/5/35 37/37/35 36/36/35
f 5/5/36 6/6/36 37/37/36
f 6/6/36 38/38/36 37/37/36
f 6/6/37 7/7/37 38/38/37
f 7/7/37 39/39/37 38/38/37
f 7/7/38 8/8/38 39/39/38
f 8/8/38 40/40/38 39/39/38
f 8/8/39 9/9/39 40/40/39
f 9/9/39 41/41/39 40/40/39
f 9/9/40 10/10/40 41/41/40
f 10/10/40 42/42/40 41/41/40
f 10/10/41 11/11/41 42/42/41
f 11/11/41 43/43/41 42/42/41
f 11/11/42 12/12/42 43/43/42
f 12/12/42 44/44/42 43/43/42
f 12/12/43 13/13/43 44/44/43
f 13/13/43 45/45/43 44/44/43
f 13/13/44 14/14/44 45/45/44
f 14/14/44 46/46/44 45/45/44
f 14/14/45 15/15/45 46/46/45
f 15/15/45 47/47/45 46/46/45
f 15/15/46 16/16/46 47/47/46
f 16/16/46 48/48/46 47/47/46
f 16/16/47 17/17/47 48/48/47
f 17/17/47 49/49/47 48/48/47
f 17/17/48 18/18/48 49/49/48
f 18/18/48 50/50/48 49/49/48
f 18/18/49 19/19/49 50/50/49
f 19/19/49 51/51/49 50/50/49
f 19/19/50 20/20/50 51/51/50
f 20/20/50 52/52/50 51/51/50
f 20/20/51 21/21/51 52/52/51
f 21/21/51 53/53/51 52/52/51
f 21/21/52 22/22/52 53/53/52
f 22/22/52 54/54/52 53/53/52
f 22/22/53 23/23/53 54/54/53
f 23/23/53 55/55/53 54/54/53
f 23/23/54 24/24/54 55/55/54
f 24/24/54 56/56/54 55/55/54
f 24/24/55 25/25/55 56/56/55
f 25/25/55 57/57/55 56/56/55
f 25/25/56 26/26/56 57/57/56
f 26/26/56 58/58/56 57/57/56
f 26/26/57 27/27/57 58/58/57
f 27/27/57 59/59/57 58/58/57
f 27/27/58 28/28/58 59/59/58
f 28/28/58 60/60/58 59/59/58
f 28/28/59 29/29/59 60/60/59
f 29/29/59 61/61/59 60/60/59
f 29/29/60 30/30/60 61/61/60
f 30/30/60 62/62/60 61/61/60
f 30/30/61 31/31/61 62/62/61
f 31/31/61 63/63/61 62/62/61
f 31/31/62 32/32/62 63/63/62
f 32/32/62 64/64/62 63/63/62
f 32/32/63 33/33/63 64/64/63
f 33/33/63 65/65/63 64/64/63
f 33/33/64 2/2/64 65/65/64
f 2/2/64 34/34/64 65/65/64
f 34/34/65 35/35/65 66/66/65
f 35/35/65 67/67/65 66/66/65
f 35/35/66 36/36/66 67/67/66
f 36/36/66 68/68/66 67/67/66
f 36/36/67 37/37/67 68/68/67
f 37/37/67 69/69/67 68/68/67
f 37/37/68 38/38/68 69/69/68
f 38/38/68 70/70/68 69/69/68
f 38/38/69 39/39/69 70/70/69
f 39/39/69 71/71/69 70/70/69
f 39/39/70 40/40/70 71/71/70
f 40/40/70 72/72/70 71/71/70
f 40/40/71 41/41/71 72/72/71
f 41/41/71 73/73/71 72/72/71
f 41/41/72 42/42/72 73/73/72
f 42/42/72 74/74/72 73/73/72
f 42/42/73 43/43/73 74/74/73
f 43/43/73 75/75/73 74/74/73
f 43/43/74 44/44/74 75/75/74
f 44/44/74 76/76/74 75/75/74
f 44/44/75 45/45/75 76/76/75
f 45/45/75 77/77/75 76/76/75
f 45/45/76 46/46/76 77/77/76
f 46/46/76 78/78/76 77/77/76
f 46/46/77 47/47/77 78/78/77
f 47/47/77 79/79/77 78/78/77
f 47/47/78 48/48/78 79/79/78
f 48/48/78 80/80/78 79/79/78
f 48/48/79 49/49/79 80/80/79
f 49/49/79 81/81/79 80/80/79
f 49/49/80 50/50/80 81/81/80
f 50/50/80 82/82/80 81/81/80
f 50/50/81 51/51/81 82/82/81
f 51/51/81 83/83/81 82/82/81
f 51/51/82 52/52/82 83/83/82
f 52/52/82 84/84/82 83/83/82
f 52/52/83 53/53/83 84/84/83
f 53/53/83 85/85/83 84/84/83
f 53/53/84 54/54/84 85/85/84
f 54/54/84 86/86/84 85/85/84
f 54/54/85 55/55/85 86/86/85
f 55/55/85 87/87/85 86/86/85
f 55/55/86 56/56/86 87/87/86
f 56/56/86 88/88/86 87/87/86
f 56/56/87 57/57/87 88/88/87
f 57/57/87 89/89/87 88/88/87
f 57/57/88 58/58/88 89/89/88
f 58/58/88 90/90/88 89/89/88
f 58/58/89 59/59/89 90/90/89
f 59/59/89 91/91/89 90/90/89
f 59/59/90 60/60/90 91/91/90
f 60/60/90 92/92/90 91/91/90
f 60/60/91 61/61/91 92/92/91
f 61/61/91 93/93/91 92/92/91
f 61/61/92 62/62/92 93/93/92
f 62/62/92 94/94/92 93/93/92
f 62/62/93 63/63/93 94/94/93
f 63/63/93 95/95/93 94/94/93
f 63/63/94 64/64/94 95/95/94
f 64/64/94 96/96/94 95/95/94
f 64/64/95 65/65/95 96/96/95
f 65/65/95 97/97/95 96/96/95
f 65/65/96 34/34/96 97/97/96
f 34/34/96 66/66/96 97/97/96
f 66/66/97 67/67/97 98/98/97
f 67/67/97 99/99/97 98/98/97
f 67/67/98 68/68/98 99/99/98
f 68/68/98 100/100/98 99/99/98
f 68/68/99 69/69/99 100/100/99
f 69/69/99 101/101/99 100/100/99
f 69/69/100 70/70/100 101/101/100
f 70/70/100 102/102/100 101/101/100
f 70/70/101 71/71/101 102/102/101
f 71/71/101 103/103/101 102/102/101
f 71/71/102 72/72/102 103/103/102
f 72/72/102 104/104/102 103/103/102
f 72/72/103 73/73/103 104/104/103
f 73/73/103 105/105/103 104/104/103
f 73/73/104 74/74/104 105/105/104
f 74/74/104 106/106/104 105/105/104
f 74/74/105 75/75/105 106/106/105
f 75/75/105 107/107/105 106/106/105
f 75/75/106 76/76/106 107/107/106
f 76/76/106 108/108/106 107/107/106
f 76/76/107 77/77/107 108/108/107
f 77/77/107 109/109/107 108/108/107
f 77/77/108 78/78/108 109/109/108
f 78/78/108 110/110/108 109/109/108
f 78/78/109 79/79/109 110/110/109
f 79/79/109 111/111/109 110/110/109
f 79/79/110 80/80/110 111/111/110
f 80/80/110 112/112/110 111/111/110
f 80/80/111 81/81/111 112/112/111
f 81/81/111 113/113/111 112/112/111
f 81/81/112 82/82/112 113/113/112
f 82/82/112 114/114/112 113/113/112
f 82/82/113 83/83/113 114/114/113
f 83/83/113 115/115/113 114/114/113
f 83/83/114 84/84/114 115/115/114
f 84/84/114 116/116/114 115/115/114
f 84/84/115 85/85/115 116/116/115
f 85/85/115 117/117/115 116/116/115
f 85/85/116 86/86/116 117/117/116
f 86/86/116 118/118/116 117/117/116
f 86/86/117 87/87/117 118/118/117
f 87/87/117 119/119/117 118/118/117
f 87/87/118 88/88/118 119/119/118
f 88/88/118 120/120/118 119/119/118
f 88/88/119 89/89/119 120/120/119
f 89/89/119 121/121/119 120/120/119
f 89/89/120 90/90/120 121/121/120
f 90/90/120 122/122/120 121/121/120
f 90/90/121 91/91/121 122/122/121
f 91/91/121 123/123/121 122/122/121
f 91/91/122 92/92/122 123/123/122
f 92/92/122 124/124/122 123/123/122
f 92/92/123 93/93/123 124/124/123
f 93/93/123 125/125/123 124/124/123
f 93/93/124 94/94/124 125/125/124
f 94/94/124 126/126/124 125/125/124
f 94/94/125 95/95/125 126/126/125
f 95/95/125 127/127/125 126/126/125
f 95/95/126 96/96/126 127/127/126
f 96/96/126 128/128/126 127/127/126
f 96/96/127 97/97/127 128/128/127
f 97/97/127 129/129/127 128/128/127
f 97/97/128 66/66/128 129/129/128
f 66/66/128 98/98/128 129/129/128
f 98/98/129 99/99/129 130/130/129
f 99/99/129 131/131/129 130/130/129
f 99/99/130 100/100/130 131/131/130
f 100/100/130 132/132/130 131/131/130
f 100/100/131 101/101/131 132/132/131
f 101/101/131 133/133/131 132/132/131
f 101/101/132 102/102/132 133/133/132
f 102/102/132 134/134/132 133/133/132
f 102/102/133 103/103/133 134/134/133
f 103/103/133 135/135/133 134/134/133
f 103/103/134 104/104/134 135/135/134
f 104/104/134 136/136/134 135/135/134
f 104/104/135 105/105/135 136/136/135
f 105/105/135 137/137/135 136/136/135
f 105/105/136 106/106/136 137/137/136
f 106/106/136 138/138/136 137/137/136
f 106/106/137 107/107/137 138/138/137
f 107/107/137 139/139/137 138/138/137
f 107/107/138 108/108/138 139/139/138
f 108/108/138 140/140/138 139/139/138
f 108/108/139 109/109/139 140/140/139
f 109/109/139 141/141/139 140/140/139
f 109/109/140 110/110/140 141/141/140
f 110/110/140 142/142/140 141/141/140
f 110/110/141 111/111/141 142/142/141
f 111/111/141 143/143/141 142/142/141
f 111/111/142 112/112/142 143/143/142
f 112/112/142 144/144/142 143/143/142
f 112/112/143 113/113/143 144/144/143
f 113/113/143 145/145/143 144/144/143
f 113/113/144 114/114/144 145/145/144
f 114/114/144 146/146/144 145/145/144
f 114/114/145 115/115/145 146/146/145
f 115/115/145 147/147/145 146/146/145
f 115/115/146 116/116/146 147/147/146
f 116/116/146 148/148/146 147/147/146
f 116/116/147 117/117/147 148/148/147
f 117/117/147 149/149/147 148/148/147
f 117/117/148 118/118/148 149/149/148
f 118/118/148 150/150/148 149/149/148
f 118/118/149 119/119/149 150/150/149
f 119/119/149 151/151/149 150/150/149
f 119/119/150 120/120/150 151/151/150
f 120/120/150 152/152/150 151/151/150
f 120/120/151 121/121/151 152/152/151
f 121/121/151 153/153/151 152/152/151
f 121/121/152 122/122/152 153/153/152
f 122/122/152 154/154/152 153/153/152
f 122/122/153 123/123/153 154/154/153
f 123/123/153 155/155/153 154/154/153
f 123/123/154 124/124/154 155/155/154
f 124/124/154 156/156/154 155/155/154
f 124/124/155 125/125/155 156/156/155
f 125/125/155 157/157/155 156/156/155
f 125/125/156 126/126/156 157/157/156
f 126/126/156 158/158/156 157/157/156
f 126/126/157 127/127/157 158/158/157
f 127/127/157 159/159/157 158/158/157
f 127/127/158 128/128/158 159/159/158
f 128/128/158 160/160/158 159/159/158
f 128/128/159 129/129/159 160/160/159
f 129/129/159 161/161/159 160/160/159
f 129/129/160 98/98/160 161/161/160
f 98/98/160 130/130/160 161/161/160
f 130/130/161 131/131/161 162/162/161
f 131/131/161 163/163/161 162/162/161
f 131/131/162 132/132/162 163/163/162
f 132/132/162 164/164/162 163/163/162
f 132/132/163 133/133/163 164/164/163
f 133/133/163 165/165/163 164/164/163
f 133/133/164 134/134/164 165/165/164
f 134/134/164 166/166/164 165/165/164
f 134/134/165 135/135/165 166/166/165
f 135/135/165 167/167/165 166/166/165
f 135/135/166 136/136/166 167/167/166
f 136/136/166 168/168/166 167/167/166
f 136/136/167 137/137/167 168/168/167
f 137/137/167 169/169/167 168/168/167
f 137/137/168 138/138/168 169/169/168
f 138/138/168 170/170/168 169/169/168
f 138/138/169 139/139/169 170/170/169
f 139/139/169 171/171/169 170/170/169
f 139/139/170 140/140/170 171/171/170
f 140/140/170 172/172/170 171/171/170
f 140/140/171 141/141/171 172/172/171
f 141/141/171 173/173/171 172/172/171
f 141/141/172 142/142/172 173/173/172
f 142/142/172 174/174/172 173/173/172
f 142/142/173 143/143/173 174/174/173
f 143/143/173 175/175/173 174/174/173
f 143/143/174 144/144/174 175/175/174
f 144/144/174 176/176/174 175/175/174
f 144/144/175 145/145/175 176/176/175
f 145/145/175 177/177/175 176/176/175
f 145/145/176 146/146/176 177/177/176
f 146/146/176 178/178/176 177/177/176
f 146/146/177 147/147/177 178/178/177
f 147/147/177 179/179/177 178/178/177
f 147/147/178 148/148/178 179/179/178
f 148/148/178 180/180/178 179/179/178
f 148/148/179 149/149/179 180/180/179
f 149/149/179 181/181/179 180/180/179
f 149/149/180 150/150/180 181/181/180
f 150/150/180 182/182/180 181/181/180
f 150/150/181 151/151/181 182/182/181
f 151/151/181 183/183/181 182/182/181
f 151/151/182 152/152/182 183/183/182
f 152/152/182 184/184/182 183/183/182
f 152/152/183 153/153/183 184/184/183
f 153/153/183 185/185/183 184/184/183
f 153/153/184 154/154/184 185/185/184
f 154/154/184 186/186/184 185/185/184
f 154/154/185 155/155/185 186/186/185
f 155/155/185 187/187/185 186/186/185
f 155/155/186 156/156/186 187/187/186
f 156/156/186 188/188/186 187/187/186
f 156/156/187 157/157/187 188/188/187
f 157/157/187 189/189/187 188/188/187
f 157/157/188 158/158/188 189/189/188
f 158/158/188 190/190/188 189/189/188
f 158/158/189 159/159/189 190/190/189
f 159/159/189 191/191/189 190/190/189
f 159/159/190 160/160/190 191/191/190
f 160/160/190 192/192/190 191/191/190
f 160/160/191 161/161/191 192/192/191
f 161/161/191 193/193/191 192/192/191
f 161/161/192 130/130/192 193/193/192
f 130/130/192 162/162/192 193/193/192
f 162/162/193 163/163/193 194/194/193
f 163/163/193 195/195/193 194/194/193
f 163/163/194 164/164/194 195/195/194
f 164/164/194 196/196/194 195/195/194
f 164/164/195 165/165/195 196/196/195
f 165/165/195 197/197/195 196/196/195
f 165/165/196 166/166/196 197/197/196
f 166/166/196 198/198/196 197/197/196
f 166/166/197 167/167/197 198/198/197
f 167/167/197 199/199/197 198/198/197
f 167/167/198 168/168/198 199/199/198
f 168/168/198 200/200/198 199/199/198
f 168/168/199 169/169/199 200/200/199
f 169/169/199 201/201/199 200/200/199
f 169/169/200 170/170/200 201/201/200
f 170/170/200 202/202/200 201/201/200
f 170/170/201 171/171/201 202/202/201
f 171/171/201 203/203/201 202/202/201
f 171/171/202 172/172/202 203/203/202
f 172/172/202 204/204/202 203/203/202
f 172/172/203 173/173/203 204/204/203
f 173/173/203 205/205/203 204/204/203
f 173/173/204 174/174/204 205/205/204
f 174/174/204 206/206/204 205/205/204
f 174/174/205 175/175/205 206/206/205
f 175/175/205 207/207/205 206/206/205
f 175/175/206 176/176/206 207/207/206
f 176/176/206 208/208/206 207/207/206
f 176/176/207 177/177/207 208/208/207
f 177/177/207 209/209/207 208/208/207
f 177/177/208 178/178/208 209/209/208
f 178/178/208 210/210/208 209/209/208
f 178/178/209 179/179/209 210/210/209
f 179/179/209 211/211/209 210/210/209
f 179/179/210 180/180/210 211/211/210
f 180/180/210 212/212/210 211/211/210
f 180/180/211 181/181/211 212/212/211
f 181/181/211 213/213/211 212/212/211
f 181/181/212 182/182/212 213/213/212
f 182/182/212 214/214/212 213/213/212
f 182/182/213 183/183/213 214/214/213
f 183/183/213 215/215/213 214/214/213
f 183/183/214 184/184/214 215/215/214
f 184/184/214 216/216/214 215/215/214
f 184/184/215 185/185/215 216/216/215
f 185/185/215 217/217/215 216/216/215
f 185/185/216 186/186/216 217/217/216
f 186/186/216 218/218/216 217/217/216
f 186/186/217 187/187/217 218/218/217
f 187/187/217 219/219/217 218/218/217
f 187/187/218 188/188/218 219/219/218
f 188/188/218 220/220/218 219/219/218
f 188/188/219 189/189/219 220/220/219
f 189/189/219 221/221/219 220/220/219
f 189/189/220 190/190/220 221/221/220
f 190/190/220 222/222/220 221/221/220
f 190/190/221 191/191/221 222/222/221
f 191/191/221 223/223/221 222/222/221
f 191/191/222 192/192/222 223/223/222
f 192/192/222 224/224/222 223/223/222
f 192/192/223 193/193/223 224/224/223
f 193/193/223 225/225/223 224/224/223
f 193/193/224 162/162/224 225/225/224
f 162/162/224 194/194/224 225/225/224
f 194/194/225 195/195/225 226/226/225
f 195/195/225 227/227/225 226/226/225
f 195/195/226 196/196/226 227/227/226
f 196/196/226 228/228/226 227/227/226
f 196/196/227 197/197/227 228/228/227
f 197/197/227 229/229/227 228/228/227
f 197/197/228 198/198/228 229/229/228
f 198/198/228 230/230/228 229/229/228
f 198/198/229 199/199/229 230/230/229
f 199/199/229 231/231/229 230/230/229
f 199/199/230 200/200/230 231/231/230
f 200/200/230 232/232/230 231/231/230
f 200/200/231 201/201/231 232/232/231
f 201/201/231 233/233/231 232/232/231
f 201/201/232 202/202/232 233/233/232
f 202/202/232 234/234/232 233/233/232
f 202/202/233 203/203/233 234/234/233
f 203/203/233 235/235/233 234/234/233
f 203/203/234 204/204/234 235/235/234
f 204/204/234 236/236/234 235/235/234
f 204/204/235 205/205/235 236/236/235
f 205/205/235 237/237/235 236/236/235
f 205/205/236 206/206/236 237/237/236
f 206/206/236 238/238/236 237/237/236
f 206/206/237 207/207/237 238/238/237
f 207/207/237 239/239/237 238/238/237
f 207/207/238 208/208/238 239/239/238
f 208/208/238 240/240/238 239/239/238
f 208/208/239 209/209/239 240/240/239
f 209/209/239 241/241/239 240/240/239
f 209/209/240 210/210/240 241/241/240
f 210/210/240 242/242/240 241/241/240
f 210/210/241 211/211/241 242/242/241
f 211/211/241 243/243/241 242/242/241
f 211/211/242 212/212/242 243/243/242
f 212/212/242 244/244/242 243/243/242
f 212/212/243 213/213/243 244/244/243
f 213/213/243 245/245/243 244/244/243
f 213/213/244 214/214/244 245/245/244
f 214/214/244 246/246/244 245/245/244
f 214/214/245 215/215/245 246/246/245
f 215/215/245 247/247/245 246/246/245
f 215/215/246 216/216/246 247/247/246
f 216/216/246 248/248/246 247/247/246
f 216/216/247 217/217/247 248/248/247
f 217/217/247 249/249/247 248/248/247
f 217/217/248 218/218/248 249/249/248
f 218/218/248 250/250/248 249/249/248
f 218/218/249 219/219/249 250/250/249
f 219/219/249 251/251/249 250/250/249
f 219/219/250 220/220/250 251/251/250
f 220/220/250 252/252/250 251/251/250
f 220/220/251 221/221/251 252/252/251
f 221/221/251 253/253/251 252/252/251
f 221/221/252 222/222/252 253/253/252
f 222/222/252 254/254/252 253/253/252
f 222/222/253 223/223/253 254/254/253
f 223/223/253 255/255/253 254/254/253
f 223/223/254 224/224/254 255/255/254
f 224/224/254 256/256/254 255/255/254
f 224/224/255 225/225/255 256/256/255
f 225/225/255 257/257/255 256/256/255
f 225/225/256 194/194/256 257/257/256
f 194/194/256 226/226/256 257/257/256
f 226/226/257 227/227/257 258/258/257
f 227/227/257 259/259/257 258/258/257
f 227/227/258 228/228/258 259/259/258
f 228/228/258 260/260/258 259/259/258
f 228/228/259 229/229/259 260/260/259
f 229/229/259 261/261/259 260/260/259
f 229/229/260 230/230/260 261/261/260
f 230/230/260 262/262/260 261/261/260
f 230/230/261 231/231/261 262/262/261
f 231/231/261 263/263/261 262/262/261
f 231/231/262 232/232/262 263/263/262
f 232/232/262 264/264/262 263/263/262
f 232/232/263 233/233/263 264/264/263
f 233/233/263 265/265/263 264/264/263
f 233/233/264 234/234/264 265/265/264
f 234/234/264 266/266/264 265/265/264
f 234/234/265 235/235/265 266/266/265
f 235/235/265 267/267/265 266/266/265
f 235/235/266 236/236/266 267/267/266
f 236/236/266 268/268/266 267/267/266
f 236/236/267 237/237/267 268/268/267
f 237/237/267 269/269/267 268/268/267
f 237/237/268 238/238/268 269/269/268
f 238/238/268 270/270/268 269/269/268
f 238/238/269 239/239/269 270/270/269
f 239/239/269 271/271/269 270/270/269
f 239/239/270 240/240/270 271/271/270
f 240/240/270 272/272/270 271/271/270
f 240/240/271 241/241/271 272/272/271
f 241/241/271 273/273/271 272/272/271
f 241/241/272 242/242/272 273/273/272
f 242/242/272 274/274/272 273/273/272
f 242/242/273 243/243/273 274/274/273
f 243/243/273 275/275/273 274/274/273
f 243/243/274 244/244/274 275/275/274
f 244/244/274 276/276/274 275/275/274
f 244/244/275 245/245/275 276/276/275
f 245/245/275 277/277/275 276/276/275
f 245/245/276 246/246/276 277/277/276
f 246/246/276 278/278/276 277/277/276
f 246/246/277 247/247/277 278/278/277
f 247/247/277 279/279/277 278/278/277
f 247/247/278 248/248/278 279/279/278
f 248/248/278 280/280/278 279/279/278
f 248/248/279 249/249/279 280/280/279
f 249/249/279 281/281/279 280/280/279
f 249/249/280 250/250/280 281/281/280
f 250/250/280 282/282/280 281/281/280
f 250/250/281 251/251/281 282/282/281
f 251/251/281 283/283/281 282/282/281
f 251/251/282 252/252/282 283/283/282
f 252/252/282 284/284/282 283/283/282
f 252/252/283 253/253/283 284/284/283
f 253/253/283 285/285/283 284/284/283
f 253/253/284 254/254/284 285/285/284
f 254/254/284 286/286/284 285/285/284
f 254/254/285 255/255/285 286/286/285
f 255/255/285 287/287/285 286/286/285
f 255/255/286 256/256/286 287/287/286
f 256/256/286 288/288/286 287/287/286
f 256/256/287 257/257/287 288/288/287
f 257/257/287 289/289/287 288/288/287
f 257/257/288 226/226/288 289/289/288
f 226/226/288 258/258/288 289/289/288
f 258/258/289 259/259/289 290/290/289
f 259/259/289 291/291/289 290/290/289
f 259/259/290 260/260/290 291/291/290
f 260/260/290 292/292/290 291/291/290
f 260/260/291 261/261/291 292/292/291
f 261/261/291 293/293/291 292/292/291
f 261/261/292 262/262/292 293/293/292
f 262/262/292 294/294/292 293/293/292
f 262/262/293 263/263/293 294/294/293
f 263/263/293 295/295/293 294/294/293
f 263/263/294 264/264/294 295/295/294
f 264/264/294 296/296/294 295/295/294
f 264/264/295 265/265/295 296/296/295
f 265/265/295 297/297/295 296/296/295
f 265/265/296 266/266/296 297/297/296
f 266/266/296 298/298/296 297/297/296
f 266/266/297 267/267/297 298/298/297
f 267/267/297 299/299/297 298/298/297
f 267/267/298 268/268/298 299/299/298
f 268/268/298 300/300/298 299/299/298
f 268/268/299 269/269/299 300/300/299
f 269/269/299 301/301/299 300/300/299
f 269/269/300 270/270/300 301/301/300
f 270/270/300 302/302/300 301/301/300
f 270/270/301 271/271/301 302/302/301
f 271/271/301 303/303/301 302/302/301
f 271/271/302 272/272/302 303/303/302
f 272/272/302 304/304/302 303/303/302
f 272/272/303 273/273/303 304/304/303
f 273/273/303 305/305/303 304/304/303
f 273/273/304 274/274/304 305/305/304
f 274/274/304 306/306/304 305/305/304
f 274/274/305 275/275/305 306/306/305
f 275/275/305 307/307/305 306/306/305
f 275/275/306 276/276/306 307/307/306
f 276/276/306 308/308/306 307/307/306
f 276/276/307 277/277/307 308/308/307
f 277/277/307 309/309/307 308/308/307
f 277/277/308 278/278/308 309/309/308
f 278/278/308 310/310/308 309/309/308
f 278/278/309 279/279/309 310/310/309
f 279/279/309 311/311/309 310/310/309
f 279/279/310 280/280/310 311/311/310
f 280/280/310 312/312/310 311/311/310
f 280/280/311 281/281/311 312/312/311
f 281/281/311 313/313/311 312/312/311
f 281/281/312 282/282/312 313/313/312
f 282/282/312 314/314/312 313/313/312
f 282/282/313 283/283/313 314/314/313
f 283/283/313 315/315/313 314/314/313
f 283/283/314 284/284/314 315/315/314
f 284/284/314 316/316/314 315/315/314
f 284/284/315 285/285/315 316/316/315
f 285/285/315 317/317/315 316/316/315
f 285/285/316 286/286/316 317/317/316
f 286/286/316 318/318/316 317/317/316
f 286/286/317 287/287/317 318/318/317
f 287/287/317 319/319/317 318/318/317
f 287/287/318 288/288/318 319/319/318
f 288/288/318 320/320/318 319/319/318
f 288/288/319 289/289/319 320/320/319
f 289/289/319 321/321/319 320/320/319
f 289/289/320 258/258/320 321/321/320
f 258/258/320 290/290/320 321/321/320
f 290/290/321 291/291/321 322/322/321
f 291/291/321 323/323/321 322/322/321
f 291/291/322 292/292/322 323/323/322
f 292/292/322 324/324/322 323/323/322
f 292/292/323 293/293/323 324/324/323
f 293/293/323 325/325/323 324/324/323
f 293/293/324 294/294/324 325/325/324
f 294/294/324 326/326/324 325/325/324
f 294/294/325 295/295/325 326/326/325
f 295/295/325 327/327/325 326/326/325
f 295/295/326 296/296/326 327/327/326
f 296/296/326 328/328/326 327/327/326
f 296/296/327 297/297/327 328/328/327
f 297/297/327 329/329/327 328/328/327
f 297/297/328 298/298/328 329/329/328
f 298/298/328 330/330/328 329/329/328
f 298/298/329 299/299/329 330/330/329
f 299/299/329 331/331/329 330/330/329
f 299/299/330 300/300/330 331/331/330
f 300/300/330 332/332/330 331/331/330
f 300/300/331 301/301/331 332/332/331
f 301/301/331 333/333/331 332/332/331
f 301/301/332 302/302/332 333/333/332
f 302/302/332 334/334/332 333/333/332
f 302/302/333 303/303/333 334/334/333
f 303/303/333 335/335/333 334/334/333
f 303/303/334 304/304/334 335/335/334
f 304/304/334 336/336/334 335/335/334
f 304/304/335 305/305/335 336/336/335
f 305/305/335 337/337/335 336/336/335
f 305/305/336 306/306/336 337/337/336
f 306/306/336 338/338/336 337/337/336
f 306/306/337 307/307/337 338/338/337
f 307/307/337 339/339/337 338/338/337
f 307/307/338 308/308/338 339/339/338
f 308/308/338 340/340/338 339/339/338
f 308/308/339 309/309/339 340/340/339
f 309/309/339 341/341/339 340/340/339
f 309/309/340 310/310/340 341/341/340
f 310/310/340 342/342/340 341/341/340
f 310/310/341 311/311/341 342/342/341
f 311/311/341 343/343/341 342/342/341
f 311/311/342 312/312/342 343/343/342
f 312/312/342 344/344/342 343/343/342
f 312/312/343 313/313/343 344/344/343
f 313/313/343 345/345/343 344/344/343
f 313/313/344 314/314/344 345/345/344
f 314/314/344 346/346/344 345/345/344
f 314/314/345 315/315/345 346/346/345
f 315/315/345 347/347/345 346/346/345
f 315/315/346 316/316/346 347/347/346
f 316/316/346 348/348/346 347/347/346
f 316/316/347 317/317/347 348/348/347
f 317/317/347 349/349/347 348/348/347
f 317/317/348 318/318/348 349/349/348
f 318/318/348 350/350/348 349/349/348
f 318/318/349 319/319/349 350/350/349
f 319/319/349 351/351/349 350/350/349
f 319/319/350 320/320/350 351/351/350
f 320/320/350 352/352/350 351/351/350
f 320/320/351 321/321/351 352/352/351
f 321/321/351 353/353/351 352/352/351
f 321/321/352 290/290/352 353/353/352
f 290/290/352 322/322/352 353/353/352
f 322/322/353 323/323/353 354/354/353
f 323/323/353 355/355/353 354/354/353
f 323/323/354 324/324/354 355/355/354
f 324/324/354 356/356/354 355/355/354
f 324/324/355 325/325/355 356/356/355
f 325/325/355 357/357/355 356/356/355
f 325/325/356 326/326/356 357/357/356
f 326/326/356 358/358/356 357/357/356
f 326/326/357 327/327/357 358/358/357
f 327/327/357 359/359/357 358/358/357
f 327/327/358 328/328/358 359/359/358
f 328/328/358 360/360/358 359/359/358
f 328/328/359 329/329/359 360/360/359
f 329/329/359 361/361/359 360/360/359
f 329/329/360 330/330/360 361/361/360
f 330/330/360 362/362/360 361/361/360
f 330/330/361 331/331/361 362/362/361
f 331/331/361 363/363/361 362/362/361
f 331/331/362 332/332/362 363/363/362
f 332/332/362 364/364/362 363/363/362
f 332/332/363 333/333/363 364/364/363
f 333/333/363 365/365/363 364/364/363
f 333/333/364 334/334/364 365/365/364
f 334/334/364 366/366/364 365/365/364
f 334/334/365 335/335/365 366/366/365
f 335/335/365 367/367/365 366/366/365
f 335/335/366 336/336/366 367/367/366
f 336/336/366 368/368/366 367/367/366
f 336/336/367 337/337/367 368/368/367
f 337/337/367 369/369/367 368/368/367
f 337/337/368 338/338/368 369/369/368
f 338/338/368 370/370/368 369/369/368
f 338/338/369 339/339/369 370/370/369
f 339/339/369 371/371/369 370/370/369
f 339/339/370 340/340/370 371/371/370
f 340/340/370 372/372/370 371/371/370
f 340/340/371 341/341/371 372/372/371
f 341/341/371 373/373/371 372/372/371
f 341/341/372 342/342/372 373/373/372
f 342/342/372 374/374/372 373/373/372
f 342/342/373 343/343/373 374/374/373
f 343/343/373 375/375/373 374/374/373
f 343/343/374 344/344/374 375/375/374
f 344/344/374 376/376/374 375/375/374
f 344/344/375 345/345/375 376/376/375
f 345/345/375 377/377/375 376/376/375
f 345/345/376 346/346/376 377/377/376
f 346/346/376 378/378/376 377/377/376
f 346/346/377 347/347/377 378/378/377
f 347/347/377 379/379/377 378/378/377
f 347/347/378 348/348/378 379/379/378
f 348/348/378 380/380/378 379/379/378
f 348/348/379 349/349/379 380/380/379
f 349/349/379 381/381/379 380/380/379
f 349/349/380 350/350/380 381/381/380
f 350/350/380 382/382/380 381/381/380
f 350/350/381 351/351/381 382/382/381
f 351/351/381 383/383/381 382/382/381
f 351/351/382 352/352/382 383/383/382
f 352/352/382 384/384/382 383/383/382
f 352/352/383 353/353/383 384/384/383
f 353/353/383 385/385/383 384/384/383
f 353/353/384 322/322/384 385/385/384
f 322/322/384 354/354/384 385/385/384
f 354/354/385 355/355/385 386/386/385
f 355/355/385 387/387/385 386/386/385
f 355/355/386 356/356/386 387/387/386
f 356/356/386 388/388/386 387/387/386
f 356/356/387 357/357/387 388/388/387
f 357/357/387 389/389/387 388/388/387
f 357/357/388 358/358/388 389/389/388
f 358/358/388 390/390/388 389/389/388
f 358/358/389 359/359/389 390/390/389
f 359/359/389 391/391/389 390/390/389
f 359/359/390 360/360/390 391/391/390
f 360/360/390 392/392/390 391/391/390
f 360/360/391 361/361/391 392/392/391
f 361/361/391 393/393/391 392/392/391
f 361/361/392 362/362/392 393/393/392
f 362/362/392 394/394/392 393/393/392
f 362/362/393 363/363/393 394/394/393
f 363/363/393 395/395/393 394/394/393
f 363/363/394 364/364/394 395/395/394
f 364/364/394 396/396/394 395/395/394
f 364/364/395 365/365/395 396/396/395
f 365/365/395 397/397/395 396/396/395
f 365/365/396 366/366/396 397/397/396
f 366/366/396 398/398/396 397/397/396
f 366/366/397 367/367/397 398/398/397
f 367/367/397 399/399/397 398/398/397
f 367/367/398 368/368/398 399/399/398
f 368/368/398 400/400/398 399/399/398
f 368/368/399 369/369/399 400/400/399
f 369/369/399 401/401/399 400/400/399
f 369/369/400 370/370/400 401/401/400
f 370/370/400 402/402/400 401/401/400
f 370/370/401 371/371/401 402/402/401
f 371/371/401 403/403/401 402/402/401
f 371/371/402 372/372/402 403/403/402
f 372/372/402 404/404/402 403/403/402
f 372/372/403 373/373/403 404/404/403
f 373/373/403 405/405/403 404/404/403
f 373/373/404 374/374/404 405/405/404
f 374/374/404 406/406/404 405/405/404
f 374/374/405 375/375/405 406/406/405
f 375/375/405 407/407/405 406/406/405
f 375/375/406 376/376/406 407/407/406
f 376/376/406 408/408/406 407/407/406
f 376/376/407 377/377/407 408/408/407
f 377/377/407 409/409/407 408/408/407
f 377/377/408 378/378/408 409/409/408
f 378/378/408 410/410/408 409/409/408
f 378/378/409 379/379/409 410/410/409
f 379/379/409 411/411/409 410/410/409
f 379/379/410 380/380/410 411/411/410
f 380/380/410 412/412/410 411/411/410
f 380/380/411 381/381/411 412/412/411
f 381/381/411 413/413/411 412/412/411
f 381/381/412 382/382/412 413/413/412
f 382/382/412 414/414/412 413/413/412
f 382/382/413 383/383/413 414/414/413
f 383/383/413 415/415/413 414/414/413
f 383/383/414 384/384/414 415/415/414
f 384/384/414 416/416/414 415/415/414
f 384/384/415 385/385/415 416/416/415
f 385/385/415 417/417/415 416/416/415
f 385/385/416 354/354/416 417/417/416
f 354/354/416 386/386/416 417/417/416
f 386/386/417 387/387/417 418/418/417
f 387/387/417 419/419/417 418/418/417
f 387/387/418 388/388/418 419/419/418
f 388/388/418 420/420/418 419/419/418
f 388/388/419 389/389/419 420/420/419
f 389/389/419 421/421/419 420/420/419
f 389/389/420 390/390/420 421/421/420
f 390/390/420 422/422/420 421/421/420
f 390/390/421 391/391/421 422/422/421
f 391/391/421 423/423/421 422/422/421
f 391/391/422 392/392/422 423/423/422
f 392/392/422 424/424/422 423/423/422
f 392/392/423 393/393/423 424/424/423
f 393/393/423 425/425/423 424/424/423
f 393/393/424 394/394/424 425/425/424
f 394/394/424 426/426/424 425/425/424
f 394/394/425 395/395/425 426/426/425
f 395/395/425 427/427/425 426/426/425
f 395/395/426 396/396/426 427/427/426
f 396/396/426 428/428/426 427/427/426
f 396/396/427 397/397/427 428/428/427
f 397/397/427 429/429/427 428/428/427
f 397/397/428 398/398/428 429/429/428
f 398/398/428 430/430/428 429/429/428
f 398/398/429 399/399/429 430/430/429
f 399/399/429 431/431/429 430/430/429
f 399/399/430 400/400/430 431/431/430
f 400/400/430 432/432/430 431/431/430
f 400/400/431 401/401/431 432/432/431
f 401/401/431 433/433/431 432/432/431
f 401/401/432 402/402/432 433/433/432
f 402/402/432 434/434/432 433/433/432
f 402/402/433 403/403/433 434/434/433
f 403/403/433 435/435/433 434/434/433
f 403/403/434 404/404/434 435/435/434
f 404/404/434 436/436/434 435/435/434
f 404/404/435 405/405/435 436/436/435
f 405/405/435 437/437/435 436/436/435
f 405/405/436 406/406/436 437/437/436
f 406/406/436 438/438/436 437/437/436
f 406/406/437 407/407/437 438/438/437
f 407/407/437 439/439/437 438/438/437
f 407/407/438 408/408/438 439/439/438
f 408/408/438 440/440/438 439/439/438
f 408/408/439 409/409/439 440/440/439
f 409/409/439 441/441/439 440/440/439
f 409/409/440 410/410/440 441/441/440
f 410/410/440 442/442/440 441/441/440
f 410/410/441 411/411/441 442/442/441
f 411/411/441 443/443/441 442/442/441
f 411/411/442 412/412/442 443/443/442
f 412/412/442 444/444/442 443/443/442
f 412/412/443 413/413/443 444/444/443
f 413/413/443 445/445/443 444/444/443
f 413/413/444 414/414/444 445/445/444
f 414/414/444 446/446/444 445/445/444
f 414/414/445 415/415/445 446/446/445
f 415/415/445 447/447/445 446/446/445
f 415/415/446 416/416/446 447/447/446
f 416/416/446 448/448/446 447/447/446
f 416/416/447 417/417/447 448/448/447
f 417/417/447 449/449/447 448/448/447
f 417/417/448 386/386/448 449/449/448
f 386/386/448 418/418/448 449/449/448
f 418/418/449 419/419/449 450/450/449
f 419/419/449 451/451/449 450/450/449
f 419/419/450 420/420/450 451/451/450
f 420/420/450 452/452/450 451/451/450
f 420/420/451 421/421/451 452/452/451
f 421/421/451 453/453/451 452/452/451
f 421/421/452 422/422/452 453/453/452
f 422/422/452 454/454/452 453/453/452
f 422/422/453 423/423/453 454/454/453
f 423/423/453 455/455/453 454/454/453
f 423/423/454 424/424/454 455/455/454
f 424/424/454 456/456/454 455/455/454
f 424/424/455 425/425/455 456/456/455
f 425/425/455 457/457/455 456/456/455
f 425/425/456 426/426/456 457/457/456
f 426/426/456 458/458/456 457/457/456
f 426/426/457 427/427/457 458/458/457
f 427/427/457 459/459/457 458/458/457
f 427/427/458 428/428/458 459/459/458
f 428/428/458 460/460/458 459/459/458
f 428/428/459 429/429/459 460/460/459
f 429/429/459 461/461/459 460/460/459
f 429/429/460 430/430/460 461/461/460
f 430/430/460 462/462/460 461/461/460
f 430/430/461 431/431/461 462/462/461
f 431/431/461 463/463/461 462/462/461
f 431/431/462 432/432/462 463/463/462
f 432/432/462 464/464/462 463/463/462
f 432/432/463 433/433/463 464/464/463
f 433/433/463 465/465/463 464/464/463
f 433/433/464 434/434/464 465/465/464
f 434/434/464 466/466/464 465/465/464
f 434/434/465 435/435/465 466/466/465
f 435/435/465 467/467/465 466/466/465
f 435/435/466 436/436/466 467/467/466
f 436/436/466 468/468/466 467/467/466
f 436/436/467 437/437/467 468/468/467
f 437/437/467 469/469/467 468/468/467
f 437/437/468 438/438/468 469/469/468
f 438/438/468 470/470/468 469/469/468
f 438/438/469 439/439/469 470/470/469
f 439/439/469 471/471/469 470/470/469
f 439/439/470 440/440/470 471/471/470
f 440/440/470 472/472/470 471/471/470
f 440/440/471 441/441/471 472/472/471
f 441/441/471 473/473/471 472/472/471
f 441/441/472 442/442/472 473/473/472
f 442/442/472 474/474/472 473/473/472
f 442/442/473 443/443/473 474/474/473
f 443/443/473 475/475/473 474/474/473
f 443/443/474 444/444/474 475/475/474
f 444/444/474 476/476/474 475/475/474
f 444/444/475 445/445/475 476/476/475
f 445/445/475 477/477/475 476/476/475
f 445/445/476 446/446/476 477/477/476
f 446/446/476 478/478/476 477/477/476
f 446/446/477 447/447/477 478/478/477
f 447/447/477 479/479/477 478/478/477
f 447/447/478 448/448/478 479/479/478
f 448/448/478 480/480/478 479/479/478
f 448/448/479 449/449/479 480/480/479
f 449/449/479 481/481/479 480/480/479
f 449/449/480 418/418/480 481/481/480
f 418/418/480 450/450/480 481/481/480
f 450/450/481 451/451/481 482/482/481
f 451/451/481 483/483/481 482/482/481
f 451/451/482 452/452/482 483/483/482
f 452/452/482 484/484/482 483/483/482
f 452/452/483 453/453/483 484/484/483
f 453/453/483 485/485/483 484/484/483
f 453/453/484 454/454/484 485/485/484
f 454/454/484 486/486/484 485/485/484
f 454/454/485 455/455/485 486/486/485
f 455/455/485 487/487/485 486/486/485
f 455/455/486 456/456/486 487/487/486
f 456/456/486 488/488/486 487/487/486
f 456/456/487 457/457/487 488/488/487
f 457/457/487 489/489/487 488/488/487
f 457/457/488 458/458/488 489/489/488
f 458/458/488 490/490/488 489/489/488
f 458/458/489 459/459/489 490/490/489
f 459/459/489 491/491/489 490/490/489
f 459/459/490 460/460/490 491/491/490
f 460/460/490 492/492/490 491/491/490
f 460/460/491 461/461/491 492/492/491
f 461/461/491 493/493/491 492/492/491
f 461/461/492 462/462/492 493/493/492
f 462/462/492 494/494/492 493/493/492
f 462/462/493 463/463/493 494/494/493
f 463/463/493 495/495/493 494/494/493
f 463/463/494 464/464/494 495/495/494
f 464/464/494 496/496/494 495/495/494
f 464/464/495 465/465/495 496/496/495
f 465/465/495 497/497/495 496/496/495
f 465/465/496 466/466/496 497/497/496
f 466/466/496 498/498/496 497/497/496
f 466/466/497 467/467/497 498/498/497
f 467/467/497 499/499/497 498/498/497
f 467/467/498 468/468/498 499/499/498
f 468/468/498 500/500/498 499/499/498
f 468/468/499 469/469/499 500/500/499
f 469/469/499 501/501/499 500/500/499
f 469/469/500 470/470/500 501/501/500
f 470/470/500 502/502/500 501/501/500
f 470/470/501 471/471/501 502/502/501
f 471/471/501 503/503/501 502/502/501
f 471/471/502 472/472/502 503/503/502
f 472/472/502 504/504/502 503/503/502
f 472/472/503 473/473/503 504/504/503
f 473/473/503 505/505/503 504/504/503
f 473/473/504 474/474/504 505/505/504
f 474/474/504 506/506/504 505/505/504
f 474/474/505 475/475/505 506/506/505
f 475/475/505 507/507/505 506/506/505
f 475/475/506 476/476/506 507/507/506
f 476/476/506 508/508/506 507/507/506
f 476/476/507 477/477/507 508/508/507
f 477/477/507 509/509/507 508/508/507
f 477/477/508 478/478/508 509/509/508
f 478/478/508 510/510/508 509/509/508
f 478/478/509 479/479/509 510/510/509
f 479/479/509 511/511/509 510/510/509
f 479/479/510 480/480/510 511/511/510
f 480/480/510 512/512/510 511/511/510
f 480/480/511 481/481/511 512/512/511
f 481/481/511 513/513/511 512/512/511
f 481/481/512 450/450/512 513/513/512
f 450/450/512 482/482/512 513/513/512
f 482/482/513 483/483/513 514/514/513
f 483/483/513 515/515/513 514/514/513
f 483/483/514 484/484/514 515/515/514
f 484/484/514 516/516/514 515/515/514
f 484/484/515 485/485/515 516/516/515
f 485/485/515 517/517/515 516/516/515
f 485/485/516 486/486/516 517/517/516
f 486/486/516 518/518/516 517/517/516
f 486/486/517 487/487/517 518/518/517
f 487/487/517 519/519/517 518/518/517
f 487/487/518 488/488/518 519/519/518
f 488/488/518 520/520/518 519/519/518
f 488/488/519 489/489/519 520/520/519
f 489/489/519 521/521/519 520/520/519
f 489/489/520 490/490/520 521/521/520
f 490/490/520 522/522/520 521/521/520
f 490/490/521 491/491/521 522/522/521
f 491/491/521 523/523/521 522/522/521
f 491/491/522 492/492/522 523/523/522
f 492/492/522 524/524/522 523/523/522
f 492/492/523 493/493/523 524/524/523
f 493/493/523 525/525/523 524/524/523
f 493/493/524 494/494/524 525/525/524
f 494/494/524 526/526/524 525/525/524
f 494/494/525 495/495/525 526/526/525
f 495/495/525 527/527/525 526/526/525
f 495/495/526 496/496/526 527/527/526
f 496/496/526 528/528/526 527/527/526
f 496/496/527 497/497/527 528/528/527
f 497/497/527 529/529/527 528/528/527
f 497/497/528 498/498/528 529/529/528
f 498/498/528 530/530/528 529/529/528
f 498/498/529 499/499/529 530/530/529
f 499/499/529 531/531/529 530/530/529
f 499/499/530 500/500/530 531/531/530
f 500/500/530 532/532/530 531/531/530
f 500/500/531 501/501/531 532/532/531
f 501/501/531 533/533/531 532/532/531
f 501/501/532 502/502/532 533/533/532
f 502/502/532 534/534/532 533/533/532
f 502/502/533 503/503/533 534/534/533
f 503/503/533 535/535/533 534/534/533
f 503/503/534 504/504/534 535/535/534
f 504/504/534 536/536/534 535/535/534
f 504/504/535 505/505/535 536/536/535
f 505/505/535 537/537/535 536/536/535
f 505/505/536 506/506/536 537/537/536
f 506/506/536 538/538/536 537/537/536
f 506/506/537 507/507/537 538/538/537
f 507/507/537 539/539/537 538/538/537
f 507/507/538 508/508/538 539/539/538
f 508/508/538 540/540/538 539/539/538
f 508/508/539 509/509/539 540/540/539
f 509/509/539 541/541/539 540/540/539
f 509/509/540 510/510/540 541/541/540
f 510/510/540 542/542/540 541/541/540
f 510/510/541 511/511/541 542/542/541
f 511/511/541 543/543/541 542/542/541
f 511/511/542 512/512/542 543/543/542
f 512/512/542 544/544/542 543/543/542
f 512/512/543 513/513/543 544/544/543
f 513/513/543 545/545/543 544/544/543
f 513/513/544 482/482/544 545/545/544
f 482/482/544 514/514/544 545/545/544
f 514/514/545 515/515/545 546/546/545
f 515/515/545 547/547/545 546/546/545
f 515/515/546 516/516/546 547/547/546
f 516/516/546 548/548/546 547/547/546
f 516/516/547 517/517/547 548/548/547
f 517/517/547 549/549/547 548/548/547
f 517/517/548 518/518/548 549/549/548
f 518/518/548 550/550/548 549/549/548
f 518/518/549 519/519/549 550/550/549
f 519/519/549 551/551/549 550/550/549
f 519/519/550 520/520/550 551/551/550
f 520/520/550 552/552/550 551/551/550
f 520/520/551 521/521/551 552/552/551
f 521/521/551 553/553/551 552/552/551
f 521/521/552 522/522/552 553/553/552
f 522/522/552 554/554/552 553/553/552
f 522/522/553 523/523/553 554/554/553
f 523/523/553 555/555/553 554/554/553
f 523/523/554 524/524/554 555/555/554
f 524/524/554 556/556/554 555/555/554
f 524/524/555 525/525/555 556/556/555
f 525/525/555 557/557/555 556/556/555
f 525/525/556 526/526/556 557/557/556
f 526/526/556 558/558/556 557/557/556
f 526/526/557 527/527/557 558/558/557
f 527/527/557 559/559/557 558/558/557
f 527/527/558 528/528/558 559/559/558
f 528/528/558 560/560/558 559/559/558
f 528/528/559 529/529/559 560/560/559
f 529/529/559 561/561/559 560/560/559
f 529/529/560 530/530/560 561/561/560
f 530/530/560 562/562/560 561/561/560
f 530/530/561 531/531/561 562/562/561
f 531/531/561 563/563/561 562/562/561
f 531/531/562 532/532/562 563/563/562
f 532/532/562 564/564/562 563/563/562
f 532/532/563 533/533/563 564/564/563
f 533/533/563 565/565/563 564/564/563
f 533/533/564 534/534/564 565/565/564
f 534/534/564 566/566/564 565/565/564
f 534/534/565 535/535/565 566/566/565
f 535/535/565 567/567/565 566/566/565
f 535/535/566 536/536/566 567/567/566
f 536/536/566 568/568/566 567/567/566
f 536/536/567 537/537/567 568/568/567
f 537/537/567 569/569/567 568/568/567
f 537/537/568 538/538/568 569/569/568
f 538/538/568 570/570/568 569/569/568
f 538/538/569 539/539/569 570/570/569
f 539/539/569 571/571/569 570/570/569
f 539/539/570 540/540/570 571/571/570
f 540/540/570 572/572/570 571/571/570
f 540/540/571 541/541/571 572/572/571
f 541/541/571 573/573/571 572/572/571
f 541/541/572 542/542/572 573/573/572
f 542/542/572 574/574/572 573/573/572
f 542/542/573 543/543/573 574/574/573
f 543/543/573 575/575/573 574/574/573
f 543/543/574 544/544/574 575/575/574
f 544/544/574 576/576/574 575/575/574
f 544/544/575 545/545/575 576/576/575
f 545/545/575 577/577/575 576/576/575
f 545/545/576 514/514/576 577/577/576
f 514/514/576 546/546/576 577/577/576
f 546/546/577 547/547/577 578/578/577
f 547/547/577 579/579/577 578/578/577
f 547/547/578 548/548/578 579/579/578
f 548/548/578 580/580/578 579/579/578
f 548/548/579 549/549/579 580/580/579
f 549/549/579 581/581/579 580/580/579
f 549/549/580 550/550/580 581/581/580
f 550/550/580 582/582/580 581/581/580
f 550/550/581 551/551/581 582/582/581
f 551/551/581 583/583/581 582/582/581
f 551/551/582 552/552/582 583/583/582
f 552/552/582 584/584/582 583/583/582
f 552/552/583 553/553/583 584/584/583
f 553/553/583 585/585/583 584/584/583
f 553/553/584 554/554/584 585/585/584
f 554/554/584 586/586/584 585/585/584
f 554/554/585 555/555/585 586/586/585
f 555/555/585 587/587/585 586/586/585
f 555/555/586 556/556/586 587/587/586
f 556/556/586 588/588/586 587/587/586
f 556/556/587 557/557/587 588/588/587
f 557/557/587 589/589/587 588/588/587
f 557/557/588 558/558/588 589/589/588
f 558/558/588 590/590/588 589/589/588
f 558/558/589 559/559/589 590/590/589
f 559/559/589 591/591/589 590/590/589
f 559/559/590 560/560/590 591/591/590
f 560/560/590 592/592/590 591/591/590
f 560/560/591 561/561/591 592/592/591
f 561/561/591 593/593/591 592/592/591
f 561/561/592 562/562/592 593/593/592
f 562/562/592 594/594/592 593/593/592
f 562/562/593 563/563/593 594/594/593
f 563/563/593 595/595/593 594/594/593
f 563/563/594 564/564/594 595/595/594
f 564/564/594 596/596/594 595/595/594
f 564/564/595 565/565/595 596/596/595
f 565/565/595 597/597/595 596/596/595
f 565/565/596 566/566/596 597/597/596
f 566/566/596 598/598/596 597/597/596
f 566/566/597 567/567/597 598/598/597
f 567/567/597 599/599/597 598/598/597
f 567/567/598 568/568/598 599/599/598
f 568/568/598 600/600/598 599/599/598
f 568/568/599 569/569/599 600/600/599
f 569/569/599 601/601/599 600/600/599
f 569/569/600 570/570/600 601/601/600
f 570/570/600 602/602/600 601/601/600
f 570/570/601 571/571/601 602/602/601
f 571/571/601 603/603/601 602/602/601
f 571/571/602 572/572/602 603/603/602
f 572/572/602 604/604/602 603/603/602
f 572/572/603 573/573/603 604/604/603
f 573/573/603 605/605/603 604/604/603
f 573/573/604 574/574/604 605/605/604
f 574/574/604 606/606/604 605/605/604
f 574/574/605 575/575/605 606/606/605
f 575/575/605 607/607/605 606/606/605
f 575/575/606 576/576/606 607/607/606
f 576/576/606 608/608/606 607/607/606
f 576/576/607 577/577/607 608/608/607
f 577/577/607 609/609/607 608/608/607
f 577/577/608 546/546/608 609/609/608
f 546/546/608 578/578/608 609/609/608
f 578/578/609 579/579/609 610/610/609
f 579/579/609 611/611/609 610/610/609
f 579/579/610 580/580/610 611/611/610
f 580/580/610 612/612/610 611/611/610
f 580/580/611 581/581/611 612/612/611
f 581/581/611 613/613/611 612/612/611
f 581/581/612 582/582/612 613/613/612
f 582/582/612 614/614/612 613/613/612
f 582/582/613 583/583/613 614/614/613
f 583/583/613 615/615/613 614/614/613
f 583/583/614 584/584/614 615/615/614
f 584/584/614 616/616/614 615/615/614
f 584/584/615 585/585/615 616/616/615
f 585/585/615 617/617/615 616/616/615
f 585/585/616 586/586/616 617/617/616
f 586/586/616 618/618/616 617/617/616
f 586/586/617 587/587/617 618/618/617
f 587/587/617 619/619/617 618/618/617
f 587/587/618 588/588/618 619/619/618
f 588/588/618 620/620/618 619/619/618
f 588/588/619 589/589/619 620/620/619
f 589/589/619 621/621/619 620/620/619
f 589/589/620 590/590/620 621/621/620
f 590/590/620 622/622/620 621/621/620
f 590/590/621 591/591/621 622/622/621
f 591/591/621 623/623/621 622/622/621
f 591/591/622 592/592/622 623/623/622
f 592/592/622 624/624/622 623/623/622
f 592/592/623 593/593/623 624/624/623
f 593/593/623 625/625/623 624/624/623
f 593/593/624 594/594/624 625/625/624
f 594/594/624 626/626/624 625/625/624
f 594/594/625 595/595/625 626/626/625
f 595/595/625 627/627/625 626/626/625
f 595/595/626 596/596/626 627/627/626
f 596/596/626 628/628/626 627/627/626
f 596/596/627 597/597/627 628/628/627
f 597/597/627 629/629/627 628/628/627
f 597/597/628 598/598/628 629/629/628
f 598/598/628 630/630/628 629/629/628
f 598/598/629 599/599/629 630/630/629
f 599/599/629 631/631/629 630/630/629
f 599/599/630 600/600/630 631/631/630
f 600/600/630 632/632/630 631/631/630
f 600/600/631 601/601/631 632/632/631
f 601/601/631 633/633/631 632/632/631
f 601/601/632 602/602/632 633/633/632
f 602/602/632 634/634/632 633/633/632
f 602/602/633 603/603/633 634/634/633
f 603/603/633 635/635/633 634/634/633
f 603/603/634 604/604/634 635/635/634
f 604/604/634 636/636/634 635/635/634
f 604/604/635 605/605/635 636/636/635
f 605/605/635 637/637/635 636/636/635
f 605/605/636 606/606/636 637/637/636
f 606/606/636 638/638/636 637/637/636
f 606/606/637 607/607/637 638/638/637
f 607/607/637 639/639/637 638/638/637
f 607/607/638 608/608/638 639/639/638
f 608/608/638 640/640/638 639/639/638
f 608/608/639 609/609/639 640/640/639
f 609/609/639 641/641/639 640/640/639
f 609/609/640 578/578/640 641/641/640
f 578/578/640 610/610/640 641/641/640
f 610/610/641 611/611/641 642/642/641
f 611/611/641 643/643/641 642/642/641
f 611/611/642 612/612/642 643/643/642
f 612/612/642 644/644/642 643/643/642
f 612/612/643 613/613/643 644/644/643
f 613/613/643 645/645/643 644/644/643
f 613/613/644 614/614/644 645/645/644
f 614/614/644 646/646/644 645/645/644
f 614/614/645 615/615/645 646/646/645
f 615/615/645 647/647/645 646/646/645
f 615/615/646 616/616/646 647/647/646
f 616/616/646 648/648/646 647/647/646
f 616/616/647 617/617/647 648/648/647
f 617/617/647 649/649/647 648/648/647
f 617/617/648 618/618/648 649/649/648
f 618/618/648 650/650/648 649/649/648
f 618/618/649 619/619/649 650/650/649
f 619/619/649 651/651/649 650/650/649
f 619/619/650 620/620/650 651/651/650
f 620/620/650 652/652/650 651/651/650
f 620/620/651 621/621/651 652/652/651
f 621/621/651 653/653/651 652/652/651
f 621/621/652 622/622/652 653/653/652
f 622/622/652 654/654/652 653/653/652
f 622/622/653 623/623/653 654/654/653
f 623/623/653 655/655/653 654/654/653
f 623/623/654 624/624/654 655/655/654
f 624/624/654 656/656/654 655/655/654
f 624/624/655 625/625/655 656/656/655
f 625/625/655 657/657/655 656/656/655
f 625/625/656 626/626/656 657/657/656
f 626/626/656 658/658/656 657/657/656
f 626/626/657 627/627/657 658/658/657
f 627/627/657 659/659/657 658/658/657
f 627/627/658 628/628/658 659/659/658
f 628/628/658 660/660/658 659/659/658
f 628/628/659 629/629/659 660/660/659
f 629/629/659 661/661/659 660/660/659
f 629/629/660 630/630/660 661/661/660
f 630/630/660 662/662/660 661/661/660
f 630/630/661 631/631/661 662/662/661
f 631/631/661 663/663/661 662/662/661
f 631/631/662 632/632/662 663/663/662
f 632/632/662 664/664/662 663/663/662
f 632/632/663 633/633/663 664/664/663
f 633/633/663 665/665/663 664/664/663
f 633/633/664 634/634/664 665/665/664
f 634/634/664 666/666/664 665/665/664
f 634/634/665 635/635/665 666/666/665
f 635/635/665 667/667/665 666/666/665
f 635/635/666 636/636/666 667/667/666
f 636/636/666 668/668/666 667/667/666
f 636/636/667 637/637/667 668/668/667
f 637/637/667 669/669/667 668/668/667
f 637/637/668 638/638/668 669/669/668
f 638/638/668 670/670/668 669/669/668
f 638/638/669 639/639/669 670/670/669
f 639/639/669 671/671/669 670/670/669
f 639/639/670 640/640/670 671/671/670
f 640/640/670 672/672/670 671/671/670
f 640/640/671 641/641/671 672/672/671
f 641/641/671 673/673/671 672/672/671
f 641/641/672 610/610/672 673/673/672
f 610/610/672 642/642/672 673/673/672
f 642/642/673 643/643/673 674/674/673
f 643/643/673 675/675/673 674/674/673
f 643/643/674 644/644/674 675/675/674
f 644/644/674 676/676/674 675/675/674
f 644/644/675 645/645/675 676/676/675
f 645/645/675 677/677/675 676/676/675
f 645/645/676 646/646/676 677/677/676
f 646/646/676 678/678/676 677/677/676
f 646/646/677 647/647/677 678/678/677
f 647/647/677 679/679/677 678/678/677
f 647/647/678 648/648/678 679/679/678
f 648/648/678 680/680/678 679/679/678
f 648/648/679 649/649/679 680/680/679
f 649/649/679 681/681/679 680/680/679
f 649/649/680 650/650/680 681/681/680
f 650/650/680 682/682/680 681/681/680
f 650/650/681 651/651/681 682/682/681
f 651/651/681 683/683/681 682/682/681
f 651/651/682 652/652/682 683/683/682
f 652/652/682 684/684/682 683/683/682
f 652/652/683 653/653/683 684/684/683
f 653/653/683 685/685/683 684/684/683
f 653/653/684 654/654/684 685/685/684
f 654/654/684 686/686/684 685/685/684
f 654/654/685 655/655/685 686/686/685
f 655/655/685 687/687/685 686/686/685
f 655/655/686 656/656/686 687/687/686
f 656/656/686 688/688/686 687/687/686
f 656/656/687 657/657/687 688/688/687
f 657/657/687 689/689/687 688/688/687
f 657/657/688 658/658/688 689/689/688
f 658/658/688 690/690/688 689/689/688
f 658/658/689 659/659/689 690/690/689
f 659/659/689 691/691/689 690/690/689
f 659/659/690 660/660/690 691/691/690
f 660/660/690 692/692/690 691/691/690
f 660/660/691 661/661/691 692/692/691
f 661/661/691 693/693/691 692/692/691
f 661/661/692 662/662/692 693/693/692
f 662/662/692 694/694/692 693/693/692
f 662/662/693 663/663/693 694/694/693
f 663/663/693 695/695/693 694/694/693
f 663/663/694 664/664/694 695/695/694
f 664/664/694 696/696/694 695/695/694
f 664/664/695 665/665/695 696/696/695
f 665/665/695 697/697/695 696/696/695
f 665/665/696 666/666/696 697/697/696
f 666/666/696 698/698/696 697/697/696
f 666/666/697 667/667/697 698/698/697
f 667/667/697 699/699/697 698/698/697
f 667/667/698 668/668/698 699/699/698
f 668/668/698 700/700/698 699/699/698
f 668/668/699 669/669/699 700/700/699
f 669/669/699 701/701/699 700/700/699
f 669/669/700 670/670/700 701/701/700
f 670/670/700 702/702/700 701/701/700
f 670/670/701 671/671/701 702/702/701
f 671/671/701 703/703/701 702/702/701
f 671/671/702 672/672/702 703/703/702
f 672/672/702 704/704/702 703/703/702
f 672/672/703 673/673/703 704/704/703
f 673/673/703 705/705/703 704/704/703
f 673/673/704 642/642/704 705/705/704
f 642/642/704 674/674/704 705/705/704
f 674/674/705 675/675/705 706/706/705
f 675/675/705 707/707/705 706/706/705
f 675/675/706 676/676/706 707/707/706
f 676/676/706 708/708/706 707/707/706
f 676/676/707 677/677/707 708/708/707
f 677/677/707 709/709/707 708/708/707
f 677/677/708 678/678/708 709/709/708
f 678/678/708 710/710/708 709/709/708
f 678/678/709 679/679/709 710/710/709
f 679/679/709 711/711/709 710/710/709
f 679/679/710 680/680/710 711/711/710
f 680/680/710 712/712/710 711/711/710
f 680/680/711 681/681/711 712/712/711
f 681/681/711 713/713/711 712/712/711
f 681/681/712 682/682/712 713/713/712
f 682/682/712 714/714/712 713/713/712
f 682/682/713 683/683/713 714/714/713
f 683/683/713 715/715/713 714/714/713
f 683/683/714 684/684/714 715/715/714
f 684/684/714 716/716/714 715/715/714
f 684/684/715 685/685/715 716/716/715
f 685/685/715 717/717/715 716/716/715
f 685/685/716 686/686/716 717/717/716
f 686/686/716 718/718/716 717/717/716
f 686/686/717 687/687/717 718/718/717
f 687/687/717 719/719/717 718/718/717
f 687/687/718 688/688/718 719/719/718
f 688/688/718 720/720/718 719/719/718
f 688/688/719 689/689/719 720/720/719
f 689/689/719 721/721/719 720/720/719
f 689/689/720 690/690/720 721/721/720
f 690/690/720 722/722/720 721/721/720
f 690/690/721 691/691/721 722/722/721
f 691/691/721 723/723/721 722/722/721
f 691/691/722 692/692/722 723/723/722
f 692/692/722 724/724/722 723/723/722
f 692/692/723 693/693/723 724/724/723
f 693/693/723 725/725/723 724/724/723
f 693/693/724 694/694/724 725/725/724
f 694/694/724 726/726/724 725/725/724
f 694/694/725 695/695/725 726/726/725
f 695/695/725 727/727/725 726/726/725
f 695/695/726 696/696/726 727/727/726
f 696/696/726 728/728/726 727/727/726
f 696/696/727 697/697/727 728/728/727
f 697/697/727 729/729/727 728/728/727
f 697/697/728 698/698/728 729/729/728
f 698/698/728 730/730/728 729/729/728
f 698/698/729 699/699/729 730/730/729
f 699/699/729 731/731/729 730/730/729
f 699/699/730 700/700/730 731/731/730
f 700/700/730 732/732/730 731/731/730
f 700/700/731 701/701/731 732/732/731
f 701/701/731 733/733/731 732/732/731
f 701/701/732 702/702/732 733/733/732
f 702/702/732 734/734/732 733/733/732
f 702/702/733 703/703/733 734/734/733
f 703/703/733 735/735/733 734/734/733
f 703/703/734 704/704/734 735/735/734
f 704/704/734 736/736/734 735/735/734
f 704/704/735 705/705/735 736/736/735
f 705/705/735 737/737/735 736/736/735
f 705/705/736 674/674/736 737/737/736
f 674/674/736 706/706/736 737/737/736
f 706/706/737 707/707/737 738/738/737
f 707/707/737 739/739/737 738/738/737
f 707/707/738 708/708/738 739/739/738
f 708/708/738 740/740/738 739/739/738
f 708/708/739 709/709/739 740/740/739
f 709/709/739 741/741/739 740/740/739
f 709/709/740 710/710/740 741/741/740
f 710/710/740 742/742/740 741/741/740
f 710/710/741 711/711/741 742/742/741
f 711/711/741 743/743/741 742/742/741
f 711/711/742 712/712/742 743/743/742
f 712/712/742 744/744/742 743/743/742
f 712/712/743 713/713/743 744/744/743
f 713/713/743 745/745/743 744/744/743
f 713/713/744 714/714/744 745/745/744
f 714/714/744 746/746/744 745/745/744
f 714/714/745 715/715/745 746/746/745
f 715/715/745 747/747/745 746/746/745
f 715/715/746 716/716/746 747/747/746
f 716/716/746 748/748/746 747/747/746
f 716/716/747 717/717/747 748/748/747
f 717/717/747 749/749/747 748/748/747
f 717/717/748 718/718/748 749/749/748
f 718/718/748 750/750/748 749/749/748
f 718/718/749 719/719/749 750/750/749
f 719/719/749 751/751/749 750/750/749
f 719/719/750 720/720/750 751/751/750
f 720/720/750 752/752/750 751/751/750
f 720/720/751 721/721/751 752/752/751
f 721/721/751 753/753/751 752/752/751
f 721/721/752 722/722/752 753/753/752
f 722/722/752 754/754/752 753/753/752
f 722/722/753 723/723/753 754/754/753
f 723/723/753 755/755/753 754/754/753
f 723/723/754 724/724/754 755/755/754
f 724/724/754 756/756/754 755/755/754
f 724/724/755 725/725/755 756/756/755
f 725/725/755 757/757/755 756/756/755
f 725/725/756 726/726/756 757/757/756
f 726/726/756 758/758/756 757/757/756
f 726/726/757 727/727/757 758/758/757
f 727/727/757 759/759/757 758/758/757
f 727/727/758 728/728/758 759/759/758
f 728/728/758 760/760/758 759/759/758
f 728/728/759 729/729/759 760/760/759
f 729/729/759 761/761/759 760/760/759
f 729/729/760 730/730/760 761/761/760
f 730/730/760 762/762/760 761/761/760
f 730/730/761 731/731/761 762/762/761
f 731/731/761 763/763/761 762/762/761
f 731/731/762 732/732/762 763/763/762
f 732/732/762 764/764/762 763/763/762
f 732/732/763 733/733/763 764/764/763
f 733/733/763 765/765/763 764/764/763
f 733/733/764 734/734/764 765/765/764
f 734/734/764 766/766/764 765/765/764
f 734/734/765 735/735/765 766/766/765
f 735/735/765 767/767/765 766/766/765
f 735/735/766 736/736/766 767/767/766
f 736/736/766 768/768/766 767/767/766
f 736/736/767 737/737/767 768/768/767
f 737/737/767 769/769/767 768/768/767
f 737/737/768 706/706/768 769/769/768
f 706/706/768 738/738/768 769/769/768
f 738/738/769 739/739/769 770/770/769
f 739/739/769 771/771/769 770/770/769
f 739/739/770 740/740/770 771/771/770
f 740/740/770 772/772/770 771/771/770
f 740/740/771 741/741/771 772/772/771
f 741/741/771 773/773/771 772/772/771
f 741/741/772 742/742/772 773/773/772
f 742/742/772 774/774/772 773/773/772
f 742/742/773 743/743/773 774/774/773
f 743/743/773 775/775/773 774/774/773
f 743/743/774 744/744/774 775/775/774
f 744/744/774 776/776/774 775/775/774
f 744/744/775 745/745/775 776/776/775
f 745/745/775 777/777/775 776/776/775
f 745/745/776 746/746/776 777/777/776
f 746/746/776 778/778/776 777/777/776
f 746/746/777 747/747/777 778/778/777
f 747/747/777 779/779/777 778/778/777
f 747/747/778 748/748/778 779/779/778
f 748/748/778 780/780/778 779/779/778
f 748/748/779 749/749/779 780/780/779
f 749/749/779 781/781/779 780/780/779
f 749/749/780 750/750/780 781/781/780
f 750/750/780 782/782/780 781/781/780
f 750/750/781 751/751/781 782/782/781
f 751/751/781 783/783/781 782/782/781
f 751/751/782 752/752/782 783/783/782
f 752/752/782 784/784/782 783/783/782
f 752/752/783 753/753/783 784/784/783
f 753/753/783 785/785/783 784/784/783
f 753/753/784 754/754/784 785/785/784
f 754/754/784 786/786/784 785/785/784
f 754/754/785 755/755/785 786/786/785
f 755/755/785 787/787/785 786/786/785
f 755/755/786 756/756/786 787/787/786
f 756/756/786 788/788/786 787/787/786
f 756/756/787 757/757/787 788/788/787
f 757/757/787 789/789/787 788/788/787
f 757/757/788 758/758/788 789/789/788
f 758/758/788 790/790/788 789/789/788
f 758/758/789 759/759/789 790/790/789
f 759/759/789 791/791/789 790/790/789
f 759/759/790 760/760/790 791/791/790
f 760/760/790 792/792/790 791/791/790
f 760/760/791 761/761/791 792/792/791
f 761/761/791 793/793/791 792/792/791
f 761/761/792 762/762/792 793/793/792
f 762/762/792 794/794/792 793/793/792
f 762/762/793 763/763/793 794/794/793
f 763/763/793 795/795/793 794/794/793
f 763/763/794 764/764/794 795/795/794
f 764/764/794 796/796/794 795/795/794
f 764/764/795 765/765/795 796/796/795
f 765/765/795 797/797/795 796/796/795
f 765/765/796 766/766/796 797/797/796
f 766/766/796 798/798/796 797/797/796
f 766/766/797 767/767/797 798/798/797
f 767/767/797 799/799/797 798/798/797
f 767/767/798 768/768/798 799/799/798
f 768/768/798 800/800/798 799/799/798
f 768/768/799 769/769/799 800/800/799
f 769/769/799 801/801/799 800/800/799
f 769/769/800 738/738/800 801/801/800
f 738/738/800 770/770/800 801/801/800
f 770/770/801 771/771/801 802/802/801
f 771/771/801 803/803/801 802/802/801
f 771/771/802 772/772/802 803/803/802
f 772/772/802 804/804/802 803/803/802
f 772/772/803 773/773/803 804/804/803
f 773/773/803 805/805/803 804/804/803
f 773/773/804 774/774/804 805/805/804
f 774/774/804 806/806/804 805/805/804
f 774/774/805 775/775/805 806/806/805
f 775/775/805 807/807/805 806/806/805
f 775/775/806 776/776/806 807/807/806
f 776/776/806 808/808/806 807/807/806
f 776/776/807 777/777/807 808/808/807
f 777/777/807 809/809/807 808/808/807
f 777/777/808 778/778/808 809/809/808
f 778/778/808 810/810/808 809/809/808
f 778/778/809 779/779/809 810/810/809
f 779/779/809 811/811/809 810/810/809
f 779/779/810 780/780/810 811/811/810
f 780/780/810 812/812/810 811/811/810
f 780/780/811 781/781/811 812/812/811
f 781/781/811 813/813/811 812/812/811
f 781/781/812 782/782/812 813/813/812
f 782/782/812 814/814/812 813/813/812
f 782/782/813 783/783/813 814/814/813
f 783/783/813 815/815/813 814/814/813
f 783/783/814 784/784/814 815/815/814
f 784/784/814 816/816/814 815/815/814
f 784/784/815 785/785/815 816/816/815
f 785/785/815 817/817/815 816/816/815
f 785/785/816 786/786/816 817/817/816
f 786/786/816 818/818/816 817/817/816
f 786/786/817 787/787/817 818/818/817
f 787/787/817 819/819/817 818/818/817
f 787/787/818 788/788/818 819/819/818
f 788/788/818 820/820/818 819/819/818
f 788/788/819 789/789/819 820/820/819
f 789/789/819 821/821/819 820/820/819
f 789/789/820 790/790/820 821/821/820
f 790/790/820 822/822/820 821/821/820
f 790/790/821 791/791/821 822/822/821
f 791/791/821 823/823/821 822/822/821
f 791/791/822 792/792/822 823/823/822
f 792/792/822 824/824/822 823/823/822
f 792/792/823 793/793/823 824/824/823
f 793/793/823 825/825/823 824/824/823
f 793/793/824 794/794/824 825/825/824
f 794/794/824 826/826/824 825/825/824
f 794/794/825 795/795/825 826/826/825
f 795/795/825 827/827/825 826/826/825
f 795/795/826 796/796/826 827/827/826
f 796/796/826 828/828/826 827/827/826
f 796/796/827 797/797/827 828/828/827
f 797/797/827 829/829/827 828/828/827
f 797/797/828 798/798/828 829/829/828
f 798/798/828 830/830/828 829/829/828
f 798/798/829 799/799/829 830/830/829
f 799/799/829 831/831/829 830/830/829
f 799/799/830 800/800/830 831/831/830
f 800/800/830 832/832/830 831/831/830
f 800/800/831 801/801/831 832/832/831
f 801/801/831 833/833/831 832/832/831
f 801/801/832 770/770/832 833/833/832
f 770/770/832 802/802/832 833/833/832
f 802/802/833 803/803/833 834/834/833
f 803/803/833 835/835/833 834/834/833
f 803/803/834 804/804/834 835/835/834
f 804/804/834 836/836/834 835/835/834
f 804/804/835 805/805/835 836/836/835
f 805/805/835 837/837/835 836/836/835
f 805/805/836 806/806/836 837/837/836
f 806/806/836 838/838/836 837/837/836
f 806/806/837 807/807/837 838/838/837
f 807/807/837 839/839/837 838/838/837
f 807/807/838 808/808/838 839/839/838
f 808/808/838 840/840/838 839/839/838
f 808/808/839 809/809/839 840/840/839
f 809/809/839 841/841/839 840/840/839
f 809/809/840 810/810/840 841/841/840
f 810/810/840 842/842/840 841/841/840
f 810/810/841 811/811/841 842/842/841
f 811/811/841 843/843/841 842/842/841
f 811/811/842 812/812/842 843/843/842
f 812/812/842 844/844/842 843/843/842
f 812/812/843 813/813/843 844/844/843
f 813/813/843 845/845/843 844/844/843
f 813/813/844 814/814/844 845/845/844
f 814/814/844 846/846/844 845/845/844
f 814/814/845 815/815/845 846/846/845
f 815/815/845 847/847/845 846/846/845
f 815/815/846 816/816/846 847/847/846
f 816/816/846 848/848/846 847/847/846
f 816/816/847 817/817/847 848/848/847
f 817/817/847 849/849/847 848/848/847
f 817/817/848 818/818/848 849/849/848
f 818/818/848 850/850/848 849/849/848
f 818/818/849 819/819/849 850/850/849
f 819/819/849 851/851/849 850/850/849
f 819/819/850 820/820/850 851/851/850
f 820/820/850 852/852/850 851/851/850
f 820/820/851 821/821/851 852/852/851
f 821/821/851 853/853/851 852/852/851
f 821/821/852 822/822/852 853/853/852
f 822/822/852 854/854/852 853/853/852
f 822/822/853 823/823/853 854/854/853
f 823/823/853 855/855/853 854/854/853
f 823/823/854 824/824/854 855/855/854
f 824/824/854 856/856/854 855/855/854
f 824/824/855 825/825/855 856/856/855
f 825/825/855 857/857/855 856/856/855
f 825/825/856 826/826/856 857/857/856
f 826/826/856 858/858/856 857/857/856
f 826/826/857 827/827/857 858/858/857
f 827/827/857 859/859/857 858/858/857
f 827/827/858 828/828/858 859/859/858
f 828/828/858 860/860/858 859/859/858
f 828/828/859 829/829/859 860/860/859
f 829/829/859 861/861/859 860/860/859
f 829/829/860 830/830/860 861/861/860
f 830/830/860 862/862/860 861/861/860
f 830/830/861 831/831/861 862/862/861
f 831/831/861 863/863/861 862/862/861
f 831/831/862 832/832/862 863/863/862
f 832/832/862 864/864/862 863/863/862
f 832/832/863 833/833/863 864/864/863
f 833/833/863 865/865/863 864/864/863
f 833/833/864 802/802/864 865/865/864
f 802/802/864 834/834/864 865/865/864
f 834/834/865 835/835/865 866/866/865
f 835/835/865 867/867/865 866/866/865
f 835/835/866 836/836/866 867/867/866
f 836/836/866 868/868/866 867/867/866
f 836/836/867 837/837/867 868/868/867
f 837/837/867 869/869/867 868/868/867
f 837/837/868 838/838/868 869/869/868
f 838/838/868 870/870/868 869/869/868
f 838/838/869 839/839/869 870/870/869
f 839/839/869 871/871/869 870/870/869
f 839/839/870 840/840/870 871/871/870
f 840/840/870 872/872/870 871/871/870
f 840/840/871 841/841/871 872/872/871
f 841/841/871 873/873/871 872/872/871
f 841/841/872 842/842/872 873/873/872
f 842/842/872 874/874/872 873/873/872
f 842/842/873 843/843/873 874/874/873
f 843/843/873 875/875/873 874/874/873
f 843/843/874 844/844/874 875/875/874
f 844/844/874 876/876/874 875/875/874
f 844/844/875 845/845/875 876/876/875
f 845/845/875 877/877/875 876/876/875
f 845/845/876 846/846/876 877/877/876
f 846/846/876 878/878/876 877/877/876
f 846/846/877 847/847/877 878/878/877
f 847/847/877 879/879/877 878/878/877
f 847/847/878 848/848/878 879/879/878
f 848/848/878 880/880/878 879/879/878
f 848/848/879 849/849/879 880/880/879
f 849/849/879 881/881/879 880/880/879
f 849/849/880 850/850/880 881/881/880
f 850/850/880 882/882/880 881/881/880
f 850/850/881 851/851/881 882/882/881
f 851/851/881 883/883/881 882/882/881
f 851/851/882 852/852/882 883/883/882
f 852/852/882 884/884/882 883/883/882
f 852/852/883 853/853/883 884/884/883
f 853/853/883 885/885/883 884/884/883
f 853/853/884 854/854/884 885/885/884
f 854/854/884 886/886/884 885/885/884
f 854/854/885 855/855/885 886/886/885
f 855/855/885 887/887/885 886/886/885
f 855/855/886 856/856/886 887/887/886
f 856/856/886 888/888/886 887/887/886
f 856/856/887 857/857/887 888/888/887
f 857/857/887 889/889/887 888/888/887
f 857/857/888 858/858/888 889/889/888
f 858/858/888 890/890/888 889/889/888
f 858/858/889 859/859/889 890/890/889
f 859/859/889 891/891/889 890/890/889
f 859/859/890 860/860/890 891/891/890
f 860/860/890 892/892/890 891/891/890
f 860/860/891 861/861/891 892/892/891
f 861/861/891 893/893/891 892/892/891
f 861/861/892 862/862/892 893/893/892
f 862/862/892 894/894/892 893/893/892
f 862/862/893 863/863/893 894/894/893
f 863/863/893 895/895/893 894/894/893
f 863/863/894 864/864/894 895/895/894
f 864/864/894 896/896/894 895/895/894
f 864/864/895 865/865/895 896/896/895
f 865/865/895 897/897/895 896/896/895
f 865/865/896 834/834/896 897/897/896
f 834/834/896 866/866/896 897/897/896
f 866/866/897 867/867/897 898/898/897
f 867/867/897 899/899/897 898/898/897
f 867/867/898 868/868/898 899/899/898
f 868/868/898 900/900/898 899/899/898
f 868/868/899 869/869/899 900/900/899
f 869/869/899 901/901/899 900/900/899
f 869/869/900 870/870/900 901/901/900
f 870/870/900 902/902/900 901/901/900
f 870/870/901 871/871/901 902/902/901
f 871/871/901 903/903/901 902/902/901
f 871/871/902 872/872/902 903/903/902
f 872/872/902 904/904/902 903/903/902
f 872/872/903 873/873/903 904/904/903
f 873/873/903 905/905/903 904/904/903
f 873/873/904 874/874/904 905/905/904
f 874/874/904 906/906/904 905/905/904
f 874/874/905 875/875/905 906/906/905
f 875/875/905 907/907/905 906/906/905
f 875/875/906 876/876/906 907/907/906
f 876/876/906 908/908/906 907/907/906
f 876/876/907 877/877/907 908/908/907
f 877/877/907 909/909/907 908/908/907
f 877/877/908 878/878/908 909/909/908
f 878/878/908 910/910/908 909/909/908
f 878/878/909 879/879/909 910/910/909
f 879/879/909 911/911/909 910/910/909
f 879/879/910 880/880/910 911/911/910
f 880/880/910 912/912/910 911/911/910
f 880/880/911 881/881/911 912/912/911
f 881/881/911 913/913/911 912/912/911
f 881/881/912 882/882/912 913/913/912
f 882/882/912 914/914/912 913/913/912
f 882/882/913 883/883/913 914/914/913
f 883/883/913 915/915/913 914/914/913
f 883/883/914 884/884/914 915/915/914
f 884/884/914 916/916/914 915/915/914
f 884/884/915 885/885/915 916/916/915
f 885/885/915 917/917/915 916/916/915
f 885/885/916 886/886/916 917/917/916
f 886/886/916 918/918/916 917/917/916
f 886/886/917 887/887/917 918/918/917
f 887/887/917 919/919/917 918/918/917
f 887/887/918 888/888/918 919/919/918
f 888/888/918 920/920/918 919/919/918
f 888/888/919 889/889/919 920/920/919
f 889/889/919 921/921/919 920/920/919
f 889/889/920 890/890/920 921/921/920
f 890/890/920 922/922/920 921/921/920
f 890/890/921 891/891/921 922/922/921
f 891/891/921 923/923/921 922/922/921
f 891/891/922 892/892/922 923/923/922
f 892/892/922 924/924/922 923/923/922
f 892/892/923 893/893/923 924/924/923
f 893/893/923 925/925/923 924/924/923
f 893/893/924 894/894/924 925/925/924
f 894/894/924 926/926/924 925/925/924
f 894/894/925 895/895/925 926/926/925
f 895/895/925 927/927/925 926/926/925
f 895/895/926 896/896/926 927/927/926
f 896/896/926 928/928/926 927/927/926
f 896/896/927 897/897/927 928/928/927
f 897/897/927 929/929/927 928/928/927
f 897/897/928 866/866/928 929/929/928
f 866/866/928 898/898/928 929/929/928
f 898/898/929 899/899/929 930/930/929
f 899/899/929 931/931/929 930/930/929
f 899/899/930 900/900/930 931/931/930
f 900/900/930 932/932/930 931/931/930
f 900/900/931 901/901/931 932/932/931
f 901/901/931 933/933/931 932/932/931
f 901/901/932 902/902/932 933/933/932
f 902/902/932 934/934/932 933/933/932
f 902/902/933 903/903/933 934/934/933
f 903/903/933 935/935/933 934/934/933
f 903/903/934 904/904/934 935/935/934
f 904/904/934 936/936/934 935/935/934
f 904/904/935 905/905/935 936/936/935
f 905/905/935 937/937/935 936/936/935
f 905/905/936 906/906/936 937/937/936
f 906/906/936 938/938/936 937/937/936
f 906/906/937 907/907/937 938/938/937
f 907/907/937 939/939/937 938/938/937
f 907/907/938 908/908/938 939/939/938
f 908/908/938 940/940/938 939/939/938
f 908/908/939 909/909/939 940/940/939
f 909/909/939 941/941/939 940/940/939
f 909/909/940 910/910/940 941/941/940
f 910/910/940 942/942/940 941/941/940
f 910/910/941 911/911/941 942/942/941
f 911/911/941 943/943/941 942/942/941
f 911/911/942 912/912/942 943/943/942
f 912/912/942 944/944/942 943/943/942
f 912/912/943 913/913/943 944/944/943
f 913/913/943 945/945/943 944/944/943
f 913/913/944 914/914/944 945/945/944
f 914/914/944 946/946/944 945/945/944
f 914/914/945 915/915/945 946/946/945
f 915/915/945 947/947/945 946/946/945
f 915/915/946 916/916/946 947/947/946
f 916/916/946 948/948/946 947/947/946
f 916/916/947 917/917/947 948/948/947
f 917/917/947 949/949/947 948/948/947
f 917/917/948 918/918/948 949/949/948
f 918/918/948 950/950/948 949/949/948
f 918/918/949 919/919/949 950/950/949
f 919/919/949 951/951/949 950/950/949
f 919/919/950 920/920/950 951/951/950
f 920/920/950 952/952/950 951/951/950
f 920/920/951 921/921/951 952/952/951
f 921/921/951 953/953/951 952/952/951
f 921/921/952 922/922/952 953/953/952
f 922/922/952 954/954/952 953/953/952
f 922/922/953 923/923/953 954/954/953
f 923/923/953 955/955/953 954/954/953
f 923/923/954 924/924/954 955/955/954
f 924/924/954 956/956/954 955/955/954
f 924/924/955 925/925/955 956/956/955
f 925/925/955 957/957/955 956/956/955
f 925/925/956 926/926/956 957/957/956
f 926/926/956 958/958/956 957/957/956
f 926/926/957 927/927/957 958/958/957
f 927/927/957 959/959/957 958/958/957
f 927/927/958 928/928/958 959/959/958
f 928/928/958 960/960/958 959/959/958
f 928/928/959 929/929/959 960/960/959
f 929/929/959 961/961/959 960/960/959
f 929/929/960 898/898/960 961/961/960
f 898/898/960 930/930/960 961/961/960
f 930/930/961 931/931/961 962/962/961
f 931/931/961 963/963/961 962/962/961
f 931/931/962 932/932/962 963/963/962
f 932/932/962 964/964/962 963/963/962
f 932/932/963 933/933/963 964/964/963
f 933/933/963 965/965/963 964/964/963
f 933/933/964 934/934/964 965/965/964
f 934/934/964 966/966/964 965/965/964
f 934/934/965 935/935/965 966/966/965
f 935/935/965 967/967/965 966/966/965
f 935/935/966 936/936/966 967/967/966
f 936/936/966 968/968/966 967/967/966
f 936/936/967 937/937/967 968/968/967
f 937/937/967 969/969/967 968/968/967
f 937/937/968 938/938/968 969/969/968
f 938/938/968 970/970/968 969/969/968
f 938/938/969 939/939/969 970/970/969
f 939/939/969 971/971/969 970/970/969
f 939/939/970 940/940/970 971/971/970
f 940/940/970 972/972/970 971/971/970
f 940/940/971 941/941/971 972/972/971
f 941/941/971 973/973/971 972/972/971
f 941/941/972 942/942/972 973/973/972
f 942/942/972 974/974/972 973/973/972
f 942/942/973 943/943/973 974/974/973
f 943/943/973 975/975/973 974/974/973
f 943/943/974 944/944/974 975/975/974
f 944/944/974 976/976/974 975/975/974
f 944/944/975 945/945/975 976/976/975
f 945/945/975 977/977/975 976/976/975
f 945/945/976 946/946/976 977/977/976
f 946/946/976 978/978/976 977/977/976
f 946/946/977 947/947/977 978/978/977
f 947/947/977 979/979/977 978/978/977
f 947/947/978 948/948/978 979/979/978
f 948/948/978 980/980/978 979/979/978
f 948/948/979 949/949/979 980/980/979
f 949/949/979 981/981/979 980/980/979
f 949/949/980 950/950/980 981/981/980
f 950/950/980 982/982/980 981/981/980
f 950/950/981 951/951/981 982/982/981
f 951/951/981 983/983/981 982/982/981
f 951/951/982 952/952/982 983/983/982
f 952/952/982 984/984/982 983/983/982
f 952/952/983 953/953/983 984/984/983
f 953/953/983 985/985/983 984/984/983
f 953/953/984 954/954/984 985/985/984
f 954/954/984 986/986/984 985/985/984
f 954/954/985 955/955/985 986/986/985
f 955/955/985 987/987/985 986/986/985
f 955/955/986 956/956/986 987/987/986
f 956/956/986 988/988/986 987/987/986
f 956/956/987 957/957/987 988/988/987
f 957/957/987 989/989/987 988/988/987
f 957/957/988 958/958/988 989/989/988
f 958/958/988 990/990/988 989/989/988
f 958/958/989 959/959/989 990/990/989
f 959/959/989 991/991/989 990/990/989
f 959/959/990 960/960/990 991/991/990
f 960/960/990 992/992/990 991/991/990
f 960/960/991 961/961/991 992/992/991
f 961/961/991 993/993/991 992/992/991
f 961/961/992 930/930/992 993/993/992
f 930/930/992 962/962/992 993/993/992
f 994/994/993 962/962/993 963/963/993
f 994/994/994 963/963/994 964/964/994
f 994/994/995 964/964/995 965/965/995
f 994/994/996 965/965/996 966/966/996
f 994/994/997 966/966/997 967/967/997
f 994/994/998 967/967/998 968/968/998
f 994/994/999 968/968/999 969/969/999
f 994/994/1000 969/969/1000 970/970/1000
f 994/994/1001 970/970/1001 971/971/1001
f 994/994/1002 971/971/1002 972/972/1002
f 994/994/1003 972/972/1003 973/973/1003
f 994/994/1004 973/973/1004 974/974/1004
f 994/994/1005 974/974/1005 975/975/1005
f 994/994/1006 975/975/1006 976/976/1006
f 994/994/1007 976/976/1007 977/977/1007
f 994/994/1008 977/977/1008 978/978/1008
f 994/994/1009 978/978/1009 979/979/1009
f 994/994/1010 979/979/1010 980/980/1010
f 994/994/1011 980/980/1011 981/981/1011
f 994/994/1012 981/981/1012 982/982/1012
f 994/994/1013 982/982/1013 983/983/1013
f 994/994/1014 983/983/1014 984/984/1014
f 994/994/1015 984/984/1015 985/985/1015
f 994/994/1016 985/985/1016 986/986/1016
f 994/994/1017 986/986/1017 987/987/1017
f 994/994/1018 987/987/1018 988/988/1018
f 994/994/1019 988/988/1019 989/989/1019
f 994/994/1020 989/989/1020 990/990/1020
f 994/994/1021 990/990/1021 991/991/1021
f 994/994/1022 991/991/1022 992/992/1022
f 994/994/1023 992/992/1023 993/993/1023
f 994/994/1024 993/993/1024 962/962/1024